ArtistName,SourceId,ExpectedMbid,ExpectedUrl,ChosenMbid,ChosenUrl,Decision,DecisionReason,Correct,Confidence,Llr,Margin,ApiCalls,ElapsedMs,Error,AlbumArtist.CorroborationTier.Tier1.ViaPerformer,AlbumArtist.CorroborationTier.Tier2.ViaPerformer,Artist.CorroborationTier.Tier1.ViaPerformer,Artist.CorroborationTier.Tier2.ViaPerformer,Artist.CorroborationTier.Tier3.ViaPerformer,Composer.CorroborationTier.Tier1.ViaRelationship,Composer.CorroborationTier.Tier2.ViaRelationship,Composer.CorroborationTier.Tier3.ViaRelationship
40,dd547722f5254782a9e3fe5439dc4337,9759df23-f2a5-4887-8926-e62ef15d7e6c,https://musicbrainz.org/artist/9759df23-f2a5-4887-8926-e62ef15d7e6c,9759df23-f2a5-4887-8926-e62ef15d7e6c,https://musicbrainz.org/artist/9759df23-f2a5-4887-8926-e62ef15d7e6c,needs_review,forced_needs_review_candidate_fold,True,0.8581,1.8000,1.8000,22,1698,,0,0,0,0,0,0,1,0
A Fine Frenzy,e5976421a67c4f759aefa3040ccee5b9,ccd4426f-aef3-48e3-b04e-2e1de3d1f8d6,https://musicbrainz.org/artist/ccd4426f-aef3-48e3-b04e-2e1de3d1f8d6,ccd4426f-aef3-48e3-b04e-2e1de3d1f8d6,https://musicbrainz.org/artist/ccd4426f-aef3-48e3-b04e-2e1de3d1f8d6,needs_review,forced_needs_review_candidate_fold,True,0.9707,3.5000,3.5000,4,4442,,1,0,0,0,0,0,0,0
a-ha,a19dfa993d634525882cb1d45b004269,7364dea6-ca9a-48e3-be01-b44ad0d19897,https://musicbrainz.org/artist/7364dea6-ca9a-48e3-be01-b44ad0d19897,7364dea6-ca9a-48e3-be01-b44ad0d19897,https://musicbrainz.org/artist/7364dea6-ca9a-48e3-be01-b44ad0d19897,auto_accept,,True,0.9707,3.5000,3.5000,3,4433,,1,0,0,0,0,0,0,0
Aaron 'Pinetop' Sparks,bc5e7c417d724274aaac3b47ba8eb38f,,,e951b6de-f90b-4fdf-a422-894210eeefd2,https://musicbrainz.org/artist/e951b6de-f90b-4fdf-a422-894210eeefd2,needs_review,forced_needs_review_candidate_fold,,0.9707,3.5000,3.5000,4,444,,0,0,0,0,0,1,0,0
Aaron Copland,4e2f701129a843b0b6a2dd8da13e7757,aad3af83-5b59-4b86-a569-1a8409149b09,https://musicbrainz.org/artist/aad3af83-5b59-4b86-a569-1a8409149b09,aad3af83-5b59-4b86-a569-1a8409149b09,https://musicbrainz.org/artist/aad3af83-5b59-4b86-a569-1a8409149b09,needs_review,forced_needs_review_candidate_fold,True,0.9707,3.5000,3.5000,7,630,,0,0,0,0,0,1,0,0
ABBA,fa689eb9ad304e36a9c0cd374b311e2b,d87e52c5-bb8d-4da8-b941-9f4928627dc8,https://musicbrainz.org/artist/d87e52c5-bb8d-4da8-b941-9f4928627dc8,d87e52c5-bb8d-4da8-b941-9f4928627dc8,https://musicbrainz.org/artist/d87e52c5-bb8d-4da8-b941-9f4928627dc8,needs_review,forced_needs_review_candidate_fold,True,0.9707,3.5000,3.5000,4,3078,,1,0,0,0,0,0,0,0
ABC,a96089fb4a6e4603a7d34e6b69a5521e,87199477-b0df-4ead-84ee-9b54b4abfc3d,https://musicbrainz.org/artist/87199477-b0df-4ead-84ee-9b54b4abfc3d,87199477-b0df-4ead-84ee-9b54b4abfc3d,https://musicbrainz.org/artist/87199477-b0df-4ead-84ee-9b54b4abfc3d,needs_review,forced_needs_review_candidate_fold,True,0.9707,3.5000,3.5000,10,886,,1,0,0,0,0,0,0,0
Abi Harding,e28c299d47ef4b2d868f3a69c17d7f96,cb504bb1-ba87-44f8-8f57-928874ac602e,https://musicbrainz.org/artist/cb504bb1-ba87-44f8-8f57-928874ac602e,cb504bb1-ba87-44f8-8f57-928874ac602e,https://musicbrainz.org/artist/cb504bb1-ba87-44f8-8f57-928874ac602e,needs_review,forced_needs_review_candidate_fold,True,0.9707,3.5000,3.5000,4,351,,0,0,0,0,0,1,0,0
AC/DC,ff4235d85f0d487faeebe29ce23feb71,66c662b6-6e2f-4930-8610-912e24c63ed1,https://musicbrainz.org/artist/66c662b6-6e2f-4930-8610-912e24c63ed1,66c662b6-6e2f-4930-8610-912e24c63ed1,https://musicbrainz.org/artist/66c662b6-6e2f-4930-8610-912e24c63ed1,needs_review,forced_needs_review_candidate_fold,True,0.9707,3.5000,3.5000,3,439,,1,0,0,0,0,0,0,0
Ace of Base,4f65ef6d74564f85ab168913d099893f,d4a1404d-e00c-4bac-b3ba-e3557f6468d6,https://musicbrainz.org/artist/d4a1404d-e00c-4bac-b3ba-e3557f6468d6,d4a1404d-e00c-4bac-b3ba-e3557f6468d6,https://musicbrainz.org/artist/d4a1404d-e00c-4bac-b3ba-e3557f6468d6,needs_review,forced_needs_review_candidate_fold,True,0.9707,3.5000,3.5000,8,612,,0,0,1,0,0,0,0,0
Ad-Rock,c36f490527b8485daaa7d8ebb1b6cc5a,e3fd8e3d-df64-43cb-b68e-cf6d65315e4b,https://musicbrainz.org/artist/e3fd8e3d-df64-43cb-b68e-cf6d65315e4b,e3fd8e3d-df64-43cb-b68e-cf6d65315e4b,https://musicbrainz.org/artist/e3fd8e3d-df64-43cb-b68e-cf6d65315e4b,needs_review,forced_needs_review_candidate_fold,True,0.9707,3.5000,3.5000,5,525,,0,0,0,0,0,1,0,0
Adam Ficek,434c27ba25194fb98a94a7117b4711f1,8d1f22da-dd1c-4c17-9b3c-3ed9fcd2997c,https://musicbrainz.org/artist/8d1f22da-dd1c-4c17-9b3c-3ed9fcd2997c,8d1f22da-dd1c-4c17-9b3c-3ed9fcd2997c,https://musicbrainz.org/artist/8d1f22da-dd1c-4c17-9b3c-3ed9fcd2997c,needs_review,forced_needs_review_candidate_fold,True,0.9707,3.5000,3.5000,4,376,,0,0,0,0,0,1,0,0
Adam Levine,3079b24793d74d33bba0cd8cf3f18fba,a1421d73-1a21-484b-97ad-77c9a5676daf,https://musicbrainz.org/artist/a1421d73-1a21-484b-97ad-77c9a5676daf,a1421d73-1a21-484b-97ad-77c9a5676daf,https://musicbrainz.org/artist/a1421d73-1a21-484b-97ad-77c9a5676daf,needs_review,forced_needs_review_candidate_fold,True,0.9707,3.5000,3.5000,6,523,,0,0,1,0,0,0,0,0
Adam Yauch,84b328c43b09466084e5ccd7fbe840c6,0d3bf21a-5eec-443c-9a37-b305598b0840,https://musicbrainz.org/artist/0d3bf21a-5eec-443c-9a37-b305598b0840,0d3bf21a-5eec-443c-9a37-b305598b0840,https://musicbrainz.org/artist/0d3bf21a-5eec-443c-9a37-b305598b0840,needs_review,forced_needs_review_candidate_fold,True,0.9707,3.5000,3.5000,4,423,,0,0,0,0,0,1,0,0
Ade Omotayo,9a5f4f56571b4743bcbb219daa368109,399ae9ed-1817-41f7-bb8e-6f952f1ee935,https://musicbrainz.org/artist/399ae9ed-1817-41f7-bb8e-6f952f1ee935,399ae9ed-1817-41f7-bb8e-6f952f1ee935,https://musicbrainz.org/artist/399ae9ed-1817-41f7-bb8e-6f952f1ee935,needs_review,,True,0.5000,0.0000,0.0000,3,248,,0,0,0,0,0,0,0,0
Adele,099845281a9542b58972f4deac6af57e,cc2c9c3c-b7bc-4b8b-84d8-4fbd8779e493,https://musicbrainz.org/artist/cc2c9c3c-b7bc-4b8b-84d8-4fbd8779e493,cc2c9c3c-b7bc-4b8b-84d8-4fbd8779e493,https://musicbrainz.org/artist/cc2c9c3c-b7bc-4b8b-84d8-4fbd8779e493,needs_review,forced_needs_review_candidate_fold,True,0.9707,3.5000,3.5000,11,1009,,1,0,0,0,0,0,0,0
Aerosmith,cbbff1021b554643b1bcefc9afa531d2,3d2b98e5-556f-4451-a3ff-c50ea18d57cb,https://musicbrainz.org/artist/3d2b98e5-556f-4451-a3ff-c50ea18d57cb,3d2b98e5-556f-4451-a3ff-c50ea18d57cb,https://musicbrainz.org/artist/3d2b98e5-556f-4451-a3ff-c50ea18d57cb,needs_review,forced_needs_review_candidate_fold,True,0.9707,3.5000,3.5000,3,347,,1,0,0,0,0,0,0,0
Agnetha Fältskog,74d3a688f18649b885582578dc08189d,aebbb417-0d18-4fec-a2e2-ce9663d1fa7e,https://musicbrainz.org/artist/aebbb417-0d18-4fec-a2e2-ce9663d1fa7e,aebbb417-0d18-4fec-a2e2-ce9663d1fa7e,https://musicbrainz.org/artist/aebbb417-0d18-4fec-a2e2-ce9663d1fa7e,needs_review,forced_needs_review_candidate_fold,True,0.9707,3.5000,3.5000,3,261,,0,0,1,0,0,0,0,0
Air,fcb350b7edda41b3b672baba28223a34,cb67438a-7f50-4f2b-a6f1-2bb2729fd538,https://musicbrainz.org/artist/cb67438a-7f50-4f2b-a6f1-2bb2729fd538,cb67438a-7f50-4f2b-a6f1-2bb2729fd538,https://musicbrainz.org/artist/cb67438a-7f50-4f2b-a6f1-2bb2729fd538,needs_review,forced_needs_review_candidate_fold,True,0.9707,3.5000,3.5000,8,759,,1,0,0,0,0,0,0,0
Al Green,f1219b9b62ea49ecb29bce2ecffffdfe,fb7272ba-f130-4f0a-934d-6eeea4c18c9a,https://musicbrainz.org/artist/fb7272ba-f130-4f0a-934d-6eeea4c18c9a,fb7272ba-f130-4f0a-934d-6eeea4c18c9a,https://musicbrainz.org/artist/fb7272ba-f130-4f0a-934d-6eeea4c18c9a,needs_review,forced_needs_review_candidate_fold,True,0.9707,3.5000,3.5000,3,369,,1,0,0,0,0,0,0,0
"Al Jackson, Jr.",fc276059a724425b9f046962b0e95644,1a3be88e-ace6-47e2-b092-66f9314b7e35,https://musicbrainz.org/artist/1a3be88e-ace6-47e2-b092-66f9314b7e35,1a3be88e-ace6-47e2-b092-66f9314b7e35,https://musicbrainz.org/artist/1a3be88e-ace6-47e2-b092-66f9314b7e35,needs_review,forced_needs_review_candidate_fold,True,0.9707,3.5000,3.5000,4,484,,0,0,0,0,0,1,0,0
Al TNT Braggs,c02e90dba1ea4cef87dd2e465b928f4b,90e72a94-c768-43c4-81d5-141e48d71ef1,https://musicbrainz.org/artist/90e72a94-c768-43c4-81d5-141e48d71ef1,90e72a94-c768-43c4-81d5-141e48d71ef1,https://musicbrainz.org/artist/90e72a94-c768-43c4-81d5-141e48d71ef1,needs_review,forced_needs_review_candidate_fold,True,0.9707,3.5000,3.5000,4,542,,0,0,0,0,0,1,0,0
Alan Jackson,92c7e9712f3f4fd7ba7a14e71a1ea478,7291957b-c463-4275-a41c-a104c9e2337f,https://musicbrainz.org/artist/7291957b-c463-4275-a41c-a104c9e2337f,7291957b-c463-4275-a41c-a104c9e2337f,https://musicbrainz.org/artist/7291957b-c463-4275-a41c-a104c9e2337f,needs_review,forced_needs_review_candidate_fold,True,0.9707,3.5000,3.5000,9,563,,1,0,0,0,0,0,0,0
Alan Smyth,3ffbb10ee37a4c12a1b86bd648f3b16d,c288afcc-2a1c-4444-9a71-be1e91c231ca,https://musicbrainz.org/artist/c288afcc-2a1c-4444-9a71-be1e91c231ca,c288afcc-2a1c-4444-9a71-be1e91c231ca,https://musicbrainz.org/artist/c288afcc-2a1c-4444-9a71-be1e91c231ca,needs_review,forced_needs_review_candidate_fold,True,0.9707,3.5000,3.5000,6,571,,0,0,0,0,0,1,0,0
Alan Wass,cf02b3bc526f4131b7fb2309219ae325,6498b729-33f7-4ac8-9270-29f1dc0bbc99,https://musicbrainz.org/artist/6498b729-33f7-4ac8-9270-29f1dc0bbc99,6498b729-33f7-4ac8-9270-29f1dc0bbc99,https://musicbrainz.org/artist/6498b729-33f7-4ac8-9270-29f1dc0bbc99,needs_review,forced_needs_review_candidate_fold,True,0.9707,3.5000,3.5000,4,367,,0,0,0,0,0,1,0,0
Alanis Morissette,c61c7ff3198046ef892dac082c95f607,4bdcee62-4902-4773-8cd1-e252e2e31225,https://musicbrainz.org/artist/4bdcee62-4902-4773-8cd1-e252e2e31225,4bdcee62-4902-4773-8cd1-e252e2e31225,https://musicbrainz.org/artist/4bdcee62-4902-4773-8cd1-e252e2e31225,needs_review,forced_needs_review_candidate_fold,True,0.9707,3.5000,3.5000,3,226,,1,0,0,0,0,0,0,0
Alannah Myles,451c496aa3374e9cb121b7e6d1679f12,14156fcd-ba0f-45be-88c0-e10fb6acf4b2,https://musicbrainz.org/artist/14156fcd-ba0f-45be-88c0-e10fb6acf4b2,14156fcd-ba0f-45be-88c0-e10fb6acf4b2,https://musicbrainz.org/artist/14156fcd-ba0f-45be-88c0-e10fb6acf4b2,needs_review,forced_needs_review_candidate_fold,True,0.9707,3.5000,3.5000,3,242,,1,0,0,0,0,0,0,0
Albert Hammond,81bfad87179c4d5bbec466a4e0cb1372,364f3cef-442b-4182-ae78-4e7e79683c24,https://musicbrainz.org/artist/364f3cef-442b-4182-ae78-4e7e79683c24,364f3cef-442b-4182-ae78-4e7e79683c24,https://musicbrainz.org/artist/364f3cef-442b-4182-ae78-4e7e79683c24,needs_review,forced_needs_review_candidate_fold,True,0.8581,1.8000,1.8000,5,539,,0,0,0,1,0,0,0,0
Alcebíades Barcelos,ec14cdd0803046c9a1a55417adc5ec87,c78cbd90-6157-4b89-a2ff-05bbc0159e55,https://musicbrainz.org/artist/c78cbd90-6157-4b89-a2ff-05bbc0159e55,c78cbd90-6157-4b89-a2ff-05bbc0159e55,https://musicbrainz.org/artist/c78cbd90-6157-4b89-a2ff-05bbc0159e55,needs_review,forced_needs_review_candidate_fold,True,0.9707,3.5000,3.5000,4,339,,0,0,0,0,0,1,0,0
Alesha Dixon,6d71070a09d44bc8bc1383546120a1d8,b54a3b47-8f52-46fd-85f2-49165ea437b8,https://musicbrainz.org/artist/b54a3b47-8f52-46fd-85f2-49165ea437b8,b54a3b47-8f52-46fd-85f2-49165ea437b8,https://musicbrainz.org/artist/b54a3b47-8f52-46fd-85f2-49165ea437b8,needs_review,forced_needs_review_candidate_fold,True,0.9707,3.5000,3.5000,3,235,,1,0,0,0,0,0,0,0
Alessandro Baricco,47faf82716364546afb31dc4356bc8dd,7aa33b80-8241-42af-994d-001527771e02,https://musicbrainz.org/artist/7aa33b80-8241-42af-994d-001527771e02,7aa33b80-8241-42af-994d-001527771e02,https://musicbrainz.org/artist/7aa33b80-8241-42af-994d-001527771e02,needs_review,forced_needs_review_candidate_fold,True,0.9707,3.5000,3.5000,3,259,,1,0,0,0,0,0,0,0
Alex Chilton,9850eb9072694700bf2b8d4becb806c9,18b2f43a-fc98-4aab-b69c-eaaba41fecbc,https://musicbrainz.org/artist/18b2f43a-fc98-4aab-b69c-eaaba41fecbc,18b2f43a-fc98-4aab-b69c-eaaba41fecbc,https://musicbrainz.org/artist/18b2f43a-fc98-4aab-b69c-eaaba41fecbc,needs_review,forced_needs_review_candidate_fold,True,0.9707,3.5000,3.5000,5,460,,0,0,0,0,0,1,0,0
Alex Gopher,bebf582e56ce449e8d4d5b7ec09b5f74,ee1a6d4a-b1ff-46a8-acf2-af575424bda5,https://musicbrainz.org/artist/ee1a6d4a-b1ff-46a8-acf2-af575424bda5,ee1a6d4a-b1ff-46a8-acf2-af575424bda5,https://musicbrainz.org/artist/ee1a6d4a-b1ff-46a8-acf2-af575424bda5,needs_review,forced_needs_review_candidate_fold,True,0.9707,3.5000,3.5000,4,388,,0,0,1,0,0,0,0,0
Alex Lifeson,29ce2c42a9484b25aeef3fb52540b509,3ccd2160-2d09-4835-8782-0aa68faa278e,https://musicbrainz.org/artist/3ccd2160-2d09-4835-8782-0aa68faa278e,3ccd2160-2d09-4835-8782-0aa68faa278e,https://musicbrainz.org/artist/3ccd2160-2d09-4835-8782-0aa68faa278e,needs_review,forced_needs_review_candidate_fold,True,0.8581,1.8000,1.8000,4,294,,0,0,0,1,0,0,0,0
Alex Turner,72202d64e18840228161051876c76e13,ee953029-6de8-4c50-8d0f-215a1e4e8dd6,https://musicbrainz.org/artist/ee953029-6de8-4c50-8d0f-215a1e4e8dd6,ee953029-6de8-4c50-8d0f-215a1e4e8dd6,https://musicbrainz.org/artist/ee953029-6de8-4c50-8d0f-215a1e4e8dd6,needs_review,forced_needs_review_candidate_fold,True,0.9707,3.5000,3.5000,4,306,,0,0,1,0,0,0,0,0
Alex Van Halen,3ff277a08b5e4c4baf31406dae1d8220,e90678bc-3c05-477a-b171-dd349f320d55,https://musicbrainz.org/artist/e90678bc-3c05-477a-b171-dd349f320d55,e90678bc-3c05-477a-b171-dd349f320d55,https://musicbrainz.org/artist/e90678bc-3c05-477a-b171-dd349f320d55,needs_review,forced_needs_review_candidate_fold,True,0.9707,3.5000,3.5000,6,563,,0,0,0,0,0,1,0,0
Alexander Skip Spence,ae666d05e2614dfe9ab679a1aaeabe29,6be5b77c-654f-40f1-9c7b-1b9b143ab437,https://musicbrainz.org/artist/6be5b77c-654f-40f1-9c7b-1b9b143ab437,6be5b77c-654f-40f1-9c7b-1b9b143ab437,https://musicbrainz.org/artist/6be5b77c-654f-40f1-9c7b-1b9b143ab437,needs_review,forced_needs_review_candidate_fold,True,0.9707,3.5000,3.5000,4,403,,0,0,0,0,0,1,0,0
Alexi Murdoch,8655d774c68240cd94def4fce7f803cb,750e9439-2e5d-4afd-92cc-d23183cd7606,https://musicbrainz.org/artist/750e9439-2e5d-4afd-92cc-d23183cd7606,750e9439-2e5d-4afd-92cc-d23183cd7606,https://musicbrainz.org/artist/750e9439-2e5d-4afd-92cc-d23183cd7606,needs_review,forced_needs_review_candidate_fold,True,0.9707,3.5000,3.5000,3,207,,1,0,0,0,0,0,0,0
Alf Helge Lund,cbb9ffb26795436683894e092560d799,72ef86ed-07aa-47f6-bb42-a121843d4e56,https://musicbrainz.org/artist/72ef86ed-07aa-47f6-bb42-a121843d4e56,72ef86ed-07aa-47f6-bb42-a121843d4e56,https://musicbrainz.org/artist/72ef86ed-07aa-47f6-bb42-a121843d4e56,needs_review,forced_needs_review_candidate_fold,True,0.9707,3.5000,3.5000,4,411,,0,0,0,0,0,1,0,0
Alice Cooper,3160afd3b4034ca5b7274c6079a3caf9,ee58c59f-8e7f-4430-b8ca-236c4d3745ae,https://musicbrainz.org/artist/ee58c59f-8e7f-4430-b8ca-236c4d3745ae,ee58c59f-8e7f-4430-b8ca-236c4d3745ae,https://musicbrainz.org/artist/ee58c59f-8e7f-4430-b8ca-236c4d3745ae,needs_review,forced_needs_review_candidate_fold,True,0.9707,3.5000,3.5000,4,423,,1,0,0,0,0,0,0,0
Alice Cooper,d98b1442baf74207b5c47c636b3013c4,4d7928cd-7ed2-4282-8c29-c0c9f966f1bd,https://musicbrainz.org/artist/4d7928cd-7ed2-4282-8c29-c0c9f966f1bd,4d7928cd-7ed2-4282-8c29-c0c9f966f1bd,https://musicbrainz.org/artist/4d7928cd-7ed2-4282-8c29-c0c9f966f1bd,needs_review,,True,1.0000,10.5000,0.0000,6,1117,,2,0,4,0,0,0,0,0
Alice in Chains,6bced7e83a064d1e96b1825374d5c0e6,4bd95eea-b9f6-4d70-a36c-cfea77431553,https://musicbrainz.org/artist/4bd95eea-b9f6-4d70-a36c-cfea77431553,4bd95eea-b9f6-4d70-a36c-cfea77431553,https://musicbrainz.org/artist/4bd95eea-b9f6-4d70-a36c-cfea77431553,needs_review,forced_needs_review_candidate_fold,True,0.9707,3.5000,3.5000,3,280,,1,0,0,0,0,0,0,0
Alicia Keys,f88997d6591e498eb234548401e1400c,8ef1df30-ae4f-4dbd-9351-1a32b208a01e,https://musicbrainz.org/artist/8ef1df30-ae4f-4dbd-9351-1a32b208a01e,8ef1df30-ae4f-4dbd-9351-1a32b208a01e,https://musicbrainz.org/artist/8ef1df30-ae4f-4dbd-9351-1a32b208a01e,needs_review,forced_needs_review_candidate_fold,True,0.9707,3.5000,3.5000,5,490,,1,0,0,0,0,0,0,0
Alison Brown,7dfaa5bde82742da856ebbe81d11b353,8cc6e698-a567-4429-924d-8e05362d56db,https://musicbrainz.org/artist/8cc6e698-a567-4429-924d-8e05362d56db,8cc6e698-a567-4429-924d-8e05362d56db,https://musicbrainz.org/artist/8cc6e698-a567-4429-924d-8e05362d56db,needs_review,forced_needs_review_candidate_fold,True,0.9707,3.5000,3.5000,6,515,,0,0,0,0,0,1,0,0
Alison Krauss,24547e8fba694cbd8240330c2de58a4e,6b064ead-91a4-4ac8-8076-b1febe4f4aac,https://musicbrainz.org/artist/6b064ead-91a4-4ac8-8076-b1febe4f4aac,6b064ead-91a4-4ac8-8076-b1febe4f4aac,https://musicbrainz.org/artist/6b064ead-91a4-4ac8-8076-b1febe4f4aac,needs_review,forced_needs_review_candidate_fold,True,0.9707,3.5000,3.5000,4,475,,1,0,0,0,0,0,0,0
Alison Krauss & Union Station,a81594d73a7e48a5a34c589d0f5421ea,b91c664b-5eee-4536-8b70-b1f2be519ac0,https://musicbrainz.org/artist/b91c664b-5eee-4536-8b70-b1f2be519ac0,b91c664b-5eee-4536-8b70-b1f2be519ac0,https://musicbrainz.org/artist/b91c664b-5eee-4536-8b70-b1f2be519ac0,needs_review,forced_needs_review_candidate_fold,True,0.9707,3.5000,3.5000,3,285,,1,0,0,0,0,0,0,0
Alison Moyet,10bebad1d0f04691bde7a0ea3fb18159,79feb79b-8f0d-4306-b30a-e28bd88c9323,https://musicbrainz.org/artist/79feb79b-8f0d-4306-b30a-e28bd88c9323,79feb79b-8f0d-4306-b30a-e28bd88c9323,https://musicbrainz.org/artist/79feb79b-8f0d-4306-b30a-e28bd88c9323,needs_review,forced_needs_review_candidate_fold,True,0.9707,3.5000,3.5000,3,262,,1,0,0,0,0,0,0,0
Alison Sudol,c5d8b4634d3f40c28c79b8ba7e6bc415,cd99eaa7-e789-4866-b379-7f715be58138,https://musicbrainz.org/artist/cd99eaa7-e789-4866-b379-7f715be58138,cd99eaa7-e789-4866-b379-7f715be58138,https://musicbrainz.org/artist/cd99eaa7-e789-4866-b379-7f715be58138,needs_review,forced_needs_review_candidate_fold,True,0.9707,3.5000,3.5000,5,4578,,0,0,0,0,0,1,0,0
Allan Roberts,e3e45cd527fa40338deed68370b1890e,a8efdf9f-a527-4e53-b2c1-7d5516aa393c,https://musicbrainz.org/artist/a8efdf9f-a527-4e53-b2c1-7d5516aa393c,a8efdf9f-a527-4e53-b2c1-7d5516aa393c,https://musicbrainz.org/artist/a8efdf9f-a527-4e53-b2c1-7d5516aa393c,needs_review,forced_needs_review_candidate_fold,True,0.9707,3.5000,3.5000,4,400,,0,0,0,0,0,1,0,0
Allen Reynolds,08ea9c0d350343e9be6f46108696b742,a4b06b2c-7b13-49c7-bfc6-73aa69e55e95,https://musicbrainz.org/artist/a4b06b2c-7b13-49c7-bfc6-73aa69e55e95,a4b06b2c-7b13-49c7-bfc6-73aa69e55e95,https://musicbrainz.org/artist/a4b06b2c-7b13-49c7-bfc6-73aa69e55e95,needs_review,forced_needs_review_candidate_fold,True,0.9707,3.5000,3.5000,4,299,,0,0,0,0,0,1,0,0
Allison Tucker,4242ca445e18455a95c2a23f4b6ac6a6,44917988-3286-44b1-ba11-483bf7ccf2c1,https://musicbrainz.org/artist/44917988-3286-44b1-ba11-483bf7ccf2c1,44917988-3286-44b1-ba11-483bf7ccf2c1,https://musicbrainz.org/artist/44917988-3286-44b1-ba11-483bf7ccf2c1,needs_review,forced_needs_review_candidate_fold,True,0.9707,3.5000,3.5000,3,228,,0,0,1,0,0,0,0,0
Allyson Taylor,ba8e051a76ef47f381085e95dbc25897,214c6831-4293-4270-9e67-7d2cdb1b8996,https://musicbrainz.org/artist/214c6831-4293-4270-9e67-7d2cdb1b8996,214c6831-4293-4270-9e67-7d2cdb1b8996,https://musicbrainz.org/artist/214c6831-4293-4270-9e67-7d2cdb1b8996,needs_review,forced_needs_review_candidate_fold,True,0.9707,3.5000,3.5000,4,297,,0,0,0,0,0,1,0,0
Amy Foster,7b0a982d060342969ecc992e04791f83,d5471601-3d73-4b46-9358-b432248468db,https://musicbrainz.org/artist/d5471601-3d73-4b46-9358-b432248468db,d5471601-3d73-4b46-9358-b432248468db,https://musicbrainz.org/artist/d5471601-3d73-4b46-9358-b432248468db,needs_review,forced_needs_review_candidate_fold,True,0.9707,3.5000,3.5000,5,558,,0,0,0,0,0,1,0,0
Amy Winehouse,917308c967d341499b0eeb486112da9a,dfe9a7c4-8cf2-47f4-9dcb-d233c2b86ec3,https://musicbrainz.org/artist/dfe9a7c4-8cf2-47f4-9dcb-d233c2b86ec3,dfe9a7c4-8cf2-47f4-9dcb-d233c2b86ec3,https://musicbrainz.org/artist/dfe9a7c4-8cf2-47f4-9dcb-d233c2b86ec3,needs_review,forced_needs_review_candidate_fold,True,0.9707,3.5000,3.5000,8,600,,1,0,0,0,0,0,0,0
Anders Øland,6e00ffa07a024d419201d3f58cd6ea75,fa7c2638-de24-47a1-8011-27d69f72e0be,https://musicbrainz.org/artist/fa7c2638-de24-47a1-8011-27d69f72e0be,fa7c2638-de24-47a1-8011-27d69f72e0be,https://musicbrainz.org/artist/fa7c2638-de24-47a1-8011-27d69f72e0be,needs_review,forced_needs_review_candidate_fold,True,0.9707,3.5000,3.5000,4,463,,0,0,0,0,0,1,0,0
Andre Harris,1ef7855692a6418ea7a255177fb047fe,860c7e56-d706-4222-98ca-1e4eb655ccf7,https://musicbrainz.org/artist/860c7e56-d706-4222-98ca-1e4eb655ccf7,54ef9762-1281-4fb3-aa26-36b6874fb617,https://musicbrainz.org/artist/54ef9762-1281-4fb3-aa26-36b6874fb617,needs_review,forced_needs_review_candidate_fold,False,0.9707,3.5000,3.5000,7,600,,0,0,0,0,0,1,0,0
Andre Hotbox,076c3c8b6d33486cbae444ac3f2d4ec6,a2adcdfd-e4ae-477c-b816-1861510c88e6,https://musicbrainz.org/artist/a2adcdfd-e4ae-477c-b816-1861510c88e6,a2adcdfd-e4ae-477c-b816-1861510c88e6,https://musicbrainz.org/artist/a2adcdfd-e4ae-477c-b816-1861510c88e6,needs_review,forced_needs_review_candidate_fold,True,0.9707,3.5000,3.5000,9,607,,0,0,0,0,0,1,0,0
Andrea Bocelli,4818fa6e1978484aa4ec88adb5a0a5fe,c5a0a216-c33c-42dc-92b8-4b60236f8dad,https://musicbrainz.org/artist/c5a0a216-c33c-42dc-92b8-4b60236f8dad,c5a0a216-c33c-42dc-92b8-4b60236f8dad,https://musicbrainz.org/artist/c5a0a216-c33c-42dc-92b8-4b60236f8dad,needs_review,forced_needs_review_candidate_fold,True,0.8581,1.8000,1.8000,4,355,,0,1,0,0,0,0,0,0
Andy Caine,be6bcd382a49453eb569749540b0b7ae,b1dd377f-8aa6-4b3e-acc3-15d45d4b436e,https://musicbrainz.org/artist/b1dd377f-8aa6-4b3e-acc3-15d45d4b436e,b1dd377f-8aa6-4b3e-acc3-15d45d4b436e,https://musicbrainz.org/artist/b1dd377f-8aa6-4b3e-acc3-15d45d4b436e,needs_review,forced_needs_review_candidate_fold,True,0.9707,3.5000,3.5000,4,308,,0,0,0,0,0,1,0,0
Andy Creeggan,995f43eb510244f1b77e173d6ebe6ee9,7dea58b5-e271-4ef3-bd09-7f6949e51e94,https://musicbrainz.org/artist/7dea58b5-e271-4ef3-bd09-7f6949e51e94,7dea58b5-e271-4ef3-bd09-7f6949e51e94,https://musicbrainz.org/artist/7dea58b5-e271-4ef3-bd09-7f6949e51e94,needs_review,forced_needs_review_candidate_fold,True,0.9707,3.5000,3.5000,4,348,,0,0,0,0,0,1,0,0
Andy Goldmark,e059134ecc6f476983504dc1a55f9c3c,586c9f1d-7647-4962-8ab4-f3e2f1393e12,https://musicbrainz.org/artist/586c9f1d-7647-4962-8ab4-f3e2f1393e12,586c9f1d-7647-4962-8ab4-f3e2f1393e12,https://musicbrainz.org/artist/586c9f1d-7647-4962-8ab4-f3e2f1393e12,needs_review,forced_needs_review_candidate_fold,True,0.9707,3.5000,3.5000,4,444,,0,0,0,0,0,1,0,0
Andy Nicholson,00d3e157bb6d422cac7c31ac37c5a0fd,d9a51c90-1315-41f7-932f-ed084449e3ed,https://musicbrainz.org/artist/d9a51c90-1315-41f7-932f-ed084449e3ed,d9a51c90-1315-41f7-932f-ed084449e3ed,https://musicbrainz.org/artist/d9a51c90-1315-41f7-932f-ed084449e3ed,needs_review,forced_needs_review_candidate_fold,True,0.9707,3.5000,3.5000,4,381,,0,0,0,0,0,1,0,0
Andy Page,c871418fe86649a497f4577ee145bc5f,3d9c79db-87a6-4805-9047-f558b13167a3,https://musicbrainz.org/artist/3d9c79db-87a6-4805-9047-f558b13167a3,3d9c79db-87a6-4805-9047-f558b13167a3,https://musicbrainz.org/artist/3d9c79db-87a6-4805-9047-f558b13167a3,needs_review,forced_needs_review_candidate_fold,True,0.9707,3.5000,3.5000,8,668,,0,0,0,0,0,1,0,0
Andy Stroud,210d3d5368764e64abee0719fda49cb7,91bce1dd-a175-4167-b2cf-2270649fb40b,https://musicbrainz.org/artist/91bce1dd-a175-4167-b2cf-2270649fb40b,91bce1dd-a175-4167-b2cf-2270649fb40b,https://musicbrainz.org/artist/91bce1dd-a175-4167-b2cf-2270649fb40b,needs_review,forced_needs_review_candidate_fold,True,0.9707,3.5000,3.5000,4,402,,0,0,0,0,0,1,0,0
Angela Hunte,31aaa13af4ed493996b1af637cb3edd7,67f92219-2c02-49f7-8b99-afab1754438e,https://musicbrainz.org/artist/67f92219-2c02-49f7-8b99-afab1754438e,67f92219-2c02-49f7-8b99-afab1754438e,https://musicbrainz.org/artist/67f92219-2c02-49f7-8b99-afab1754438e,needs_review,forced_needs_review_candidate_fold,True,0.9707,3.5000,3.5000,6,605,,0,0,0,0,0,1,0,0
Angelita Li,82bbe4da57be4abab11b2f56b31cda71,be7cef66-562e-49f4-976a-0193a6dd60ab,https://musicbrainz.org/artist/be7cef66-562e-49f4-976a-0193a6dd60ab,be7cef66-562e-49f4-976a-0193a6dd60ab,https://musicbrainz.org/artist/be7cef66-562e-49f4-976a-0193a6dd60ab,needs_review,forced_needs_review_candidate_fold,True,0.9707,3.5000,3.5000,3,249,,0,0,1,0,0,0,0,0
Angus & Julia Stone,d14adedcde254c5e91292178e415278c,69837400-8e31-4949-aac2-00b46b4df126,https://musicbrainz.org/artist/69837400-8e31-4949-aac2-00b46b4df126,69837400-8e31-4949-aac2-00b46b4df126,https://musicbrainz.org/artist/69837400-8e31-4949-aac2-00b46b4df126,needs_review,forced_needs_review_candidate_fold,True,0.9707,3.5000,3.5000,3,266,,1,0,0,0,0,0,0,0
Angus Stone,054d93d536584fb1a0c5297386f52e94,1e0fb8da-b871-490c-91fd-6b24ede4fdb5,https://musicbrainz.org/artist/1e0fb8da-b871-490c-91fd-6b24ede4fdb5,1e0fb8da-b871-490c-91fd-6b24ede4fdb5,https://musicbrainz.org/artist/1e0fb8da-b871-490c-91fd-6b24ede4fdb5,needs_review,forced_needs_review_candidate_fold,True,0.9707,3.5000,3.5000,4,391,,0,0,0,0,0,1,0,0
Angus Young,15b3c3f073014d68a6253c40ce0cdf02,a0a54c69-b0d2-4d2a-bcf8-994b8846b0d8,https://musicbrainz.org/artist/a0a54c69-b0d2-4d2a-bcf8-994b8846b0d8,a0a54c69-b0d2-4d2a-bcf8-994b8846b0d8,https://musicbrainz.org/artist/a0a54c69-b0d2-4d2a-bcf8-994b8846b0d8,needs_review,forced_needs_review_candidate_fold,True,0.9707,3.5000,3.5000,7,766,,0,0,0,0,0,1,0,0
Anne Dudley,4e235557676b4cd2972f3dc147e58fdb,0b0bd0c0-3723-4715-87d7-9d57f0eb240f,https://musicbrainz.org/artist/0b0bd0c0-3723-4715-87d7-9d57f0eb240f,0b0bd0c0-3723-4715-87d7-9d57f0eb240f,https://musicbrainz.org/artist/0b0bd0c0-3723-4715-87d7-9d57f0eb240f,needs_review,forced_needs_review_candidate_fold,True,0.9820,4.0000,4.0000,9,859,,0,0,0,0,0,1,0,1
Annerieke Kaldeway,7a56aca29d2c4ef088e2ed9d650b42b4,1b95e311-9e3a-4a62-90da-eca58f7d5547,https://musicbrainz.org/artist/1b95e311-9e3a-4a62-90da-eca58f7d5547,1b95e311-9e3a-4a62-90da-eca58f7d5547,https://musicbrainz.org/artist/1b95e311-9e3a-4a62-90da-eca58f7d5547,needs_review,forced_needs_review_candidate_fold,True,0.9707,3.5000,3.5000,3,233,,0,0,1,0,0,0,0,0
Annie Lennox,7112ba7906ce47e19bb301c898652c2f,3e30aebd-0557-4cfd-8fb9-3945afa5d72b,https://musicbrainz.org/artist/3e30aebd-0557-4cfd-8fb9-3945afa5d72b,3e30aebd-0557-4cfd-8fb9-3945afa5d72b,https://musicbrainz.org/artist/3e30aebd-0557-4cfd-8fb9-3945afa5d72b,needs_review,forced_needs_review_candidate_fold,True,0.9707,3.5000,3.5000,9,623,,0,0,1,0,0,0,0,0
Anohni,074ca6755809444daa98767665388069,91b67275-db2c-4fc2-b51f-82978aeb5c41,https://musicbrainz.org/artist/91b67275-db2c-4fc2-b51f-82978aeb5c41,91b67275-db2c-4fc2-b51f-82978aeb5c41,https://musicbrainz.org/artist/91b67275-db2c-4fc2-b51f-82978aeb5c41,needs_review,forced_needs_review_candidate_fold,True,0.9707,3.5000,3.5000,4,379,,1,0,0,0,0,0,0,0
Anthony Wilson,283a12880bfa4bb69252ba0e6120ac74,72fd34ae-ef00-4710-8a4f-0c34e857a237,https://musicbrainz.org/artist/72fd34ae-ef00-4710-8a4f-0c34e857a237,72fd34ae-ef00-4710-8a4f-0c34e857a237,https://musicbrainz.org/artist/72fd34ae-ef00-4710-8a4f-0c34e857a237,needs_review,forced_needs_review_candidate_fold,True,0.9707,3.5000,3.5000,10,904,,0,0,1,0,0,0,0,0
Antonio de Almeida,949b22e1e40e4b8382e5e494ec9b3195,c0a9d6b7-a173-4d07-9f33-07b7ddd5d726,https://musicbrainz.org/artist/c0a9d6b7-a173-4d07-9f33-07b7ddd5d726,c0a9d6b7-a173-4d07-9f33-07b7ddd5d726,https://musicbrainz.org/artist/c0a9d6b7-a173-4d07-9f33-07b7ddd5d726,needs_review,forced_needs_review_candidate_fold,True,0.9707,3.5000,3.5000,8,760,,0,0,0,0,0,1,0,0
Antonio Vivaldi,6aca49051bf04c70a1ad8e126e9d2f65,ad79836d-9849-44df-8789-180bbc823f3c,https://musicbrainz.org/artist/ad79836d-9849-44df-8789-180bbc823f3c,ad79836d-9849-44df-8789-180bbc823f3c,https://musicbrainz.org/artist/ad79836d-9849-44df-8789-180bbc823f3c,needs_review,,True,0.6225,0.5000,0.5000,14,824,,0,0,0,0,1,0,0,0
Antony and the Johnsons,99257c982256495aa9d7e80167c63338,90cc2464-234e-4da0-b39b-576f36e633bc,https://musicbrainz.org/artist/90cc2464-234e-4da0-b39b-576f36e633bc,90cc2464-234e-4da0-b39b-576f36e633bc,https://musicbrainz.org/artist/90cc2464-234e-4da0-b39b-576f36e633bc,needs_review,forced_needs_review_candidate_fold,True,0.9707,3.5000,3.5000,3,220,,1,0,0,0,0,0,0,0
Antonín Dvořák,9491fbca1a6a4799925aafaa6d0cfbb7,819eaeb2-8dd8-48a5-ad07-0bcd137985ef,https://musicbrainz.org/artist/819eaeb2-8dd8-48a5-ad07-0bcd137985ef,819eaeb2-8dd8-48a5-ad07-0bcd137985ef,https://musicbrainz.org/artist/819eaeb2-8dd8-48a5-ad07-0bcd137985ef,needs_review,forced_needs_review_candidate_fold,True,0.8581,1.8000,1.8000,11,737,,0,0,0,1,0,0,0,0
Antônio Carlos Jobim,dbbc9fe2570f4800beb2adb1cec594ec,7a8dbe84-f4c0-4457-bfa3-edced1f8cde0,https://musicbrainz.org/artist/7a8dbe84-f4c0-4457-bfa3-edced1f8cde0,7a8dbe84-f4c0-4457-bfa3-edced1f8cde0,https://musicbrainz.org/artist/7a8dbe84-f4c0-4457-bfa3-edced1f8cde0,needs_review,forced_needs_review_candidate_fold,True,0.9707,3.5000,3.5000,4,393,,0,0,0,0,0,1,0,0
Aqua,908db5eb1b4641bcbbcedf06e1067433,a1ed5e33-22ff-4e7d-a457-42f4309e135f,https://musicbrainz.org/artist/a1ed5e33-22ff-4e7d-a457-42f4309e135f,a1ed5e33-22ff-4e7d-a457-42f4309e135f,https://musicbrainz.org/artist/a1ed5e33-22ff-4e7d-a457-42f4309e135f,needs_review,forced_needs_review_candidate_fold,True,0.9707,3.5000,3.5000,17,1676,,0,0,1,0,0,0,0,0
Arcade Fire,463e54a8d1cd4d04ba94b10f1cbd07fd,52074ba6-e495-4ef3-9bb4-0703888a9f68,https://musicbrainz.org/artist/52074ba6-e495-4ef3-9bb4-0703888a9f68,52074ba6-e495-4ef3-9bb4-0703888a9f68,https://musicbrainz.org/artist/52074ba6-e495-4ef3-9bb4-0703888a9f68,needs_review,forced_needs_review_candidate_fold,True,0.9707,3.5000,3.5000,3,294,,1,0,0,0,0,0,0,0
Arctic Monkeys,c1f1f95a296c495b9dd530f6ed6eea3a,ada7a83c-e3e1-40f1-93f9-3e73dbc9298a,https://musicbrainz.org/artist/ada7a83c-e3e1-40f1-93f9-3e73dbc9298a,ada7a83c-e3e1-40f1-93f9-3e73dbc9298a,https://musicbrainz.org/artist/ada7a83c-e3e1-40f1-93f9-3e73dbc9298a,needs_review,forced_needs_review_candidate_fold,True,0.9707,3.5000,3.5000,3,251,,1,0,0,0,0,0,0,0
Aretha Franklin,1a8cc5419ab641ef8b2e6bddda9d80d3,2f9ecbed-27be-40e6-abca-6de49d50299e,https://musicbrainz.org/artist/2f9ecbed-27be-40e6-abca-6de49d50299e,2f9ecbed-27be-40e6-abca-6de49d50299e,https://musicbrainz.org/artist/2f9ecbed-27be-40e6-abca-6de49d50299e,needs_review,forced_needs_review_candidate_fold,True,0.8581,1.8000,1.8000,4,354,,0,1,0,0,0,0,0,0
Arion Ensemble,1edcce50d4234e8c8d611abe85f2c845,21cb8af7-b8f7-41c5-a6db-0f9ef690fad5,https://musicbrainz.org/artist/21cb8af7-b8f7-41c5-a6db-0f9ef690fad5,21cb8af7-b8f7-41c5-a6db-0f9ef690fad5,https://musicbrainz.org/artist/21cb8af7-b8f7-41c5-a6db-0f9ef690fad5,needs_review,forced_needs_review_candidate_fold,True,0.9707,3.5000,3.5000,4,458,,0,0,1,0,0,0,0,0
Art Pepper,dc957246e4b944799cffc071e687564a,266b9126-4a40-4b9b-b21e-422d72e64254,https://musicbrainz.org/artist/266b9126-4a40-4b9b-b21e-422d72e64254,266b9126-4a40-4b9b-b21e-422d72e64254,https://musicbrainz.org/artist/266b9126-4a40-4b9b-b21e-422d72e64254,needs_review,forced_needs_review_candidate_fold,True,0.9707,3.5000,3.5000,3,252,,1,0,0,0,0,0,0,0
Ash,3004d12a3d614dd59b125de34404c607,99164692-c02d-407c-81c9-25d338dd21f4,https://musicbrainz.org/artist/99164692-c02d-407c-81c9-25d338dd21f4,99164692-c02d-407c-81c9-25d338dd21f4,https://musicbrainz.org/artist/99164692-c02d-407c-81c9-25d338dd21f4,needs_review,forced_needs_review_candidate_fold,True,0.8581,1.8000,1.8000,27,2543,,0,1,0,0,0,0,0,0
Astor Campbell,b59ddb5efabc4406a8349937409ac6ac,463f3886-379b-4e3b-9549-6d5762e0df8b,https://musicbrainz.org/artist/463f3886-379b-4e3b-9549-6d5762e0df8b,463f3886-379b-4e3b-9549-6d5762e0df8b,https://musicbrainz.org/artist/463f3886-379b-4e3b-9549-6d5762e0df8b,needs_review,forced_needs_review_candidate_fold,True,0.9707,3.5000,3.5000,4,368,,0,0,0,0,0,1,0,0
Astor Piazzolla,35873d9347ec45b59d85d26df1d2e2b0,e280268a-a5ab-4bb0-be4d-ec470ca59131,https://musicbrainz.org/artist/e280268a-a5ab-4bb0-be4d-ec470ca59131,e280268a-a5ab-4bb0-be4d-ec470ca59131,https://musicbrainz.org/artist/e280268a-a5ab-4bb0-be4d-ec470ca59131,needs_review,forced_needs_review_candidate_fold,True,0.9707,3.5000,3.5000,8,719,,0,0,0,0,0,1,0,0
Astrud Gilberto,f6a61ce16d954bd98344b062eb074d12,8d08cabf-03a3-4f38-a815-8197a0984f19,https://musicbrainz.org/artist/8d08cabf-03a3-4f38-a815-8197a0984f19,8d08cabf-03a3-4f38-a815-8197a0984f19,https://musicbrainz.org/artist/8d08cabf-03a3-4f38-a815-8197a0984f19,needs_review,forced_needs_review_candidate_fold,True,0.9707,3.5000,3.5000,3,261,,1,0,0,0,0,0,0,0
Athlete,b7940e5a79044d46985f1b90809137ec,906cbb69-b793-463a-832d-b5bf850f01a2,https://musicbrainz.org/artist/906cbb69-b793-463a-832d-b5bf850f01a2,906cbb69-b793-463a-832d-b5bf850f01a2,https://musicbrainz.org/artist/906cbb69-b793-463a-832d-b5bf850f01a2,needs_review,forced_needs_review_candidate_fold,True,0.9707,3.5000,3.5000,4,340,,1,0,0,0,0,0,0,0
Aubrey Drake Graham,036794494277450fa436fb2db822978e,9fff2f8a-21e6-47de-a2b8-7f449929d43f,https://musicbrainz.org/artist/9fff2f8a-21e6-47de-a2b8-7f449929d43f,9fff2f8a-21e6-47de-a2b8-7f449929d43f,https://musicbrainz.org/artist/9fff2f8a-21e6-47de-a2b8-7f449929d43f,needs_review,forced_needs_review_candidate_fold,True,0.9707,3.5000,3.5000,9,642,,0,0,0,0,0,1,0,0
Aubrey Holt,52626f5fffa149fca7e79c5f3a1e46ac,f52cef61-52f9-4c36-a7b2-1e18d5e3b601,https://musicbrainz.org/artist/f52cef61-52f9-4c36-a7b2-1e18d5e3b601,f52cef61-52f9-4c36-a7b2-1e18d5e3b601,https://musicbrainz.org/artist/f52cef61-52f9-4c36-a7b2-1e18d5e3b601,needs_review,forced_needs_review_candidate_fold,True,0.9707,3.5000,3.5000,4,335,,0,0,0,0,0,1,0,0
AURORA,5b9605a405814df6b4e0de77b110ba0e,484a4e90-6899-4e4b-a948-a2255d365340,https://musicbrainz.org/artist/484a4e90-6899-4e4b-a948-a2255d365340,484a4e90-6899-4e4b-a948-a2255d365340,https://musicbrainz.org/artist/484a4e90-6899-4e4b-a948-a2255d365340,needs_review,forced_needs_review_candidate_fold,True,0.9707,3.5000,3.5000,11,1088,,1,0,0,0,0,0,0,0
Autry Inman,4674c5bbc7a84413ae0bf56a2fb57cb4,ebf28e48-1176-456c-80ec-e96c292ea077,https://musicbrainz.org/artist/ebf28e48-1176-456c-80ec-e96c292ea077,ebf28e48-1176-456c-80ec-e96c292ea077,https://musicbrainz.org/artist/ebf28e48-1176-456c-80ec-e96c292ea077,needs_review,forced_needs_review_candidate_fold,True,0.9707,3.5000,3.5000,4,373,,0,0,0,0,0,1,0,0
Avril Lavigne,359630e4e6c14de2bac613c6a28bc5b8,0103c1cc-4a09-4a5d-a344-56ad99a77193,https://musicbrainz.org/artist/0103c1cc-4a09-4a5d-a344-56ad99a77193,0103c1cc-4a09-4a5d-a344-56ad99a77193,https://musicbrainz.org/artist/0103c1cc-4a09-4a5d-a344-56ad99a77193,needs_review,forced_needs_review_candidate_fold,True,0.9707,3.5000,3.5000,3,239,,1,0,0,0,0,0,0,0
Axel Stordahl,696abde9c6544da88115f0b4ea1f6b7d,ef2841a0-448d-4691-9f10-2527a8fa7931,https://musicbrainz.org/artist/ef2841a0-448d-4691-9f10-2527a8fa7931,ef2841a0-448d-4691-9f10-2527a8fa7931,https://musicbrainz.org/artist/ef2841a0-448d-4691-9f10-2527a8fa7931,needs_review,forced_needs_review_candidate_fold,True,0.9707,3.5000,3.5000,5,409,,0,0,0,0,0,1,0,0
Axl Rose,ef274cd93f81419f8b2e82702f01c1a4,db4da9ba-c52b-4df9-876f-7c6db3582256,https://musicbrainz.org/artist/db4da9ba-c52b-4df9-876f-7c6db3582256,db4da9ba-c52b-4df9-876f-7c6db3582256,https://musicbrainz.org/artist/db4da9ba-c52b-4df9-876f-7c6db3582256,needs_review,forced_needs_review_candidate_fold,True,0.9707,3.5000,3.5000,3,242,,0,0,1,0,0,0,0,0
Aztec Camera,76adc934ced647198a99d3ae22a9e621,53578264-7436-437b-87a0-3b034a3661f0,https://musicbrainz.org/artist/53578264-7436-437b-87a0-3b034a3661f0,53578264-7436-437b-87a0-3b034a3661f0,https://musicbrainz.org/artist/53578264-7436-437b-87a0-3b034a3661f0,needs_review,forced_needs_review_candidate_fold,True,0.9707,3.5000,3.5000,4,362,,1,0,0,0,0,0,0,0
B.B. King,555101a4bcd64c3aaee39be414331d80,dcb03ce3-67a5-4eb3-b2d1-2a12d93a38f3,https://musicbrainz.org/artist/dcb03ce3-67a5-4eb3-b2d1-2a12d93a38f3,dcb03ce3-67a5-4eb3-b2d1-2a12d93a38f3,https://musicbrainz.org/artist/dcb03ce3-67a5-4eb3-b2d1-2a12d93a38f3,needs_review,forced_needs_review_candidate_fold,True,0.9707,3.5000,3.5000,4,333,,0,0,1,0,0,0,0,0
Babyshambles,5bd742243197460cad174345a357e1be,8e1e03fe-ebbc-467a-b541-857144db10fb,https://musicbrainz.org/artist/8e1e03fe-ebbc-467a-b541-857144db10fb,8e1e03fe-ebbc-467a-b541-857144db10fb,https://musicbrainz.org/artist/8e1e03fe-ebbc-467a-b541-857144db10fb,needs_review,forced_needs_review_candidate_fold,True,0.9707,3.5000,3.5000,3,253,,1,0,0,0,0,0,0,0
Baden Powell,5ef25e6e17384c769a3eb36bde82f840,ba617653-44e4-404f-91cd-f74adce5687d,https://musicbrainz.org/artist/ba617653-44e4-404f-91cd-f74adce5687d,ba617653-44e4-404f-91cd-f74adce5687d,https://musicbrainz.org/artist/ba617653-44e4-404f-91cd-f74adce5687d,needs_review,forced_needs_review_candidate_fold,True,0.9707,3.5000,3.5000,4,379,,0,0,0,0,0,1,0,0
Badfinger,5da2c49567b64bf0ab6a37b0c441f35a,44632683-c340-44de-a65d-328212559f91,https://musicbrainz.org/artist/44632683-c340-44de-a65d-328212559f91,44632683-c340-44de-a65d-328212559f91,https://musicbrainz.org/artist/44632683-c340-44de-a65d-328212559f91,needs_review,forced_needs_review_candidate_fold,True,0.9707,3.5000,3.5000,3,232,,1,0,0,0,0,0,0,0
Badly Drawn Boy,3db2a8ebe8764c3db945d8f76a500bf2,0881daf1-20df-4a3e-a84f-6476a84bb172,https://musicbrainz.org/artist/0881daf1-20df-4a3e-a84f-6476a84bb172,0881daf1-20df-4a3e-a84f-6476a84bb172,https://musicbrainz.org/artist/0881daf1-20df-4a3e-a84f-6476a84bb172,needs_review,forced_needs_review_candidate_fold,True,0.9707,3.5000,3.5000,3,190,,1,0,0,0,0,0,0,0
Bahamas,f22a53c47b5741a1894748a4dba7a3b6,294d06f7-fd1f-4cbe-a433-bb9cd6ac937b,https://musicbrainz.org/artist/294d06f7-fd1f-4cbe-a433-bb9cd6ac937b,294d06f7-fd1f-4cbe-a433-bb9cd6ac937b,https://musicbrainz.org/artist/294d06f7-fd1f-4cbe-a433-bb9cd6ac937b,needs_review,forced_needs_review_candidate_fold,True,0.9707,3.5000,3.5000,10,789,,1,0,0,0,0,0,0,0
Bananarama,e489dccc9f2141498c8b0ce208dca9fd,84d06499-0643-46b8-9e1f-45f743a53f5e,https://musicbrainz.org/artist/84d06499-0643-46b8-9e1f-45f743a53f5e,84d06499-0643-46b8-9e1f-45f743a53f5e,https://musicbrainz.org/artist/84d06499-0643-46b8-9e1f-45f743a53f5e,needs_review,forced_needs_review_candidate_fold,True,0.9707,3.5000,3.5000,3,297,,1,0,0,0,0,0,0,0
Barb Jungr,731b2a94e0a94b3c9cafa67d806c9008,54730ac7-7d23-4841-afb3-4d3d6eba52dd,https://musicbrainz.org/artist/54730ac7-7d23-4841-afb3-4d3d6eba52dd,54730ac7-7d23-4841-afb3-4d3d6eba52dd,https://musicbrainz.org/artist/54730ac7-7d23-4841-afb3-4d3d6eba52dd,needs_review,forced_needs_review_candidate_fold,True,0.9707,3.5000,3.5000,3,219,,1,0,0,0,0,0,0,0
Barbarella Bishop,40833b1738254936ab9e72ad1ad3c764,c225f864-ad58-448c-b494-85e50fc11b7f,https://musicbrainz.org/artist/c225f864-ad58-448c-b494-85e50fc11b7f,c225f864-ad58-448c-b494-85e50fc11b7f,https://musicbrainz.org/artist/c225f864-ad58-448c-b494-85e50fc11b7f,needs_review,forced_needs_review_candidate_fold,True,0.9707,3.5000,3.5000,4,342,,0,0,0,0,0,1,0,0
Barbra Streisand,c747ecc3cc1248a095c5d83eee422a77,56cd15a1-0d74-438b-8244-c96ffe1cae03,https://musicbrainz.org/artist/56cd15a1-0d74-438b-8244-c96ffe1cae03,56cd15a1-0d74-438b-8244-c96ffe1cae03,https://musicbrainz.org/artist/56cd15a1-0d74-438b-8244-c96ffe1cae03,needs_review,forced_needs_review_candidate_fold,True,0.9707,3.5000,3.5000,3,233,,0,0,1,0,0,0,0,0
Barenaked Ladies,3d6b6dab8bf24b178d653e2c55c60fdb,86e736b4-93e2-40ff-9e1c-fb7c63fef5f6,https://musicbrainz.org/artist/86e736b4-93e2-40ff-9e1c-fb7c63fef5f6,86e736b4-93e2-40ff-9e1c-fb7c63fef5f6,https://musicbrainz.org/artist/86e736b4-93e2-40ff-9e1c-fb7c63fef5f6,needs_review,forced_needs_review_candidate_fold,True,0.9707,3.5000,3.5000,3,273,,1,0,0,0,0,0,0,0
Barrett Strong,24f5f1ea5bdb4cbfbea987dc1a6775f9,31ee774b-6248-48d5-a8b5-0d9bebeaba9d,https://musicbrainz.org/artist/31ee774b-6248-48d5-a8b5-0d9bebeaba9d,31ee774b-6248-48d5-a8b5-0d9bebeaba9d,https://musicbrainz.org/artist/31ee774b-6248-48d5-a8b5-0d9bebeaba9d,needs_review,forced_needs_review_candidate_fold,True,0.8581,1.8000,1.8000,4,629,,0,0,0,1,0,0,0,0
Barry Gibb,597e249e9ab04b74add0f203f7a78194,b02e4ca5-312a-4d2e-b087-30db9d5ec579,https://musicbrainz.org/artist/b02e4ca5-312a-4d2e-b087-30db9d5ec579,b02e4ca5-312a-4d2e-b087-30db9d5ec579,https://musicbrainz.org/artist/b02e4ca5-312a-4d2e-b087-30db9d5ec579,needs_review,forced_needs_review_candidate_fold,True,0.9707,3.5000,3.5000,4,404,,0,0,1,0,0,0,0,0
Barry Manilow,eebb13c094194cf7b52fec50db1fe3e9,7bb60591-46f3-4147-b692-1814a87e832e,https://musicbrainz.org/artist/7bb60591-46f3-4147-b692-1814a87e832e,7bb60591-46f3-4147-b692-1814a87e832e,https://musicbrainz.org/artist/7bb60591-46f3-4147-b692-1814a87e832e,needs_review,forced_needs_review_candidate_fold,True,0.9707,3.5000,3.5000,3,407,,1,0,0,0,0,0,0,0
Barry White,5dde8d39af044834a888068f71d10465,b904d624-9e05-4398-8f4f-88fbcf022f79,https://musicbrainz.org/artist/b904d624-9e05-4398-8f4f-88fbcf022f79,b904d624-9e05-4398-8f4f-88fbcf022f79,https://musicbrainz.org/artist/b904d624-9e05-4398-8f4f-88fbcf022f79,needs_review,forced_needs_review_candidate_fold,True,0.9707,3.5000,3.5000,7,745,,1,0,0,0,0,0,0,0
Bart Howard,f4bc133029db4e2ea967c5bb27a8c4e9,1febab34-36bb-499c-a370-10080d3079f2,https://musicbrainz.org/artist/1febab34-36bb-499c-a370-10080d3079f2,1febab34-36bb-499c-a370-10080d3079f2,https://musicbrainz.org/artist/1febab34-36bb-499c-a370-10080d3079f2,needs_review,forced_needs_review_candidate_fold,True,0.9707,3.5000,3.5000,9,752,,0,0,0,0,0,1,0,0
Basia Bulat,e543c0930a9d4e4f9b204d91bf23bfef,0b483ac2-aaf0-466b-a5f7-daa8b9c4de20,https://musicbrainz.org/artist/0b483ac2-aaf0-466b-a5f7-daa8b9c4de20,0b483ac2-aaf0-466b-a5f7-daa8b9c4de20,https://musicbrainz.org/artist/0b483ac2-aaf0-466b-a5f7-daa8b9c4de20,needs_review,forced_needs_review_candidate_fold,True,0.9707,3.5000,3.5000,3,254,,1,0,0,0,0,0,0,0
Beastie Boys,e3dc183fdc384ce7a8409a6756e8dbcf,9beb62b2-88db-4cea-801e-162cd344ee53,https://musicbrainz.org/artist/9beb62b2-88db-4cea-801e-162cd344ee53,9beb62b2-88db-4cea-801e-162cd344ee53,https://musicbrainz.org/artist/9beb62b2-88db-4cea-801e-162cd344ee53,needs_review,forced_needs_review_candidate_fold,True,0.9707,3.5000,3.5000,3,288,,1,0,0,0,0,0,0,0
Beck,ea644dc45c154b6799ef55eda66b599e,309c62ba-7a22-4277-9f67-4a162526d18a,https://musicbrainz.org/artist/309c62ba-7a22-4277-9f67-4a162526d18a,309c62ba-7a22-4277-9f67-4a162526d18a,https://musicbrainz.org/artist/309c62ba-7a22-4277-9f67-4a162526d18a,needs_review,forced_needs_review_candidate_fold,True,0.9707,3.5000,3.5000,11,911,,1,0,0,0,0,0,0,0
Beck Hansen,791ec42375a1432290ea6ac78d8b7692,,,309c62ba-7a22-4277-9f67-4a162526d18a,https://musicbrainz.org/artist/309c62ba-7a22-4277-9f67-4a162526d18a,needs_review,forced_needs_review_candidate_fold,,0.9707,3.5000,3.5000,4,392,,0,0,0,0,0,1,0,0
Bee Gees,e54eb91be2c2450e826854ed62c4b2b3,bf0f7e29-dfe1-416c-b5c6-f9ebc19ea810,https://musicbrainz.org/artist/bf0f7e29-dfe1-416c-b5c6-f9ebc19ea810,bf0f7e29-dfe1-416c-b5c6-f9ebc19ea810,https://musicbrainz.org/artist/bf0f7e29-dfe1-416c-b5c6-f9ebc19ea810,needs_review,forced_needs_review_candidate_fold,True,0.9707,3.5000,3.5000,3,302,,1,0,0,0,0,0,0,0
Beets Brothers,049c424f1e38455fa57aae4e24b3971e,d54d00b4-4391-45b0-8791-bb4296ec2323,https://musicbrainz.org/artist/d54d00b4-4391-45b0-8791-bb4296ec2323,d54d00b4-4391-45b0-8791-bb4296ec2323,https://musicbrainz.org/artist/d54d00b4-4391-45b0-8791-bb4296ec2323,needs_review,forced_needs_review_candidate_fold,True,0.9707,3.5000,3.5000,4,288,,0,0,1,0,0,0,0,0
Belinda Carlisle,89a7f889f17d42d0be9aa4744b4c5eea,2925aac9-5474-4030-b8a3-4151107010b2,https://musicbrainz.org/artist/2925aac9-5474-4030-b8a3-4151107010b2,2925aac9-5474-4030-b8a3-4151107010b2,https://musicbrainz.org/artist/2925aac9-5474-4030-b8a3-4151107010b2,needs_review,forced_needs_review_candidate_fold,True,0.9707,3.5000,3.5000,3,349,,1,0,0,0,0,0,0,0
Belle and Sebastian,27a0a45d54854568b9b31079bad64054,e5c7b94f-e264-473c-bb0f-37c85d4d5c70,https://musicbrainz.org/artist/e5c7b94f-e264-473c-bb0f-37c85d4d5c70,e5c7b94f-e264-473c-bb0f-37c85d4d5c70,https://musicbrainz.org/artist/e5c7b94f-e264-473c-bb0f-37c85d4d5c70,needs_review,forced_needs_review_candidate_fold,True,0.9707,3.5000,3.5000,3,254,,1,0,0,0,0,0,0,0
Ben Moody,60cbf5d0868348048a2fbcde03c6b163,0d00b498-512d-4a4d-9234-a4d710f37e6d,https://musicbrainz.org/artist/0d00b498-512d-4a4d-9234-a4d710f37e6d,0d00b498-512d-4a4d-9234-a4d710f37e6d,https://musicbrainz.org/artist/0d00b498-512d-4a4d-9234-a4d710f37e6d,needs_review,forced_needs_review_candidate_fold,True,0.9707,3.5000,3.5000,4,455,,0,0,0,0,0,1,0,0
Benjamin Britten,ccaafb06102b4d27a042737ec92fe8cd,49ae5227-605a-47a8-9b8e-cd89bf01a97c,https://musicbrainz.org/artist/49ae5227-605a-47a8-9b8e-cd89bf01a97c,49ae5227-605a-47a8-9b8e-cd89bf01a97c,https://musicbrainz.org/artist/49ae5227-605a-47a8-9b8e-cd89bf01a97c,needs_review,forced_needs_review_candidate_fold,True,0.9707,3.5000,3.5000,4,357,,0,0,0,0,0,1,0,0
Bennie Wallace,6f83161b8c98458d93feee7503652996,f820d0c3-eddc-47c6-9cf8-5ee2c4f74f01,https://musicbrainz.org/artist/f820d0c3-eddc-47c6-9cf8-5ee2c4f74f01,f820d0c3-eddc-47c6-9cf8-5ee2c4f74f01,https://musicbrainz.org/artist/f820d0c3-eddc-47c6-9cf8-5ee2c4f74f01,needs_review,forced_needs_review_candidate_fold,True,0.9707,3.5000,3.5000,5,433,,0,0,1,0,0,0,0,0
Benny Andersson,4714a6ae931f48e7b6680aeaf8c209cf,2f031686-3f01-4f33-a4fc-fb3944532efa,https://musicbrainz.org/artist/2f031686-3f01-4f33-a4fc-fb3944532efa,2f031686-3f01-4f33-a4fc-fb3944532efa,https://musicbrainz.org/artist/2f031686-3f01-4f33-a4fc-fb3944532efa,auto_accept,,True,0.9707,3.5000,3.5000,3,1512,,1,0,0,0,0,0,0,0
Benny Carter,360122da4f0e4f11a2b8d1da78f37250,25cf5731-bed9-4604-97a4-8b9655de1a30,https://musicbrainz.org/artist/25cf5731-bed9-4604-97a4-8b9655de1a30,25cf5731-bed9-4604-97a4-8b9655de1a30,https://musicbrainz.org/artist/25cf5731-bed9-4604-97a4-8b9655de1a30,needs_review,forced_needs_review_candidate_fold,True,0.9707,3.5000,3.5000,5,517,,0,0,0,0,0,1,0,0
Bernard Beeftink,3e31a840d910478dbfb4da47c91dc9d9,af1c94ec-630c-4eeb-a0a3-003d535d0501,https://musicbrainz.org/artist/af1c94ec-630c-4eeb-a0a3-003d535d0501,af1c94ec-630c-4eeb-a0a3-003d535d0501,https://musicbrainz.org/artist/af1c94ec-630c-4eeb-a0a3-003d535d0501,needs_review,forced_needs_review_candidate_fold,True,0.9707,3.5000,3.5000,3,235,,0,0,1,0,0,0,0,0
Bernard Edwards,7bc6db70c291490990c2ef5839d14fc6,ba7ff664-5c64-4a62-a3e2-63445c1a25db,https://musicbrainz.org/artist/ba7ff664-5c64-4a62-a3e2-63445c1a25db,ba7ff664-5c64-4a62-a3e2-63445c1a25db,https://musicbrainz.org/artist/ba7ff664-5c64-4a62-a3e2-63445c1a25db,needs_review,forced_needs_review_candidate_fold,True,0.9707,3.5000,3.5000,7,671,,0,0,0,0,0,1,0,0
Bernie Taupin,dafb1076e06b41968d26ee024e165627,9a0d0b2d-a727-44a6-a172-53766f186834,https://musicbrainz.org/artist/9a0d0b2d-a727-44a6-a172-53766f186834,9a0d0b2d-a727-44a6-a172-53766f186834,https://musicbrainz.org/artist/9a0d0b2d-a727-44a6-a172-53766f186834,needs_review,forced_needs_review_candidate_fold,True,0.9707,3.5000,3.5000,4,365,,0,0,0,0,0,1,0,0
Bert Jansch,f0d78e6284cb4ea6b6fc34373ce2e70b,d7f95537-2b48-403d-9ac2-f1fc7aad0960,https://musicbrainz.org/artist/d7f95537-2b48-403d-9ac2-f1fc7aad0960,d7f95537-2b48-403d-9ac2-f1fc7aad0960,https://musicbrainz.org/artist/d7f95537-2b48-403d-9ac2-f1fc7aad0960,needs_review,forced_needs_review_candidate_fold,True,0.9707,3.5000,3.5000,3,267,,0,0,1,0,0,0,0,0
Bert Keyes,9d4d3e635a764b7ba7535c1cebd85a86,8339f0eb-80a0-4c29-815c-f9b02a1d531d,https://musicbrainz.org/artist/8339f0eb-80a0-4c29-815c-f9b02a1d531d,8339f0eb-80a0-4c29-815c-f9b02a1d531d,https://musicbrainz.org/artist/8339f0eb-80a0-4c29-815c-f9b02a1d531d,needs_review,forced_needs_review_candidate_fold,True,0.9707,3.5000,3.5000,6,562,,0,0,0,0,0,1,0,0
Betty Wright,cef2fc6ee9984850bca54d08458bb3cb,eed5f159-4858-4464-93c3-fc2da3796446,https://musicbrainz.org/artist/eed5f159-4858-4464-93c3-fc2da3796446,eed5f159-4858-4464-93c3-fc2da3796446,https://musicbrainz.org/artist/eed5f159-4858-4464-93c3-fc2da3796446,needs_review,forced_needs_review_candidate_fold,True,0.9707,3.5000,3.5000,3,233,,0,0,1,0,0,0,0,0
Beyoncé,664356c429814bbfa911122ee464c3fe,859d0860-d480-4efd-970c-c05d5f1776b8,https://musicbrainz.org/artist/859d0860-d480-4efd-970c-c05d5f1776b8,859d0860-d480-4efd-970c-c05d5f1776b8,https://musicbrainz.org/artist/859d0860-d480-4efd-970c-c05d5f1776b8,needs_review,forced_needs_review_candidate_fold,True,0.9707,3.5000,3.5000,8,535,,1,0,0,0,0,0,0,0
Big Star,3cac8b32e4a64f45ba94146ba53e6df0,21d177ba-3d51-461e-9b3f-ad9a80b419dc,https://musicbrainz.org/artist/21d177ba-3d51-461e-9b3f-ad9a80b419dc,21d177ba-3d51-461e-9b3f-ad9a80b419dc,https://musicbrainz.org/artist/21d177ba-3d51-461e-9b3f-ad9a80b419dc,needs_review,forced_needs_review_candidate_fold,True,0.9707,3.5000,3.5000,5,445,,0,0,1,0,0,0,0,0
Bill Anderson,7d9f54965b9a4d819605dd6686cb07d5,189ede50-9c85-48b8-bae2-cb44ccd5b5c9,https://musicbrainz.org/artist/189ede50-9c85-48b8-bae2-cb44ccd5b5c9,189ede50-9c85-48b8-bae2-cb44ccd5b5c9,https://musicbrainz.org/artist/189ede50-9c85-48b8-bae2-cb44ccd5b5c9,needs_review,forced_needs_review_candidate_fold,True,0.9707,3.5000,3.5000,9,791,,0,0,0,0,0,1,0,0
Bill Berry,c0e2ec6f780b47e2949b2006f563161f,098ae3cc-2ca3-4fb2-a6d8-2a7c1a6b3565,https://musicbrainz.org/artist/098ae3cc-2ca3-4fb2-a6d8-2a7c1a6b3565,098ae3cc-2ca3-4fb2-a6d8-2a7c1a6b3565,https://musicbrainz.org/artist/098ae3cc-2ca3-4fb2-a6d8-2a7c1a6b3565,needs_review,forced_needs_review_candidate_fold,True,0.9707,3.5000,3.5000,14,995,,0,0,0,0,0,1,0,0
Bill Cunliffe,2ccdd94d09c04cb783460e525f766702,192496f2-4ed5-4a52-9a94-5d2021ad9f22,https://musicbrainz.org/artist/192496f2-4ed5-4a52-9a94-5d2021ad9f22,192496f2-4ed5-4a52-9a94-5d2021ad9f22,https://musicbrainz.org/artist/192496f2-4ed5-4a52-9a94-5d2021ad9f22,needs_review,forced_needs_review_candidate_fold,True,0.9707,3.5000,3.5000,4,348,,0,0,1,0,0,0,0,0
Billion Dollar Babies,ff3ce948f8234db78d79d06376e5bbfd,ac8914aa-a476-4ce3-a5ca-36d375920233,https://musicbrainz.org/artist/ac8914aa-a476-4ce3-a5ca-36d375920233,ac8914aa-a476-4ce3-a5ca-36d375920233,https://musicbrainz.org/artist/ac8914aa-a476-4ce3-a5ca-36d375920233,needs_review,forced_needs_review_candidate_fold,True,0.9707,3.5000,3.5000,4,332,,0,0,1,0,0,0,0,0
Billy Barnes,b8160711289d4aeb964b3deecd9650db,102f31bd-1760-4176-a962-fe958e5e33c3,https://musicbrainz.org/artist/102f31bd-1760-4176-a962-fe958e5e33c3,102f31bd-1760-4176-a962-fe958e5e33c3,https://musicbrainz.org/artist/102f31bd-1760-4176-a962-fe958e5e33c3,needs_review,forced_needs_review_candidate_fold,True,0.9707,3.5000,3.5000,7,643,,0,0,0,0,0,1,0,0
Billy Joel,e3ac562606424daeb3e7a016615cb8e4,64b94289-9474-4d43-8c93-918ccc1920d1,https://musicbrainz.org/artist/64b94289-9474-4d43-8c93-918ccc1920d1,64b94289-9474-4d43-8c93-918ccc1920d1,https://musicbrainz.org/artist/64b94289-9474-4d43-8c93-918ccc1920d1,needs_review,forced_needs_review_candidate_fold,True,0.9707,3.5000,3.5000,5,524,,1,0,0,0,0,0,0,0
Billy Ray Reynolds,d25b7d6552f04e29b88a0989c9efd233,e5dda27d-befd-47d8-b57a-d0071bbbc7f1,https://musicbrainz.org/artist/e5dda27d-befd-47d8-b57a-d0071bbbc7f1,e5dda27d-befd-47d8-b57a-d0071bbbc7f1,https://musicbrainz.org/artist/e5dda27d-befd-47d8-b57a-d0071bbbc7f1,needs_review,forced_needs_review_candidate_fold,True,0.9707,3.5000,3.5000,4,301,,0,0,0,0,0,1,0,0
Billy Snell,1b39b38550354f20b96187f45987fa85,393fa658-69b1-4781-a4bc-980b447059e1,https://musicbrainz.org/artist/393fa658-69b1-4781-a4bc-980b447059e1,393fa658-69b1-4781-a4bc-980b447059e1,https://musicbrainz.org/artist/393fa658-69b1-4781-a4bc-980b447059e1,needs_review,forced_needs_review_candidate_fold,True,0.9707,3.5000,3.5000,4,364,,0,0,0,0,0,1,0,0
Billy Squier,85922142b5f34527810a72c2406c9e69,3792dcb3-036e-45d6-8ee2-ff8d12c6c6c9,https://musicbrainz.org/artist/3792dcb3-036e-45d6-8ee2-ff8d12c6c6c9,3792dcb3-036e-45d6-8ee2-ff8d12c6c6c9,https://musicbrainz.org/artist/3792dcb3-036e-45d6-8ee2-ff8d12c6c6c9,needs_review,forced_needs_review_candidate_fold,True,0.9707,3.5000,3.5000,3,572,,0,0,1,0,0,0,0,0
Billy Steinberg,5583cdf4f7a941ab99a44852618fa8b4,a98cd83c-4f9d-4c16-a3f2-3759df41df82,https://musicbrainz.org/artist/a98cd83c-4f9d-4c16-a3f2-3759df41df82,a98cd83c-4f9d-4c16-a3f2-3759df41df82,https://musicbrainz.org/artist/a98cd83c-4f9d-4c16-a3f2-3759df41df82,needs_review,forced_needs_review_candidate_fold,True,0.9707,3.5000,3.5000,5,459,,0,0,0,0,0,1,0,0
Björn Ulvaeus,daf548e7e28e458999484b58ff32c525,ffb77292-9712-4d03-94aa-bdb1d4771d38,https://musicbrainz.org/artist/ffb77292-9712-4d03-94aa-bdb1d4771d38,ffb77292-9712-4d03-94aa-bdb1d4771d38,https://musicbrainz.org/artist/ffb77292-9712-4d03-94aa-bdb1d4771d38,needs_review,forced_needs_review_candidate_fold,True,0.9707,3.5000,3.5000,3,227,,1,0,0,0,0,0,0,0
Blue Tab,c8732a137c9045f5b59b4c2720da0bef,3d2b9c1b-5472-4954-8e20-0e67e1bb927a,https://musicbrainz.org/artist/3d2b9c1b-5472-4954-8e20-0e67e1bb927a,3d2b9c1b-5472-4954-8e20-0e67e1bb927a,https://musicbrainz.org/artist/3d2b9c1b-5472-4954-8e20-0e67e1bb927a,needs_review,forced_needs_review_candidate_fold,True,0.9707,3.5000,3.5000,3,224,,0,0,1,0,0,0,0,0
Bob Dylan,788d49e1576b4668babfd43a3c298c86,72c536dc-7137-4477-a521-567eeb840fa8,https://musicbrainz.org/artist/72c536dc-7137-4477-a521-567eeb840fa8,72c536dc-7137-4477-a521-567eeb840fa8,https://musicbrainz.org/artist/72c536dc-7137-4477-a521-567eeb840fa8,needs_review,forced_needs_review_candidate_fold,True,0.9707,3.5000,3.5000,4,387,,1,0,0,0,0,0,0,0
Bob Ezrin,134e3fa82c63422c9a83a0679ae2e58d,d0135fd6-a79a-4ec2-a379-52b2e4a628f1,https://musicbrainz.org/artist/d0135fd6-a79a-4ec2-a379-52b2e4a628f1,d0135fd6-a79a-4ec2-a379-52b2e4a628f1,https://musicbrainz.org/artist/d0135fd6-a79a-4ec2-a379-52b2e4a628f1,needs_review,forced_needs_review_candidate_fold,True,0.9707,3.5000,3.5000,4,501,,0,0,0,0,0,1,0,0
Bob Geldof,4b44e17732cb4e25aa76b3e8dc2469b1,b16373b3-bae0-4926-bb17-1d68c4f7b052,https://musicbrainz.org/artist/b16373b3-bae0-4926-bb17-1d68c4f7b052,b16373b3-bae0-4926-bb17-1d68c4f7b052,https://musicbrainz.org/artist/b16373b3-bae0-4926-bb17-1d68c4f7b052,needs_review,forced_needs_review_candidate_fold,True,0.9707,3.5000,3.5000,5,521,,0,0,0,0,0,1,0,0
Bob Harris,4227edca57c243b9b59caeafe39e8018,ca894b76-9452-4241-8e60-3b8c3cad5772,https://musicbrainz.org/artist/ca894b76-9452-4241-8e60-3b8c3cad5772,ca894b76-9452-4241-8e60-3b8c3cad5772,https://musicbrainz.org/artist/ca894b76-9452-4241-8e60-3b8c3cad5772,needs_review,forced_needs_review_candidate_fold,True,0.9707,3.5000,3.5000,12,1591,,0,0,0,0,0,1,0,0
Bob Horn,b0cd083f726e45d7a9865f26f5ebb769,b3cba8d9-2868-48ef-a36a-32ce8f8c1fc4,https://musicbrainz.org/artist/b3cba8d9-2868-48ef-a36a-32ce8f8c1fc4,0627c664-3409-40ea-93c1-9c237c9d353a,https://musicbrainz.org/artist/0627c664-3409-40ea-93c1-9c237c9d353a,needs_review,forced_needs_review_candidate_fold,False,0.9707,3.5000,3.5000,5,566,,0,0,0,0,0,1,0,0
Bob Lance,928f14e4f83247cda2f01b99863148e7,0cfb2084-fd18-48eb-a8ab-25331e630f49,https://musicbrainz.org/artist/0cfb2084-fd18-48eb-a8ab-25331e630f49,0cfb2084-fd18-48eb-a8ab-25331e630f49,https://musicbrainz.org/artist/0cfb2084-fd18-48eb-a8ab-25331e630f49,needs_review,forced_needs_review_candidate_fold,True,0.9707,3.5000,3.5000,4,473,,0,0,0,0,0,1,0,0
Bob Lucas,db2f821648904b48b14d7931911c4951,9b07b851-1257-4325-8ba7-9b5bac304a55,https://musicbrainz.org/artist/9b07b851-1257-4325-8ba7-9b5bac304a55,9b07b851-1257-4325-8ba7-9b5bac304a55,https://musicbrainz.org/artist/9b07b851-1257-4325-8ba7-9b5bac304a55,needs_review,forced_needs_review_candidate_fold,True,0.9707,3.5000,3.5000,5,459,,0,0,0,0,0,1,0,0
Bob McDill,3c1d0cf676354e8f82b7654f1ebc8c03,80131304-1a16-436a-ae89-681a1af99c93,https://musicbrainz.org/artist/80131304-1a16-436a-ae89-681a1af99c93,80131304-1a16-436a-ae89-681a1af99c93,https://musicbrainz.org/artist/80131304-1a16-436a-ae89-681a1af99c93,needs_review,forced_needs_review_candidate_fold,True,0.9707,3.5000,3.5000,4,380,,0,0,0,0,0,1,0,0
Bob Pfeifer,60a8746677b241ae8d0514e87641761b,2b0ab507-1b05-4a29-b61d-78b78b7dba4a,https://musicbrainz.org/artist/2b0ab507-1b05-4a29-b61d-78b78b7dba4a,2b0ab507-1b05-4a29-b61d-78b78b7dba4a,https://musicbrainz.org/artist/2b0ab507-1b05-4a29-b61d-78b78b7dba4a,needs_review,,True,0.5000,0.0000,0.0000,7,425,,0,0,0,0,0,0,0,0
Bob Relf,5a4b615d02324d0498efc3c4b792ae37,8904f180-ebfd-4e30-b522-feaeb043318f,https://musicbrainz.org/artist/8904f180-ebfd-4e30-b522-feaeb043318f,8904f180-ebfd-4e30-b522-feaeb043318f,https://musicbrainz.org/artist/8904f180-ebfd-4e30-b522-feaeb043318f,needs_review,forced_needs_review_candidate_fold,True,0.9707,3.5000,3.5000,4,426,,0,0,0,0,0,1,0,0
Bobby Kildea,e7b71349f8964a1582a5d494076f7342,02807e7c-66a4-4d8c-8abc-7b94d089bd85,https://musicbrainz.org/artist/02807e7c-66a4-4d8c-8abc-7b94d089bd85,02807e7c-66a4-4d8c-8abc-7b94d089bd85,https://musicbrainz.org/artist/02807e7c-66a4-4d8c-8abc-7b94d089bd85,needs_review,forced_needs_review_candidate_fold,True,0.9707,3.5000,3.5000,4,342,,0,0,0,0,0,1,0,0
Bonnie Pierce,1e2c7cd25e7243ef80f9f77179103482,37c712f0-836f-4bbe-bd10-06b962832e05,https://musicbrainz.org/artist/37c712f0-836f-4bbe-bd10-06b962832e05,37c712f0-836f-4bbe-bd10-06b962832e05,https://musicbrainz.org/artist/37c712f0-836f-4bbe-bd10-06b962832e05,needs_review,forced_needs_review_candidate_fold,True,0.9707,3.5000,3.5000,4,340,,0,0,0,0,0,1,0,0
Boris Williams,1bbe58a51d91496bba2447f03deb63e8,e8c7f193-0db6-4175-a469-ebce1c340429,https://musicbrainz.org/artist/e8c7f193-0db6-4175-a469-ebce1c340429,e8c7f193-0db6-4175-a469-ebce1c340429,https://musicbrainz.org/artist/e8c7f193-0db6-4175-a469-ebce1c340429,needs_review,forced_needs_review_candidate_fold,True,0.9707,3.5000,3.5000,4,339,,0,0,0,0,0,1,0,0
Boudleaux Bryant,0898df3b1e3d4e79b519a91a7d680b4f,3630c766-cdd2-4af6-8d9b-98e49ecc9257,https://musicbrainz.org/artist/3630c766-cdd2-4af6-8d9b-98e49ecc9257,3630c766-cdd2-4af6-8d9b-98e49ecc9257,https://musicbrainz.org/artist/3630c766-cdd2-4af6-8d9b-98e49ecc9257,needs_review,forced_needs_review_candidate_fold,True,0.9707,3.5000,3.5000,4,308,,0,0,0,0,0,1,0,0
Boyan Chowdhury,4ff8a79f2f1049f18728a478e94b49dd,b79a3929-4785-4d44-9978-aa05674382c8,https://musicbrainz.org/artist/b79a3929-4785-4d44-9978-aa05674382c8,b79a3929-4785-4d44-9978-aa05674382c8,https://musicbrainz.org/artist/b79a3929-4785-4d44-9978-aa05674382c8,needs_review,forced_needs_review_candidate_fold,True,0.9707,3.5000,3.5000,4,361,,0,0,0,0,0,1,0,0
Brad Paisley,07bb632a841040229f7fe3b5b5649da2,6cfd7ffc-824f-4219-8e27-4b9417700f44,https://musicbrainz.org/artist/6cfd7ffc-824f-4219-8e27-4b9417700f44,6cfd7ffc-824f-4219-8e27-4b9417700f44,https://musicbrainz.org/artist/6cfd7ffc-824f-4219-8e27-4b9417700f44,needs_review,forced_needs_review_candidate_fold,True,0.9707,3.5000,3.5000,3,261,,0,0,1,0,0,0,0,0
Brad Whitford,8a471e8e017a48af82d477ded6b51770,31a619cb-ffed-4a15-ac2b-0934f40a82ce,https://musicbrainz.org/artist/31a619cb-ffed-4a15-ac2b-0934f40a82ce,31a619cb-ffed-4a15-ac2b-0934f40a82ce,https://musicbrainz.org/artist/31a619cb-ffed-4a15-ac2b-0934f40a82ce,needs_review,forced_needs_review_candidate_fold,True,0.9707,3.5000,3.5000,4,469,,0,0,0,0,0,1,0,0
Brendan Benson,0e059899dad848acbcb5cdb81d9c3db6,f1999057-4be4-40f5-bfc9-c33b362a94e5,https://musicbrainz.org/artist/f1999057-4be4-40f5-bfc9-c33b362a94e5,f1999057-4be4-40f5-bfc9-c33b362a94e5,https://musicbrainz.org/artist/f1999057-4be4-40f5-bfc9-c33b362a94e5,needs_review,forced_needs_review_candidate_fold,True,0.8581,1.8000,1.8000,4,276,,0,0,0,1,0,0,0,0
Brian Burton,074c58c86c3046c7ab3248a9079f9e39,eb9075cd-0440-414a-b309-5da6ecc50911,https://musicbrainz.org/artist/eb9075cd-0440-414a-b309-5da6ecc50911,eb9075cd-0440-414a-b309-5da6ecc50911,https://musicbrainz.org/artist/eb9075cd-0440-414a-b309-5da6ecc50911,needs_review,forced_needs_review_candidate_fold,True,0.9707,3.5000,3.5000,4,358,,0,0,0,0,0,1,0,0
Brian Holland,8a446c489be144faa8d6abd76d38b3a4,de2dcddf-d398-4a3e-adfc-2f108317d6c4,https://musicbrainz.org/artist/de2dcddf-d398-4a3e-adfc-2f108317d6c4,de2dcddf-d398-4a3e-adfc-2f108317d6c4,https://musicbrainz.org/artist/de2dcddf-d398-4a3e-adfc-2f108317d6c4,needs_review,forced_needs_review_candidate_fold,True,0.9707,3.5000,3.5000,6,763,,0,0,0,0,0,1,0,0
Brian Johnson,ed6c8eb11eb74c01a6c2c87177192206,49acbee5-5fb5-4cf1-868f-67bc01de2d84,https://musicbrainz.org/artist/49acbee5-5fb5-4cf1-868f-67bc01de2d84,49acbee5-5fb5-4cf1-868f-67bc01de2d84,https://musicbrainz.org/artist/49acbee5-5fb5-4cf1-868f-67bc01de2d84,needs_review,forced_needs_review_candidate_fold,True,0.9707,3.5000,3.5000,22,2098,,0,0,0,0,0,1,0,0
Brian McKnight,bf2fa464e5fa476c9943afb6008cb4d8,bf75ef89-7b4c-4771-ac43-4d5c10617190,https://musicbrainz.org/artist/bf75ef89-7b4c-4771-ac43-4d5c10617190,bf75ef89-7b4c-4771-ac43-4d5c10617190,https://musicbrainz.org/artist/bf75ef89-7b4c-4771-ac43-4d5c10617190,needs_review,forced_needs_review_candidate_fold,True,0.9707,3.5000,3.5000,4,368,,0,0,0,0,0,1,0,0
Brody Brown,6a3b640a967b40ff85b1fc85001e9bbd,10fcef09-1491-402d-85ed-65ad7c126d34,https://musicbrainz.org/artist/10fcef09-1491-402d-85ed-65ad7c126d34,10fcef09-1491-402d-85ed-65ad7c126d34,https://musicbrainz.org/artist/10fcef09-1491-402d-85ed-65ad7c126d34,needs_review,forced_needs_review_candidate_fold,True,0.9707,3.5000,3.5000,4,412,,0,0,0,0,0,1,0,0
Bruce Cockburn,ae87d91bd4d04e6693539460ea3d02e4,254b70d3-4aec-4c64-ac95-b13a1dbb30cb,https://musicbrainz.org/artist/254b70d3-4aec-4c64-ac95-b13a1dbb30cb,254b70d3-4aec-4c64-ac95-b13a1dbb30cb,https://musicbrainz.org/artist/254b70d3-4aec-4c64-ac95-b13a1dbb30cb,needs_review,forced_needs_review_candidate_fold,True,0.8581,1.8000,1.8000,4,457,,0,0,0,1,0,0,0,0
Bruce Johnston,cfa218f8f2484a408bd26d3bcf25268b,38bcc90c-2a59-4e62-ac5a-8034cd49ae44,https://musicbrainz.org/artist/38bcc90c-2a59-4e62-ac5a-8034cd49ae44,38bcc90c-2a59-4e62-ac5a-8034cd49ae44,https://musicbrainz.org/artist/38bcc90c-2a59-4e62-ac5a-8034cd49ae44,needs_review,forced_needs_review_candidate_fold,True,0.9707,3.5000,3.5000,5,582,,0,0,0,0,0,1,0,0
Bruce Roberts,f99e9437887a44f2b477d66b4bd66385,ac4db70b-9b38-4f8a-948b-993d67926042,https://musicbrainz.org/artist/ac4db70b-9b38-4f8a-948b-993d67926042,ac4db70b-9b38-4f8a-948b-993d67926042,https://musicbrainz.org/artist/ac4db70b-9b38-4f8a-948b-993d67926042,needs_review,forced_needs_review_candidate_fold,True,0.9707,3.5000,3.5000,6,645,,0,0,0,0,0,1,0,0
Bruno Mars,bdbb1ed85c9c4b22b33ef3815d368556,afb680f2-b6eb-4cd7-a70b-a63b25c763d5,https://musicbrainz.org/artist/afb680f2-b6eb-4cd7-a70b-a63b25c763d5,afb680f2-b6eb-4cd7-a70b-a63b25c763d5,https://musicbrainz.org/artist/afb680f2-b6eb-4cd7-a70b-a63b25c763d5,needs_review,forced_needs_review_candidate_fold,True,0.9707,3.5000,3.5000,3,309,,0,0,1,0,0,0,0,0
Bud Saylor,6aa565a70e464a4197e8db5822c65a21,36b572d9-42a1-4752-be7e-378bfa928f5d,https://musicbrainz.org/artist/36b572d9-42a1-4752-be7e-378bfa928f5d,36b572d9-42a1-4752-be7e-378bfa928f5d,https://musicbrainz.org/artist/36b572d9-42a1-4752-be7e-378bfa928f5d,needs_review,forced_needs_review_candidate_fold,True,0.9707,3.5000,3.5000,4,471,,0,0,0,0,0,1,0,0
Buddy Kaye,a468b4b6abf643bba165680d56411776,cee0b4d5-22e6-4d33-9ad1-3734ab9b7f18,https://musicbrainz.org/artist/cee0b4d5-22e6-4d33-9ad1-3734ab9b7f18,cee0b4d5-22e6-4d33-9ad1-3734ab9b7f18,https://musicbrainz.org/artist/cee0b4d5-22e6-4d33-9ad1-3734ab9b7f18,needs_review,forced_needs_review_candidate_fold,True,0.9707,3.5000,3.5000,5,591,,0,0,0,0,0,1,0,0
Burt Bacharach,bf0e2cbc34d94ea9a9d890a2a728e630,2882ffa3-dec9-4055-a842-a950728bcb02,https://musicbrainz.org/artist/2882ffa3-dec9-4055-a842-a950728bcb02,2882ffa3-dec9-4055-a842-a950728bcb02,https://musicbrainz.org/artist/2882ffa3-dec9-4055-a842-a950728bcb02,needs_review,forced_needs_review_candidate_fold,True,0.9707,3.5000,3.5000,4,348,,1,0,0,0,0,0,0,0
Burton Lane,2a84a4ac65f4455f890e989a03d63326,72037b48-1b88-457f-b5c7-403cf9a97220,https://musicbrainz.org/artist/72037b48-1b88-457f-b5c7-403cf9a97220,72037b48-1b88-457f-b5c7-403cf9a97220,https://musicbrainz.org/artist/72037b48-1b88-457f-b5c7-403cf9a97220,needs_review,forced_needs_review_candidate_fold,True,0.9707,3.5000,3.5000,4,332,,0,0,0,0,0,1,0,0
Butch Cassidy Sound System,aa739593bf8e4d728f5828ec4b6192e3,582ae04a-c3a8-43a6-b132-b9cbbbe3cff9,https://musicbrainz.org/artist/582ae04a-c3a8-43a6-b132-b9cbbbe3cff9,582ae04a-c3a8-43a6-b132-b9cbbbe3cff9,https://musicbrainz.org/artist/582ae04a-c3a8-43a6-b132-b9cbbbe3cff9,needs_review,forced_needs_review_candidate_fold,True,0.9707,3.5000,3.5000,3,454,,0,0,1,0,0,0,0,0
Butch Walker,d51351521ed046c0b21e7e8494a1d25a,30e8e6e2-7b79-4eef-ba91-8435d4ba0fac,https://musicbrainz.org/artist/30e8e6e2-7b79-4eef-ba91-8435d4ba0fac,30e8e6e2-7b79-4eef-ba91-8435d4ba0fac,https://musicbrainz.org/artist/30e8e6e2-7b79-4eef-ba91-8435d4ba0fac,needs_review,forced_needs_review_candidate_fold,True,0.9707,3.5000,3.5000,4,441,,0,0,0,0,0,1,0,0
Buzz Clifford,eea343d57df14e03935ba54cccf0fcb9,e4c06a55-4bec-4be4-9086-8e205ec83f06,https://musicbrainz.org/artist/e4c06a55-4bec-4be4-9086-8e205ec83f06,e4c06a55-4bec-4be4-9086-8e205ec83f06,https://musicbrainz.org/artist/e4c06a55-4bec-4be4-9086-8e205ec83f06,needs_review,forced_needs_review_candidate_fold,True,0.9707,3.5000,3.5000,4,362,,0,0,0,0,0,1,0,0
Béla Bartók,d69c6075c307419f9369eb707f831f93,fd14da1b-3c2d-4cc8-9ca6-fc8c62ce6988,https://musicbrainz.org/artist/fd14da1b-3c2d-4cc8-9ca6-fc8c62ce6988,fd14da1b-3c2d-4cc8-9ca6-fc8c62ce6988,https://musicbrainz.org/artist/fd14da1b-3c2d-4cc8-9ca6-fc8c62ce6988,needs_review,forced_needs_review_candidate_fold,True,0.9707,3.5000,3.5000,4,441,,0,0,0,0,0,1,0,0
Candice Nelson,e94dcce5766f4502aeda00a326208522,999336f2-35ee-4085-8c90-c67a5c62ab9e,https://musicbrainz.org/artist/999336f2-35ee-4085-8c90-c67a5c62ab9e,999336f2-35ee-4085-8c90-c67a5c62ab9e,https://musicbrainz.org/artist/999336f2-35ee-4085-8c90-c67a5c62ab9e,needs_review,forced_needs_review_candidate_fold,True,0.9707,3.5000,3.5000,4,395,,0,0,0,0,0,1,0,0
Carey Willets,0b7d87ea65db4579a6ae269c38e6aa24,1626c137-fca2-495d-89b4-dd4df895148b,https://musicbrainz.org/artist/1626c137-fca2-495d-89b4-dd4df895148b,1626c137-fca2-495d-89b4-dd4df895148b,https://musicbrainz.org/artist/1626c137-fca2-495d-89b4-dd4df895148b,needs_review,forced_needs_review_candidate_fold,True,0.9707,3.5000,3.5000,4,354,,0,0,0,0,0,1,0,0
Carl Barât,17ab8c55ae88438fa450f5211bf8181d,de750df5-56b6-4e8e-8696-a5ca101531ec,https://musicbrainz.org/artist/de750df5-56b6-4e8e-8696-a5ca101531ec,de750df5-56b6-4e8e-8696-a5ca101531ec,https://musicbrainz.org/artist/de750df5-56b6-4e8e-8696-a5ca101531ec,needs_review,forced_needs_review_candidate_fold,True,0.9707,3.5000,3.5000,4,389,,0,0,0,0,0,1,0,0
Carlos Lyra,3c3e0d3338a942998dfe96d43e3479c6,2674d9a0-7647-4220-8c10-6d8d0c9677d9,https://musicbrainz.org/artist/2674d9a0-7647-4220-8c10-6d8d0c9677d9,2674d9a0-7647-4220-8c10-6d8d0c9677d9,https://musicbrainz.org/artist/2674d9a0-7647-4220-8c10-6d8d0c9677d9,needs_review,forced_needs_review_candidate_fold,True,0.9707,3.5000,3.5000,4,372,,0,0,0,0,0,1,0,0
Carmen Gomes,2ff5b863c973479eb1594e976e0eee8f,36b7f303-3cef-4f48-b6cc-6cc681434dd1,https://musicbrainz.org/artist/36b7f303-3cef-4f48-b6cc-6cc681434dd1,36b7f303-3cef-4f48-b6cc-6cc681434dd1,https://musicbrainz.org/artist/36b7f303-3cef-4f48-b6cc-6cc681434dd1,needs_review,forced_needs_review_candidate_fold,True,0.9707,3.5000,3.5000,4,313,,0,0,1,0,0,0,0,0
Carol Duboc,36145b49aff9401089abca428fdb4454,0991edda-5c90-4cd2-a34a-80b14af22189,https://musicbrainz.org/artist/0991edda-5c90-4cd2-a34a-80b14af22189,0991edda-5c90-4cd2-a34a-80b14af22189,https://musicbrainz.org/artist/0991edda-5c90-4cd2-a34a-80b14af22189,needs_review,forced_needs_review_candidate_fold,True,0.9707,3.5000,3.5000,3,238,,0,0,1,0,0,0,0,0
Carole Bayer Sager,8b4e603584734e2db0416ee12dceb1bb,0b7c2cc8-0276-4b23-a538-746ebe4133ce,https://musicbrainz.org/artist/0b7c2cc8-0276-4b23-a538-746ebe4133ce,0b7c2cc8-0276-4b23-a538-746ebe4133ce,https://musicbrainz.org/artist/0b7c2cc8-0276-4b23-a538-746ebe4133ce,needs_review,forced_needs_review_candidate_fold,True,0.9707,3.5000,3.5000,3,309,,0,0,1,0,0,0,0,0
Carole King,edeaa5de841745ae8177570a1ecf6bbd,bf6c29f5-b69f-4842-9031-37f9645d365d,https://musicbrainz.org/artist/bf6c29f5-b69f-4842-9031-37f9645d365d,bf6c29f5-b69f-4842-9031-37f9645d365d,https://musicbrainz.org/artist/bf6c29f5-b69f-4842-9031-37f9645d365d,needs_review,forced_needs_review_candidate_fold,True,0.9707,3.5000,3.5000,4,4243,,1,0,0,0,0,0,0,0
Carolyn Franklin,fa36345534224d7a9e26e6caa457343b,f7e8bede-c700-4091-8bf2-5d72d5b7a9d1,https://musicbrainz.org/artist/f7e8bede-c700-4091-8bf2-5d72d5b7a9d1,f7e8bede-c700-4091-8bf2-5d72d5b7a9d1,https://musicbrainz.org/artist/f7e8bede-c700-4091-8bf2-5d72d5b7a9d1,needs_review,forced_needs_review_candidate_fold,True,0.9707,3.5000,3.5000,4,473,,0,0,0,0,0,1,0,0
Carson Chamberlain,878afea685704cfeb3db7918f7f5ffa1,15921b8d-f53a-45cb-b00b-623f63fd021a,https://musicbrainz.org/artist/15921b8d-f53a-45cb-b00b-623f63fd021a,15921b8d-f53a-45cb-b00b-623f63fd021a,https://musicbrainz.org/artist/15921b8d-f53a-45cb-b00b-623f63fd021a,needs_review,forced_needs_review_candidate_fold,True,0.9707,3.5000,3.5000,4,608,,0,0,0,0,0,1,0,0
Cass Lowe,76e5ae643a38489b92345c2a95fee416,42d1cdc7-537b-4776-8627-81923f37889f,https://musicbrainz.org/artist/42d1cdc7-537b-4776-8627-81923f37889f,42d1cdc7-537b-4776-8627-81923f37889f,https://musicbrainz.org/artist/42d1cdc7-537b-4776-8627-81923f37889f,needs_review,forced_needs_review_candidate_fold,True,0.9707,3.5000,3.5000,4,315,,0,0,0,0,0,1,0,0
Cazals,91363565087a4425b2605dcff10b3f82,d5714b4c-9bf9-424e-9c0b-78599be1d954,https://musicbrainz.org/artist/d5714b4c-9bf9-424e-9c0b-78599be1d954,d5714b4c-9bf9-424e-9c0b-78599be1d954,https://musicbrainz.org/artist/d5714b4c-9bf9-424e-9c0b-78599be1d954,needs_review,forced_needs_review_candidate_fold,True,0.9707,3.5000,3.5000,4,333,,0,0,1,0,0,0,0,0
Celine Dion,0129192f18c54bed9abd69f36cfea783,847e8a0c-cc20-4213-9e16-975515c2a926,https://musicbrainz.org/artist/847e8a0c-cc20-4213-9e16-975515c2a926,847e8a0c-cc20-4213-9e16-975515c2a926,https://musicbrainz.org/artist/847e8a0c-cc20-4213-9e16-975515c2a926,needs_review,forced_needs_review_candidate_fold,True,0.9707,3.5000,3.5000,3,382,,1,0,0,0,0,0,0,0
Celso Valli,04a5147cc5eb4f8596188ca8ee60b6e8,fab6654f-d6e2-429b-a4be-5db1d4998b22,https://musicbrainz.org/artist/fab6654f-d6e2-429b-a4be-5db1d4998b22,fab6654f-d6e2-429b-a4be-5db1d4998b22,https://musicbrainz.org/artist/fab6654f-d6e2-429b-a4be-5db1d4998b22,needs_review,forced_needs_review_candidate_fold,True,0.9707,3.5000,3.5000,4,400,,0,0,0,0,0,1,0,0
Chaka Khan,3804c30ecc0e491aa551bb9cfe0f781e,900e9144-019d-4043-86cb-ec0e127c39d0,https://musicbrainz.org/artist/900e9144-019d-4043-86cb-ec0e127c39d0,900e9144-019d-4043-86cb-ec0e127c39d0,https://musicbrainz.org/artist/900e9144-019d-4043-86cb-ec0e127c39d0,needs_review,forced_needs_review_candidate_fold,True,0.9707,3.5000,3.5000,4,412,,0,0,1,0,0,0,0,0
Chano Pozo,683f3de9170e42d6aa6f7d37ebf5f71d,505047e5-0398-426e-b22a-fb68a00bad70,https://musicbrainz.org/artist/505047e5-0398-426e-b22a-fb68a00bad70,505047e5-0398-426e-b22a-fb68a00bad70,https://musicbrainz.org/artist/505047e5-0398-426e-b22a-fb68a00bad70,needs_review,forced_needs_review_candidate_fold,True,0.9707,3.5000,3.5000,5,514,,0,0,0,0,0,1,0,0
Chantal Kreviazuk,bca217ac53304ccfb3b250288eecf9e8,fd092d99-377f-414e-a63e-3dc849ad2cc9,https://musicbrainz.org/artist/fd092d99-377f-414e-a63e-3dc849ad2cc9,fd092d99-377f-414e-a63e-3dc849ad2cc9,https://musicbrainz.org/artist/fd092d99-377f-414e-a63e-3dc849ad2cc9,needs_review,forced_needs_review_candidate_fold,True,0.9707,3.5000,3.5000,3,252,,1,0,0,0,0,0,0,0
Charles Albertine,49226c38b5764a979e44a36df34082c3,ba9b0cac-8102-40dd-8e84-defd8bc090bc,https://musicbrainz.org/artist/ba9b0cac-8102-40dd-8e84-defd8bc090bc,ba9b0cac-8102-40dd-8e84-defd8bc090bc,https://musicbrainz.org/artist/ba9b0cac-8102-40dd-8e84-defd8bc090bc,needs_review,forced_needs_review_candidate_fold,True,0.9707,3.5000,3.5000,4,488,,0,0,0,0,0,1,0,0
Charles Fox,2842393bdfef4e6d8df0a7b01422dd48,d74e306c-14fe-4816-a821-b2ec554f9edb,https://musicbrainz.org/artist/d74e306c-14fe-4816-a821-b2ec554f9edb,d74e306c-14fe-4816-a821-b2ec554f9edb,https://musicbrainz.org/artist/d74e306c-14fe-4816-a821-b2ec554f9edb,needs_review,forced_needs_review_candidate_fold,True,0.9707,3.5000,3.5000,6,519,,0,0,0,0,0,1,0,0
Charles Jefferson Davis,df5fce0f811b497fb158edfbbe382710,f4296507-a9b6-4a72-a842-be3e72a9b75e,https://musicbrainz.org/artist/f4296507-a9b6-4a72-a842-be3e72a9b75e,f4296507-a9b6-4a72-a842-be3e72a9b75e,https://musicbrainz.org/artist/f4296507-a9b6-4a72-a842-be3e72a9b75e,needs_review,forced_needs_review_candidate_fold,True,0.9707,3.5000,3.5000,4,319,,0,0,0,0,0,1,0,0
Charles Singleton,dce264db402340ce9ec28e3cd6653b12,b98d9cb9-dab6-451e-aea2-0a184f35c860,https://musicbrainz.org/artist/b98d9cb9-dab6-451e-aea2-0a184f35c860,b98d9cb9-dab6-451e-aea2-0a184f35c860,https://musicbrainz.org/artist/b98d9cb9-dab6-451e-aea2-0a184f35c860,needs_review,forced_needs_review_candidate_fold,True,0.9707,3.5000,3.5000,5,584,,0,0,0,0,0,1,0,0
Charlie Clouser,83eb1c7735d24c838e63fd9b6403777a,2947dcd0-e65f-4293-af4b-3fe309e0dea0,https://musicbrainz.org/artist/2947dcd0-e65f-4293-af4b-3fe309e0dea0,2947dcd0-e65f-4293-af4b-3fe309e0dea0,https://musicbrainz.org/artist/2947dcd0-e65f-4293-af4b-3fe309e0dea0,needs_review,forced_needs_review_candidate_fold,True,0.9707,3.5000,3.5000,6,491,,0,0,0,0,0,1,0,0
Charlie Jones,10e90de94abe428b8bb348a63d4173f3,658279cb-4586-44d4-8aaf-e659d9d52812,https://musicbrainz.org/artist/658279cb-4586-44d4-8aaf-e659d9d52812,658279cb-4586-44d4-8aaf-e659d9d52812,https://musicbrainz.org/artist/658279cb-4586-44d4-8aaf-e659d9d52812,needs_review,forced_needs_review_candidate_fold,True,0.9707,3.5000,3.5000,11,1018,,0,0,0,0,0,1,0,0
Chas Sandford,8f4117cafcbe48e49a9c3c9ad4cd7808,0ff8ee25-e91e-4b7a-a179-ba9312641fd9,https://musicbrainz.org/artist/0ff8ee25-e91e-4b7a-a179-ba9312641fd9,0ff8ee25-e91e-4b7a-a179-ba9312641fd9,https://musicbrainz.org/artist/0ff8ee25-e91e-4b7a-a179-ba9312641fd9,needs_review,forced_needs_review_candidate_fold,True,0.9707,3.5000,3.5000,4,356,,0,0,0,0,0,1,0,0
Chet Atkins,d02e73e7b9a041eda1c7cc262ac3753d,5810667a-9db6-4fd0-abac-667cdac5d415,https://musicbrainz.org/artist/5810667a-9db6-4fd0-abac-667cdac5d415,5810667a-9db6-4fd0-abac-667cdac5d415,https://musicbrainz.org/artist/5810667a-9db6-4fd0-abac-667cdac5d415,needs_review,forced_needs_review_candidate_fold,True,0.9707,3.5000,3.5000,3,281,,1,0,0,0,0,0,0,0
Chico Buarque,27741703e19f4deabc81fb62ba8aec40,3a5d1cc7-627e-48ea-aba3-fdd20d782c33,https://musicbrainz.org/artist/3a5d1cc7-627e-48ea-aba3-fdd20d782c33,3a5d1cc7-627e-48ea-aba3-fdd20d782c33,https://musicbrainz.org/artist/3a5d1cc7-627e-48ea-aba3-fdd20d782c33,needs_review,forced_needs_review_candidate_fold,True,0.9707,3.5000,3.5000,4,357,,0,0,0,0,0,1,0,0
Chips Moman,33a0f8635425425787b390357f6c6b08,19fe57dc-9d1a-4598-b116-0b2be2003cce,https://musicbrainz.org/artist/19fe57dc-9d1a-4598-b116-0b2be2003cce,19fe57dc-9d1a-4598-b116-0b2be2003cce,https://musicbrainz.org/artist/19fe57dc-9d1a-4598-b116-0b2be2003cce,needs_review,forced_needs_review_candidate_fold,True,0.8581,1.8000,1.8000,5,464,,0,0,0,0,0,0,1,0
Chris Arnold,1abae1737b2747c9ba89e27cfbcb6d0f,2168c3cd-2c9d-4849-9364-9188ce99063e,https://musicbrainz.org/artist/2168c3cd-2c9d-4849-9364-9188ce99063e,f5214e75-4673-452b-8f0d-87e61f87e0d7,https://musicbrainz.org/artist/f5214e75-4673-452b-8f0d-87e61f87e0d7,needs_review,forced_needs_review_candidate_fold,False,0.9707,3.5000,3.5000,5,431,,0,0,0,0,0,1,0,0
Chris Bell,c28b124c977742d4b540e11124c9c325,db6ac2f7-5bbb-4ed4-88f4-540d5b29542a,https://musicbrainz.org/artist/db6ac2f7-5bbb-4ed4-88f4-540d5b29542a,db6ac2f7-5bbb-4ed4-88f4-540d5b29542a,https://musicbrainz.org/artist/db6ac2f7-5bbb-4ed4-88f4-540d5b29542a,needs_review,forced_needs_review_candidate_fold,True,0.9707,3.5000,3.5000,10,1027,,0,0,1,0,0,0,0,0
Chris Cornell,80dd2d0d95cc4ff183336d76b6f6fad8,cbf9738d-8f81-4a92-bc64-ede09341652d,https://musicbrainz.org/artist/cbf9738d-8f81-4a92-bc64-ede09341652d,cbf9738d-8f81-4a92-bc64-ede09341652d,https://musicbrainz.org/artist/cbf9738d-8f81-4a92-bc64-ede09341652d,needs_review,forced_needs_review_candidate_fold,True,0.9707,3.5000,3.5000,3,291,,0,0,1,0,0,0,0,0
Chris Geddes,8e9e6186b4524ed297ffe328de888c12,edb82cf2-0966-491b-9934-a4038868b62a,https://musicbrainz.org/artist/edb82cf2-0966-491b-9934-a4038868b62a,6cd0aebf-b60e-46a3-8052-9976d9900127,https://musicbrainz.org/artist/6cd0aebf-b60e-46a3-8052-9976d9900127,needs_review,forced_needs_review_candidate_fold,False,0.9707,3.5000,3.5000,8,617,,0,0,0,0,0,1,0,0
Chris Stapleton,4c6dc3cb65b94917a873c4cf2d32910a,71d58182-aa37-4c04-b21a-efe46ea0f221,https://musicbrainz.org/artist/71d58182-aa37-4c04-b21a-efe46ea0f221,71d58182-aa37-4c04-b21a-efe46ea0f221,https://musicbrainz.org/artist/71d58182-aa37-4c04-b21a-efe46ea0f221,needs_review,forced_needs_review_candidate_fold,True,0.9707,3.5000,3.5000,5,437,,1,0,0,0,0,0,0,0
Christopher Ward,a2134d2deaab485ca0694fa8a0f354c4,d40c5e19-6e5f-453a-a7e4-0382fe94e4cf,https://musicbrainz.org/artist/d40c5e19-6e5f-453a-a7e4-0382fe94e4cf,df9f5bf9-2d79-4643-abf8-4a62b72f73ba,https://musicbrainz.org/artist/df9f5bf9-2d79-4643-abf8-4a62b72f73ba,needs_review,forced_needs_review_candidate_fold,False,0.9707,3.5000,3.5000,7,548,,0,0,0,0,0,1,0,0
Clarence Paul,2f8c237d19194a5694cd7ce6a051ce89,8527d89a-e431-4e63-b13f-57dd02367bc2,https://musicbrainz.org/artist/8527d89a-e431-4e63-b13f-57dd02367bc2,8527d89a-e431-4e63-b13f-57dd02367bc2,https://musicbrainz.org/artist/8527d89a-e431-4e63-b13f-57dd02367bc2,needs_review,forced_needs_review_candidate_fold,True,0.9707,3.5000,3.5000,5,515,,0,0,0,0,0,1,0,0
Claus Norreen,81962936c2c04326b363503014333ee3,ad1b3317-ec86-4848-a150-d7a5de481da4,https://musicbrainz.org/artist/ad1b3317-ec86-4848-a150-d7a5de481da4,ad1b3317-ec86-4848-a150-d7a5de481da4,https://musicbrainz.org/artist/ad1b3317-ec86-4848-a150-d7a5de481da4,needs_review,forced_needs_review_candidate_fold,True,0.9707,3.5000,3.5000,5,583,,0,0,0,0,0,1,0,0
Clay Holley,422f0a148bb94a8d96b8ad217329082a,6f27e536-1623-424e-82ef-7cb77d1777e7,https://musicbrainz.org/artist/6f27e536-1623-424e-82ef-7cb77d1777e7,6f27e536-1623-424e-82ef-7cb77d1777e7,https://musicbrainz.org/artist/6f27e536-1623-424e-82ef-7cb77d1777e7,needs_review,forced_needs_review_candidate_fold,True,0.9707,3.5000,3.5000,4,381,,0,0,0,0,0,1,0,0
Clay McMurray,4d5c8142fb4645f1b3ac9994bc182f8d,06ac66da-6ab1-45da-bb0b-08e4264e1184,https://musicbrainz.org/artist/06ac66da-6ab1-45da-bb0b-08e4264e1184,06ac66da-6ab1-45da-bb0b-08e4264e1184,https://musicbrainz.org/artist/06ac66da-6ab1-45da-bb0b-08e4264e1184,needs_review,forced_needs_review_candidate_fold,True,0.9707,3.5000,3.5000,4,355,,0,0,0,0,0,1,0,0
Cleavant Derricks,d23d09c5edf543a2ad0a676e98a5160b,2e6c8201-41aa-406c-9a81-e0b933838daf,https://musicbrainz.org/artist/2e6c8201-41aa-406c-9a81-e0b933838daf,e90056c0-0f11-4216-ab9c-e1bbcc56ad20,https://musicbrainz.org/artist/e90056c0-0f11-4216-ab9c-e1bbcc56ad20,needs_review,forced_needs_review_candidate_fold,False,0.9707,3.5000,3.5000,5,482,,0,0,0,0,0,1,0,0
Clif Magness,94475a94dfdd4f43a27ef7775c1b77c0,f0bdbf78-55ff-44ef-ab9a-6bc2a5b384bd,https://musicbrainz.org/artist/f0bdbf78-55ff-44ef-ab9a-6bc2a5b384bd,f0bdbf78-55ff-44ef-ab9a-6bc2a5b384bd,https://musicbrainz.org/artist/f0bdbf78-55ff-44ef-ab9a-6bc2a5b384bd,needs_review,forced_needs_review_candidate_fold,True,0.9707,3.5000,3.5000,4,483,,0,0,0,0,0,1,0,0
Clyde Otis,d617b74a6c634b6aaa7d8bd125e235c0,80dc1943-3f7f-41be-a737-e58b4488456b,https://musicbrainz.org/artist/80dc1943-3f7f-41be-a737-e58b4488456b,80dc1943-3f7f-41be-a737-e58b4488456b,https://musicbrainz.org/artist/80dc1943-3f7f-41be-a737-e58b4488456b,needs_review,forced_needs_review_candidate_fold,True,0.9707,3.5000,3.5000,7,593,,0,0,0,0,0,1,0,0
CocoRosie,5f1ccc4068a54e9ead44ae3f212d9eb7,e162b2eb-6a42-4240-8c1b-c94d9a0acb73,https://musicbrainz.org/artist/e162b2eb-6a42-4240-8c1b-c94d9a0acb73,e162b2eb-6a42-4240-8c1b-c94d9a0acb73,https://musicbrainz.org/artist/e162b2eb-6a42-4240-8c1b-c94d9a0acb73,needs_review,forced_needs_review_candidate_fold,True,0.9707,3.5000,3.5000,3,217,,1,0,0,0,0,0,0,0
Cole Porter,7350bd1c9c5140a78914d588997ad83d,4a94a6cb-e70a-418b-bb53-a37897b950ce,https://musicbrainz.org/artist/4a94a6cb-e70a-418b-bb53-a37897b950ce,4a94a6cb-e70a-418b-bb53-a37897b950ce,https://musicbrainz.org/artist/4a94a6cb-e70a-418b-bb53-a37897b950ce,needs_review,forced_needs_review_candidate_fold,True,0.9707,3.5000,3.5000,4,376,,0,0,0,0,0,1,0,0
Commissioner Gordon,ac142a035c764e0d86f804965c94f957,35d5ca07-97f0-4347-b24b-2ec4d026d3d4,https://musicbrainz.org/artist/35d5ca07-97f0-4347-b24b-2ec4d026d3d4,85238c6b-c113-4b80-ad1b-8fae3f0a3336,https://musicbrainz.org/artist/85238c6b-c113-4b80-ad1b-8fae3f0a3336,needs_review,forced_needs_review_candidate_fold,False,0.9707,3.5000,3.5000,5,457,,0,0,0,0,0,1,0,0
Common,d208a003c63e45e1aed927926348a005,c0a1179b-b14a-4d68-a3c1-1fdab16ed602,https://musicbrainz.org/artist/c0a1179b-b14a-4d68-a3c1-1fdab16ed602,c0a1179b-b14a-4d68-a3c1-1fdab16ed602,https://musicbrainz.org/artist/c0a1179b-b14a-4d68-a3c1-1fdab16ed602,needs_review,forced_needs_review_candidate_fold,True,0.9707,3.5000,3.5000,5,443,,0,0,1,0,0,0,0,0
Consuelo Velázquez,d65bd8a5a79e4daab016dc30761e93fd,a2c4674d-35eb-4e86-9100-1da0a2985cb1,https://musicbrainz.org/artist/a2c4674d-35eb-4e86-9100-1da0a2985cb1,a2c4674d-35eb-4e86-9100-1da0a2985cb1,https://musicbrainz.org/artist/a2c4674d-35eb-4e86-9100-1da0a2985cb1,needs_review,forced_needs_review_candidate_fold,True,0.9707,3.5000,3.5000,4,455,,0,0,0,0,0,1,0,0
Couros,82b982145e7f472f8bd0c48669112cd3,35066fbf-3f89-4112-b56d-53bf3ae4b1ab,https://musicbrainz.org/artist/35066fbf-3f89-4112-b56d-53bf3ae4b1ab,35066fbf-3f89-4112-b56d-53bf3ae4b1ab,https://musicbrainz.org/artist/35066fbf-3f89-4112-b56d-53bf3ae4b1ab,needs_review,forced_needs_review_candidate_fold,True,0.9707,3.5000,3.5000,5,531,,0,0,0,0,0,1,0,0
Current 93,4e3f9306357349a387362ef4d2bf8f1d,944655bc-16b1-48d2-b4ff-f73654612fcf,https://musicbrainz.org/artist/944655bc-16b1-48d2-b4ff-f73654612fcf,944655bc-16b1-48d2-b4ff-f73654612fcf,https://musicbrainz.org/artist/944655bc-16b1-48d2-b4ff-f73654612fcf,needs_review,forced_needs_review_candidate_fold,True,0.9707,3.5000,3.5000,3,388,,1,0,0,0,0,0,0,0
Curt Frasca,bcd35a5e944244a98d2e02c46b49b3f2,8d61d2e0-d312-42a4-9a38-f163b42eb1f3,https://musicbrainz.org/artist/8d61d2e0-d312-42a4-9a38-f163b42eb1f3,8d61d2e0-d312-42a4-9a38-f163b42eb1f3,https://musicbrainz.org/artist/8d61d2e0-d312-42a4-9a38-f163b42eb1f3,needs_review,forced_needs_review_candidate_fold,True,0.9707,3.5000,3.5000,4,446,,0,0,0,0,0,1,0,0
Curtis Mayfield,6caf7545386c4cd1bbd0381ed1b6ff8d,4dca4bb2-23ba-4103-97e6-5810311db33a,https://musicbrainz.org/artist/4dca4bb2-23ba-4103-97e6-5810311db33a,4dca4bb2-23ba-4103-97e6-5810311db33a,https://musicbrainz.org/artist/4dca4bb2-23ba-4103-97e6-5810311db33a,needs_review,forced_needs_review_candidate_fold,True,0.9707,3.5000,3.5000,3,240,,1,0,0,0,0,0,0,0
Curtis Ousley,139e3ecfc7014935ad2593a48df8fa5d,ca51fdb2-434e-431f-9393-6a3419be85fc,https://musicbrainz.org/artist/ca51fdb2-434e-431f-9393-6a3419be85fc,ca51fdb2-434e-431f-9393-6a3419be85fc,https://musicbrainz.org/artist/ca51fdb2-434e-431f-9393-6a3419be85fc,needs_review,forced_needs_review_candidate_fold,True,0.9707,3.5000,3.5000,4,601,,0,0,0,0,0,1,0,0
Cy Coleman,58150775264e4e31ad559185f2743d3e,2566401d-579d-45b7-8643-f42150c7c080,https://musicbrainz.org/artist/2566401d-579d-45b7-8643-f42150c7c080,2566401d-579d-45b7-8643-f42150c7c080,https://musicbrainz.org/artist/2566401d-579d-45b7-8643-f42150c7c080,needs_review,forced_needs_review_candidate_fold,True,0.9707,3.5000,3.5000,4,402,,0,0,0,0,0,1,0,0
Dale Frashuer,87a8c542052248cab8e9ad42834f430b,e6209bcc-eb68-46d6-afe3-f56c85d32810,https://musicbrainz.org/artist/e6209bcc-eb68-46d6-afe3-f56c85d32810,e6209bcc-eb68-46d6-afe3-f56c85d32810,https://musicbrainz.org/artist/e6209bcc-eb68-46d6-afe3-f56c85d32810,needs_review,forced_needs_review_candidate_fold,True,0.9707,3.5000,3.5000,4,456,,0,0,0,0,0,1,0,0
Damian Marley,0034b4ab4b924fcaa7b551484f0bd5a3,cbfb9bcd-c5a0-4d7c-865f-2c641c171e1c,https://musicbrainz.org/artist/cbfb9bcd-c5a0-4d7c-865f-2c641c171e1c,cbfb9bcd-c5a0-4d7c-865f-2c641c171e1c,https://musicbrainz.org/artist/cbfb9bcd-c5a0-4d7c-865f-2c641c171e1c,needs_review,forced_needs_review_candidate_fold,True,0.8581,1.8000,1.8000,4,369,,0,0,0,1,0,0,0,0
Damon Gough,f0f28b91a4964b44915bfc9017534b06,ec5b96ea-8fc8-4cf0-9516-8b7bd2763e2b,https://musicbrainz.org/artist/ec5b96ea-8fc8-4cf0-9516-8b7bd2763e2b,ec5b96ea-8fc8-4cf0-9516-8b7bd2763e2b,https://musicbrainz.org/artist/ec5b96ea-8fc8-4cf0-9516-8b7bd2763e2b,needs_review,forced_needs_review_candidate_fold,True,0.9707,3.5000,3.5000,4,325,,0,0,0,0,0,1,0,0
Dan Fogelberg,88658d1065f94494b3013d0048d0a14b,b1a7ac99-2ea9-4d3e-b17f-1cad379e46ae,https://musicbrainz.org/artist/b1a7ac99-2ea9-4d3e-b17f-1cad379e46ae,b1a7ac99-2ea9-4d3e-b17f-1cad379e46ae,https://musicbrainz.org/artist/b1a7ac99-2ea9-4d3e-b17f-1cad379e46ae,needs_review,forced_needs_review_candidate_fold,True,0.8581,1.8000,1.8000,4,472,,0,0,0,1,0,0,0,0
Dan Penn,e11d31542a6d4215bcb24b07874150c1,cc54ec8d-ba66-4051-970d-6b3c24cd9e8b,https://musicbrainz.org/artist/cc54ec8d-ba66-4051-970d-6b3c24cd9e8b,cc54ec8d-ba66-4051-970d-6b3c24cd9e8b,https://musicbrainz.org/artist/cc54ec8d-ba66-4051-970d-6b3c24cd9e8b,needs_review,forced_needs_review_candidate_fold,True,0.8581,1.8000,1.8000,5,408,,0,0,0,0,0,0,1,0
Dan Peters,b4193f0e33f14747bdf75280b4930dca,00b42e3f-042a-44d8-899d-fa6ce354ab53,https://musicbrainz.org/artist/00b42e3f-042a-44d8-899d-fa6ce354ab53,3402566b-20dc-47f1-973b-2af1dedae702,https://musicbrainz.org/artist/3402566b-20dc-47f1-973b-2af1dedae702,needs_review,forced_needs_review_candidate_fold,False,0.8581,1.8000,1.8000,9,778,,0,0,0,0,0,0,1,0
Dan Tyminski,98a9d02e1b61423186a19a932fc37853,8bc3f026-e781-43d7-98ca-8dae8d89b25a,https://musicbrainz.org/artist/8bc3f026-e781-43d7-98ca-8dae8d89b25a,8bc3f026-e781-43d7-98ca-8dae8d89b25a,https://musicbrainz.org/artist/8bc3f026-e781-43d7-98ca-8dae8d89b25a,needs_review,forced_needs_review_candidate_fold,True,0.9707,3.5000,3.5000,3,265,,0,0,1,0,0,0,0,0
Dan Wexler,9a91d6525a5f4ad3a653630667dcdfb9,ceabf16d-c438-4701-841e-376ec66232e9,https://musicbrainz.org/artist/ceabf16d-c438-4701-841e-376ec66232e9,ceabf16d-c438-4701-841e-376ec66232e9,https://musicbrainz.org/artist/ceabf16d-c438-4701-841e-376ec66232e9,needs_review,forced_needs_review_candidate_fold,True,0.9707,3.5000,3.5000,4,479,,0,0,0,0,0,1,0,0
Dan Wilson,a956fa47f62c4a7da41195f66a4a19c7,9f41f18b-23b2-4052-af25-0664dbfc9085,https://musicbrainz.org/artist/9f41f18b-23b2-4052-af25-0664dbfc9085,9f41f18b-23b2-4052-af25-0664dbfc9085,https://musicbrainz.org/artist/9f41f18b-23b2-4052-af25-0664dbfc9085,needs_review,forced_needs_review_candidate_fold,True,0.9707,3.5000,3.5000,10,797,,0,0,1,0,0,0,0,0
Danny O'Keefe,fe7455472f484dee8ee06c4c566817f1,0073c699-8759-494c-a9b3-655ddf353f15,https://musicbrainz.org/artist/0073c699-8759-494c-a9b3-655ddf353f15,0073c699-8759-494c-a9b3-655ddf353f15,https://musicbrainz.org/artist/0073c699-8759-494c-a9b3-655ddf353f15,needs_review,forced_needs_review_candidate_fold,True,0.9707,3.5000,3.5000,4,308,,0,0,0,0,0,1,0,0
Dante Smith,0bc0df1e4817496d816aff6c74f7ccd6,,,f5c4c27e-5902-4fc0-adfb-7775da3d5363,https://musicbrainz.org/artist/f5c4c27e-5902-4fc0-adfb-7775da3d5363,needs_review,forced_needs_review_candidate_fold,,0.9707,3.5000,3.5000,4,373,,0,0,0,0,0,1,0,0
Darren Seltmann,fba0ec47f2124e8d8bf3a4ecacb4b587,4fe167f3-5757-406f-8e4b-4c9dc83cf09e,https://musicbrainz.org/artist/4fe167f3-5757-406f-8e4b-4c9dc83cf09e,4fe167f3-5757-406f-8e4b-4c9dc83cf09e,https://musicbrainz.org/artist/4fe167f3-5757-406f-8e4b-4c9dc83cf09e,needs_review,forced_needs_review_candidate_fold,True,0.9707,3.5000,3.5000,4,315,,0,0,0,0,0,1,0,0
Dave McCabe,1e7e009324094f02ab9eeb8a82793d5d,1162c7c8-9af7-4b88-ac93-0d3ef6b72d81,https://musicbrainz.org/artist/1162c7c8-9af7-4b88-ac93-0d3ef6b72d81,1162c7c8-9af7-4b88-ac93-0d3ef6b72d81,https://musicbrainz.org/artist/1162c7c8-9af7-4b88-ac93-0d3ef6b72d81,needs_review,forced_needs_review_candidate_fold,True,0.9707,3.5000,3.5000,5,407,,0,0,0,0,0,1,0,0
Dave Pierce,43ee7f0fc7ea4113a4bdc91ef58cd047,a95e456f-0228-4ccc-ba49-e4888ce828b1,https://musicbrainz.org/artist/a95e456f-0228-4ccc-ba49-e4888ce828b1,23c9ce8f-5fe9-4949-8957-a2fe3f9cc2ef,https://musicbrainz.org/artist/23c9ce8f-5fe9-4949-8957-a2fe3f9cc2ef,needs_review,forced_needs_review_candidate_fold,False,0.9707,3.5000,3.5000,6,531,,0,0,0,0,0,1,0,0
Dave Stewart,a185d75f74c346cd83dfca76a8a3eb5d,183da50a-b033-408e-862b-cab1c2425cff,https://musicbrainz.org/artist/183da50a-b033-408e-862b-cab1c2425cff,183da50a-b033-408e-862b-cab1c2425cff,https://musicbrainz.org/artist/183da50a-b033-408e-862b-cab1c2425cff,needs_review,forced_needs_review_candidate_fold,True,0.9707,3.5000,3.5000,18,1415,,0,0,1,0,0,0,0,0
Davey Johnstone,2037498f192040ba98276be54aa6dcd7,df579c81-4154-4aaa-be94-4b460334b318,https://musicbrainz.org/artist/df579c81-4154-4aaa-be94-4b460334b318,df579c81-4154-4aaa-be94-4b460334b318,https://musicbrainz.org/artist/df579c81-4154-4aaa-be94-4b460334b318,needs_review,forced_needs_review_candidate_fold,True,0.9707,3.5000,3.5000,5,464,,0,0,0,0,0,1,0,0
David Carron,059169a30e10489ca02970a4ba1759e9,fb9b0906-a744-417d-b50c-d5556125c0e5,https://musicbrainz.org/artist/fb9b0906-a744-417d-b50c-d5556125c0e5,fb9b0906-a744-417d-b50c-d5556125c0e5,https://musicbrainz.org/artist/fb9b0906-a744-417d-b50c-d5556125c0e5,needs_review,forced_needs_review_candidate_fold,True,0.9707,3.5000,3.5000,4,367,,0,0,0,0,0,1,0,0
David Foster,205add250f0044c58f731d676ecbc6a0,04456b86-d064-4643-a57f-df9ef42a46d9,https://musicbrainz.org/artist/04456b86-d064-4643-a57f-df9ef42a46d9,04456b86-d064-4643-a57f-df9ef42a46d9,https://musicbrainz.org/artist/04456b86-d064-4643-a57f-df9ef42a46d9,needs_review,forced_needs_review_candidate_fold,True,0.9707,3.5000,3.5000,11,996,,0,0,0,0,0,1,0,0
David Freeman,617a15267d2e408cbf52177f67d6788b,df953bcc-b2c6-4148-a088-18140ebcc647,https://musicbrainz.org/artist/df953bcc-b2c6-4148-a088-18140ebcc647,df953bcc-b2c6-4148-a088-18140ebcc647,https://musicbrainz.org/artist/df953bcc-b2c6-4148-a088-18140ebcc647,needs_review,forced_needs_review_candidate_fold,True,0.8581,1.8000,1.8000,11,968,,0,0,0,0,0,0,1,0
David Lee Roth,bc69a75d0dd0459a90c1b14cc9efb736,802d37d5-0aaa-492e-b366-99f75e5a196f,https://musicbrainz.org/artist/802d37d5-0aaa-492e-b366-99f75e5a196f,802d37d5-0aaa-492e-b366-99f75e5a196f,https://musicbrainz.org/artist/802d37d5-0aaa-492e-b366-99f75e5a196f,needs_review,forced_needs_review_candidate_fold,True,0.9707,3.5000,3.5000,3,344,,1,0,0,0,0,0,0,0
David Mallett,9ad310b537194adc9522e0963a5065bf,060cf9ff-f97e-40de-ab0f-c1cf00bbe6b4,https://musicbrainz.org/artist/060cf9ff-f97e-40de-ab0f-c1cf00bbe6b4,060cf9ff-f97e-40de-ab0f-c1cf00bbe6b4,https://musicbrainz.org/artist/060cf9ff-f97e-40de-ab0f-c1cf00bbe6b4,needs_review,forced_needs_review_candidate_fold,True,0.9707,3.5000,3.5000,5,397,,0,0,0,0,0,1,0,0
David Martin,5b938bfb3b6040df88c1563fc1fb4b55,d518ccb5-d04e-4fe4-bf04-3c306137f68f,https://musicbrainz.org/artist/d518ccb5-d04e-4fe4-bf04-3c306137f68f,d518ccb5-d04e-4fe4-bf04-3c306137f68f,https://musicbrainz.org/artist/d518ccb5-d04e-4fe4-bf04-3c306137f68f,needs_review,forced_needs_review_candidate_fold,True,0.9707,3.5000,3.5000,24,2207,,0,0,0,0,0,1,0,0
David Munday,e66b266744304063873eb1dadc5df0d5,41693fbe-b4b8-472b-8d53-d865819c3b77,https://musicbrainz.org/artist/41693fbe-b4b8-472b-8d53-d865819c3b77,41693fbe-b4b8-472b-8d53-d865819c3b77,https://musicbrainz.org/artist/41693fbe-b4b8-472b-8d53-d865819c3b77,needs_review,forced_needs_review_candidate_fold,True,0.9707,3.5000,3.5000,4,284,,0,0,0,0,0,1,0,0
David Palmer,e0781927f59d414db892e4f5c6904dfa,f06616a5-6f80-4210-a79f-2e1ac4ffbe45,https://musicbrainz.org/artist/f06616a5-6f80-4210-a79f-2e1ac4ffbe45,d19c9b44-ac0e-4548-88d5-da6653ca90c5,https://musicbrainz.org/artist/d19c9b44-ac0e-4548-88d5-da6653ca90c5,needs_review,forced_needs_review_candidate_fold,False,0.8581,1.8000,1.8000,21,1785,,0,0,0,0,0,0,1,0
David Pomeranz,29d9f12a9e6b4c5bbfdef236dc39cd93,3f0f7527-4148-4085-a0cf-ffd89396683b,https://musicbrainz.org/artist/3f0f7527-4148-4085-a0cf-ffd89396683b,3f0f7527-4148-4085-a0cf-ffd89396683b,https://musicbrainz.org/artist/3f0f7527-4148-4085-a0cf-ffd89396683b,needs_review,forced_needs_review_candidate_fold,True,0.9707,3.5000,3.5000,9,734,,0,0,0,0,0,1,0,0
David Porter,291ffc3f3d2e4f4f98e75a8bf01b6083,f072fd2b-1ffa-4e54-a4c4-678741234ee2,https://musicbrainz.org/artist/f072fd2b-1ffa-4e54-a4c4-678741234ee2,f072fd2b-1ffa-4e54-a4c4-678741234ee2,https://musicbrainz.org/artist/f072fd2b-1ffa-4e54-a4c4-678741234ee2,needs_review,forced_needs_review_candidate_fold,True,0.9707,3.5000,3.5000,11,1085,,0,0,0,0,0,1,0,0
David Rawlings,c1c1eebc0b4d44feabae7ae948df67f4,3019ab78-2968-4141-9eab-521e16b877dd,https://musicbrainz.org/artist/3019ab78-2968-4141-9eab-521e16b877dd,3019ab78-2968-4141-9eab-521e16b877dd,https://musicbrainz.org/artist/3019ab78-2968-4141-9eab-521e16b877dd,needs_review,forced_needs_review_candidate_fold,True,0.9707,3.5000,3.5000,4,379,,0,0,0,0,0,1,0,0
David Thomas,6b1edde789434cfb9f43611cadcb4156,b6459915-9b42-477a-aa17-fdcae9ff2d13,https://musicbrainz.org/artist/b6459915-9b42-477a-aa17-fdcae9ff2d13,b6459915-9b42-477a-aa17-fdcae9ff2d13,https://musicbrainz.org/artist/b6459915-9b42-477a-aa17-fdcae9ff2d13,needs_review,forced_needs_review_candidate_fold,True,0.9707,3.5000,3.5000,27,2404,,0,0,0,0,0,1,0,0
David Trimnell,7a89761885cb43ea90a97a71bee577ae,c832b5c1-2398-49eb-86b5-c33f9c234bce,https://musicbrainz.org/artist/c832b5c1-2398-49eb-86b5-c33f9c234bce,c832b5c1-2398-49eb-86b5-c33f9c234bce,https://musicbrainz.org/artist/c832b5c1-2398-49eb-86b5-c33f9c234bce,needs_review,forced_needs_review_candidate_fold,True,0.9707,3.5000,3.5000,4,374,,0,0,0,0,0,1,0,0
David Tyson,1cad490548a34324bf8daae3bfa6bfee,d9983886-014c-4530-b18e-75d8fd8bd49e,https://musicbrainz.org/artist/d9983886-014c-4530-b18e-75d8fd8bd49e,d9983886-014c-4530-b18e-75d8fd8bd49e,https://musicbrainz.org/artist/d9983886-014c-4530-b18e-75d8fd8bd49e,needs_review,forced_needs_review_candidate_fold,True,0.9707,3.5000,3.5000,5,395,,0,0,0,0,0,1,0,0
Davis Plumber,28d2d151e62b40eda5508c29bd4a87e2,4cabf4c6-9692-440d-9882-951ce1b90bdc,https://musicbrainz.org/artist/4cabf4c6-9692-440d-9882-951ce1b90bdc,4cabf4c6-9692-440d-9882-951ce1b90bdc,https://musicbrainz.org/artist/4cabf4c6-9692-440d-9882-951ce1b90bdc,needs_review,forced_needs_review_candidate_fold,True,0.9707,3.5000,3.5000,4,434,,0,0,0,0,0,1,0,0
De Straat,594bc8022cfd4269b70b4de2fbcc1234,2ca66232-ed87-4e60-99a6-ccaec14a63f5,https://musicbrainz.org/artist/2ca66232-ed87-4e60-99a6-ccaec14a63f5,2ca66232-ed87-4e60-99a6-ccaec14a63f5,https://musicbrainz.org/artist/2ca66232-ed87-4e60-99a6-ccaec14a63f5,needs_review,forced_needs_review_candidate_fold,True,0.9707,3.5000,3.5000,5,406,,0,0,1,0,0,0,0,0
Dee Daniels,574c9723cece468ea266a40de684e02d,1fdac012-a3f6-4e5b-95ba-14fa9d628466,https://musicbrainz.org/artist/1fdac012-a3f6-4e5b-95ba-14fa9d628466,1fdac012-a3f6-4e5b-95ba-14fa9d628466,https://musicbrainz.org/artist/1fdac012-a3f6-4e5b-95ba-14fa9d628466,needs_review,forced_needs_review_candidate_fold,True,0.9707,3.5000,3.5000,3,225,,0,0,1,0,0,0,0,0
Del McCoury,5fcd66335c164e03b2129fe345feafe9,e61892d0-4ad2-474a-a5fa-479dc28075ed,https://musicbrainz.org/artist/e61892d0-4ad2-474a-a5fa-479dc28075ed,e61892d0-4ad2-474a-a5fa-479dc28075ed,https://musicbrainz.org/artist/e61892d0-4ad2-474a-a5fa-479dc28075ed,needs_review,forced_needs_review_candidate_fold,True,0.9707,3.5000,3.5000,5,469,,0,0,0,0,0,1,0,0
Del Serino,95caf7c3e95a4832b5228c8d114dfe7a,772c16da-ee6c-46e8-9792-01eac4a65037,https://musicbrainz.org/artist/772c16da-ee6c-46e8-9792-01eac4a65037,772c16da-ee6c-46e8-9792-01eac4a65037,https://musicbrainz.org/artist/772c16da-ee6c-46e8-9792-01eac4a65037,needs_review,forced_needs_review_candidate_fold,True,0.9707,3.5000,3.5000,4,459,,0,0,0,0,0,1,0,0
Delroy Cooper,c0fdec23c23647589c251ed21295f39e,945c178b-54b4-4ad1-86c7-af98adf85c57,https://musicbrainz.org/artist/945c178b-54b4-4ad1-86c7-af98adf85c57,1333672d-005c-4169-a871-c40fd0565f1a,https://musicbrainz.org/artist/1333672d-005c-4169-a871-c40fd0565f1a,needs_review,forced_needs_review_candidate_fold,False,0.9707,3.5000,3.5000,5,451,,0,0,0,0,0,1,0,0
Demis Roussos,7a5e8416ddbd4bad8a70add20f473719,b3fa1a75-d947-4f32-9f5d-dc72d7438afa,https://musicbrainz.org/artist/b3fa1a75-d947-4f32-9f5d-dc72d7438afa,b3fa1a75-d947-4f32-9f5d-dc72d7438afa,https://musicbrainz.org/artist/b3fa1a75-d947-4f32-9f5d-dc72d7438afa,needs_review,forced_needs_review_candidate_fold,True,0.9707,3.5000,3.5000,3,234,,0,0,1,0,0,0,0,0
Dennis Brown,c2c0090603f14b759a9e6fe403d79931,24c0aaf3-4ac2-4f9a-9ce6-a1545a96f017,https://musicbrainz.org/artist/24c0aaf3-4ac2-4f9a-9ce6-a1545a96f017,24c0aaf3-4ac2-4f9a-9ce6-a1545a96f017,https://musicbrainz.org/artist/24c0aaf3-4ac2-4f9a-9ce6-a1545a96f017,needs_review,forced_needs_review_candidate_fold,True,0.9707,3.5000,3.5000,4,341,,0,0,1,0,0,0,0,0
Dennis Dunaway,b7b029f09e834ec882b3d6752f105237,181f2652-ca5c-4981-a60c-c51c00bbd97a,https://musicbrainz.org/artist/181f2652-ca5c-4981-a60c-c51c00bbd97a,181f2652-ca5c-4981-a60c-c51c00bbd97a,https://musicbrainz.org/artist/181f2652-ca5c-4981-a60c-c51c00bbd97a,needs_review,forced_needs_review_candidate_fold,True,0.9707,3.5000,3.5000,5,590,,0,0,0,0,0,1,0,0
Derrick Harris,0e41002b2a0147e3a0d54af7d2e1e4a4,,,5388defc-9f4e-4b0c-893d-3906c90268b8,https://musicbrainz.org/artist/5388defc-9f4e-4b0c-893d-3906c90268b8,needs_review,forced_needs_review_candidate_fold,,0.9707,3.5000,3.5000,4,414,,0,0,0,0,0,1,0,0
Desmond Child,158cfa2cdf0640179df53e9b0bee53a0,c981b771-e3d8-4709-bf00-3b3ce479b675,https://musicbrainz.org/artist/c981b771-e3d8-4709-bf00-3b3ce479b675,c981b771-e3d8-4709-bf00-3b3ce479b675,https://musicbrainz.org/artist/c981b771-e3d8-4709-bf00-3b3ce479b675,needs_review,forced_needs_review_candidate_fold,True,0.9707,3.5000,3.5000,5,625,,0,0,0,0,0,1,0,0
DeVante Swing,9083e8b4778a4f5cb73547a319e2a36f,758b32a7-796f-4d7b-999c-53999ad2f072,https://musicbrainz.org/artist/758b32a7-796f-4d7b-999c-53999ad2f072,758b32a7-796f-4d7b-999c-53999ad2f072,https://musicbrainz.org/artist/758b32a7-796f-4d7b-999c-53999ad2f072,needs_review,forced_needs_review_candidate_fold,True,0.9707,3.5000,3.5000,4,399,,0,0,0,0,0,1,0,0
Diane Warren,1fbb8c9cab9a431284c0be2fe6725732,68cff6ec-3751-4bd5-9254-f4a77fe7e08f,https://musicbrainz.org/artist/68cff6ec-3751-4bd5-9254-f4a77fe7e08f,68cff6ec-3751-4bd5-9254-f4a77fe7e08f,https://musicbrainz.org/artist/68cff6ec-3751-4bd5-9254-f4a77fe7e08f,needs_review,forced_needs_review_candidate_fold,True,0.9707,3.5000,3.5000,4,610,,0,0,0,0,0,1,0,0
Dick Broekema,a88a97fd850544a387de27b21a80eabc,ee157b4e-e32e-44a9-89bf-0108615551e7,https://musicbrainz.org/artist/ee157b4e-e32e-44a9-89bf-0108615551e7,ee157b4e-e32e-44a9-89bf-0108615551e7,https://musicbrainz.org/artist/ee157b4e-e32e-44a9-89bf-0108615551e7,needs_review,forced_needs_review_candidate_fold,True,0.9707,3.5000,3.5000,3,250,,0,0,1,0,0,0,0,0
Dick Wagner,3b1b3225a9e444608f3b4e5518caa2ae,f92d6bfd-76e7-4394-aaec-9490756eb50c,https://musicbrainz.org/artist/f92d6bfd-76e7-4394-aaec-9490756eb50c,f92d6bfd-76e7-4394-aaec-9490756eb50c,https://musicbrainz.org/artist/f92d6bfd-76e7-4394-aaec-9490756eb50c,needs_review,forced_needs_review_candidate_fold,True,0.9707,3.5000,3.5000,11,781,,0,0,0,0,0,1,0,0
Dizzy Gillespie,0bc8389fae1741738b48a816eef92dd6,e9ba8ccb-505f-4e5c-b909-65998d0d35b5,https://musicbrainz.org/artist/e9ba8ccb-505f-4e5c-b909-65998d0d35b5,e9ba8ccb-505f-4e5c-b909-65998d0d35b5,https://musicbrainz.org/artist/e9ba8ccb-505f-4e5c-b909-65998d0d35b5,needs_review,forced_needs_review_candidate_fold,True,0.9991,7.0000,3.5000,10,940,,0,0,2,0,0,1,0,0
DJ Hurricane,8ce528655f7248eeb88d16da4315192c,dc3e1d33-af8c-4dc1-91e8-2d6b5625f94c,https://musicbrainz.org/artist/dc3e1d33-af8c-4dc1-91e8-2d6b5625f94c,dc3e1d33-af8c-4dc1-91e8-2d6b5625f94c,https://musicbrainz.org/artist/dc3e1d33-af8c-4dc1-91e8-2d6b5625f94c,needs_review,forced_needs_review_candidate_fold,True,0.9707,3.5000,3.5000,5,478,,0,0,0,0,0,1,0,0
DJ Premier,84ae390a86164184af09d81f0dc24e7f,084e06f5-3c82-4b71-bd94-dd69e7bd515e,https://musicbrainz.org/artist/084e06f5-3c82-4b71-bd94-dd69e7bd515e,084e06f5-3c82-4b71-bd94-dd69e7bd515e,https://musicbrainz.org/artist/084e06f5-3c82-4b71-bd94-dd69e7bd515e,needs_review,forced_needs_review_candidate_fold,True,0.9707,3.5000,3.5000,4,391,,0,0,0,0,0,1,0,0
Djembe Percussion Group Madinka,d6d1076afcd54746bfa2823c18cbccfc,2128c457-f6d9-416e-85ad-034c5c9ad940,https://musicbrainz.org/artist/2128c457-f6d9-416e-85ad-034c5c9ad940,2128c457-f6d9-416e-85ad-034c5c9ad940,https://musicbrainz.org/artist/2128c457-f6d9-416e-85ad-034c5c9ad940,needs_review,forced_needs_review_candidate_fold,True,0.9707,3.5000,3.5000,3,245,,0,0,1,0,0,0,0,0
Dmitri Dmitrievich Shostakovich,be0557002b054490acbfede4816be5b7,,,,,needs_review,,,0.0000,0.0000,0.0000,8,455,,0,0,0,0,0,0,0,0
Dmitri Shostakovich,9259d81da62144b69697135c17401e12,519dd32e-8f30-4380-8826-7aa99169e1bb,https://musicbrainz.org/artist/519dd32e-8f30-4380-8826-7aa99169e1bb,519dd32e-8f30-4380-8826-7aa99169e1bb,https://musicbrainz.org/artist/519dd32e-8f30-4380-8826-7aa99169e1bb,needs_review,forced_needs_review_candidate_fold,True,0.8581,1.8000,1.8000,4,387,,0,0,0,1,0,0,0,0
Doc Watson,86a3d5c71d0f4b3aaebb29e60d159d8a,8aa38215-217d-432e-aca6-f2d85b05e843,https://musicbrainz.org/artist/8aa38215-217d-432e-aca6-f2d85b05e843,8aa38215-217d-432e-aca6-f2d85b05e843,https://musicbrainz.org/artist/8aa38215-217d-432e-aca6-f2d85b05e843,needs_review,forced_needs_review_candidate_fold,True,0.9707,3.5000,3.5000,6,568,,0,0,0,0,0,1,0,0
Don Covay,ddba616dff964911bdd2f83bd844c7ff,8b98f267-a203-4e69-a6cb-996d4cfecaf7,https://musicbrainz.org/artist/8b98f267-a203-4e69-a6cb-996d4cfecaf7,8b98f267-a203-4e69-a6cb-996d4cfecaf7,https://musicbrainz.org/artist/8b98f267-a203-4e69-a6cb-996d4cfecaf7,needs_review,forced_needs_review_candidate_fold,True,0.9707,3.5000,3.5000,5,526,,0,0,0,0,0,1,0,0
Don Everly,d8cb1af75a1c459b86362694cc883bfc,e008fbcd-cbe6-40af-a89f-581ba041b5ba,https://musicbrainz.org/artist/e008fbcd-cbe6-40af-a89f-581ba041b5ba,e008fbcd-cbe6-40af-a89f-581ba041b5ba,https://musicbrainz.org/artist/e008fbcd-cbe6-40af-a89f-581ba041b5ba,needs_review,forced_needs_review_candidate_fold,True,0.9707,3.5000,3.5000,4,440,,0,0,0,0,0,1,0,0
Don Raye,1bd0835a6a4a4088a9bd288db61033e7,96ae8237-7675-4d69-b357-c5d6969cef65,https://musicbrainz.org/artist/96ae8237-7675-4d69-b357-c5d6969cef65,96ae8237-7675-4d69-b357-c5d6969cef65,https://musicbrainz.org/artist/96ae8237-7675-4d69-b357-c5d6969cef65,needs_review,forced_needs_review_candidate_fold,True,0.9707,3.5000,3.5000,5,489,,0,0,0,0,0,1,0,0
Don Robey,5d928fa7942f4126babb6b54fc47c1d2,2e1620fc-6474-4026-a7d6-f10156965707,https://musicbrainz.org/artist/2e1620fc-6474-4026-a7d6-f10156965707,2e1620fc-6474-4026-a7d6-f10156965707,https://musicbrainz.org/artist/2e1620fc-6474-4026-a7d6-f10156965707,needs_review,forced_needs_review_candidate_fold,True,0.9707,3.5000,3.5000,4,516,,0,0,0,0,0,1,0,0
Don Rollins,5ab561449f1e4923bd3a746e0fa00a88,26fa20ff-c2d9-4ba9-91f3-1a39bc651c99,https://musicbrainz.org/artist/26fa20ff-c2d9-4ba9-91f3-1a39bc651c99,26fa20ff-c2d9-4ba9-91f3-1a39bc651c99,https://musicbrainz.org/artist/26fa20ff-c2d9-4ba9-91f3-1a39bc651c99,needs_review,forced_needs_review_candidate_fold,True,0.9707,3.5000,3.5000,10,766,,0,0,0,0,0,1,0,0
Don Sampson,53582999605f483e9aa9f895901c74ce,72a2387c-9bd2-48f3-a739-25b42cc2b9f4,https://musicbrainz.org/artist/72a2387c-9bd2-48f3-a739-25b42cc2b9f4,72a2387c-9bd2-48f3-a739-25b42cc2b9f4,https://musicbrainz.org/artist/72a2387c-9bd2-48f3-a739-25b42cc2b9f4,needs_review,forced_needs_review_candidate_fold,True,0.9707,3.5000,3.5000,4,382,,0,0,0,0,0,1,0,0
Don Schlitz,898c79b1fb8d400582ca485efe9eb602,7c4ab1f9-96cf-46e9-9f5d-2160af37edd1,https://musicbrainz.org/artist/7c4ab1f9-96cf-46e9-9f5d-2160af37edd1,7c4ab1f9-96cf-46e9-9f5d-2160af37edd1,https://musicbrainz.org/artist/7c4ab1f9-96cf-46e9-9f5d-2160af37edd1,needs_review,forced_needs_review_candidate_fold,True,0.9707,3.5000,3.5000,4,354,,0,0,0,0,0,1,0,0
Don Williams,fd474f937bb64eecb0a17753d644e134,741bd697-e595-4e47-a97d-688b4b9e0df2,https://musicbrainz.org/artist/741bd697-e595-4e47-a97d-688b4b9e0df2,741bd697-e595-4e47-a97d-688b4b9e0df2,https://musicbrainz.org/artist/741bd697-e595-4e47-a97d-688b4b9e0df2,needs_review,forced_needs_review_candidate_fold,True,0.9707,3.5000,3.5000,9,772,,0,0,1,0,0,0,0,0
Donna Hughes,3a857f24ef0a4b63a43398a24d583cf5,6f3a8f32-16d6-44f0-bd26-5f8d8c66bda3,https://musicbrainz.org/artist/6f3a8f32-16d6-44f0-bd26-5f8d8c66bda3,6f3a8f32-16d6-44f0-bd26-5f8d8c66bda3,https://musicbrainz.org/artist/6f3a8f32-16d6-44f0-bd26-5f8d8c66bda3,needs_review,forced_needs_review_candidate_fold,True,0.9707,3.5000,3.5000,4,382,,0,0,0,0,0,1,0,0
Donovan,e771e5e5492747b087f5939bdc7e355f,72d7d717-0837-4f2a-9641-d0f9fdd3acf7,https://musicbrainz.org/artist/72d7d717-0837-4f2a-9641-d0f9fdd3acf7,72d7d717-0837-4f2a-9641-d0f9fdd3acf7,https://musicbrainz.org/artist/72d7d717-0837-4f2a-9641-d0f9fdd3acf7,needs_review,forced_needs_review_candidate_fold,True,0.9707,3.5000,3.5000,4,348,,0,0,1,0,0,0,0,0
Donovan Jackson,fc4b6c64607f4cdcbb0c4832f3baaf42,fcf1c52a-c493-4270-931c-15aebb653688,https://musicbrainz.org/artist/fcf1c52a-c493-4270-931c-15aebb653688,fcf1c52a-c493-4270-931c-15aebb653688,https://musicbrainz.org/artist/fcf1c52a-c493-4270-931c-15aebb653688,needs_review,forced_needs_review_candidate_fold,True,0.9707,3.5000,3.5000,4,375,,0,0,0,0,0,1,0,0
Dorian Burton,7e2c06b4140242fa992268452c06d841,a7bfc35c-1e49-4d17-b72e-a78598e05524,https://musicbrainz.org/artist/a7bfc35c-1e49-4d17-b72e-a78598e05524,a7bfc35c-1e49-4d17-b72e-a78598e05524,https://musicbrainz.org/artist/a7bfc35c-1e49-4d17-b72e-a78598e05524,needs_review,forced_needs_review_candidate_fold,True,0.9707,3.5000,3.5000,4,449,,0,0,0,0,0,1,0,0
Dorival Caymmi,64d84f4c79ed4201befd5d1c3c6fe47f,bec2162c-6a15-4bfd-a69c-3e35c4fb1f19,https://musicbrainz.org/artist/bec2162c-6a15-4bfd-a69c-3e35c4fb1f19,bec2162c-6a15-4bfd-a69c-3e35c4fb1f19,https://musicbrainz.org/artist/bec2162c-6a15-4bfd-a69c-3e35c4fb1f19,needs_review,forced_needs_review_candidate_fold,True,0.9707,3.5000,3.5000,4,342,,0,0,0,0,0,1,0,0
Dorothy LaBostrie,733dec4f5542441f8712724f0eb1693e,f3897319-c9a4-4550-8b20-de5d508f8f15,https://musicbrainz.org/artist/f3897319-c9a4-4550-8b20-de5d508f8f15,f3897319-c9a4-4550-8b20-de5d508f8f15,https://musicbrainz.org/artist/f3897319-c9a4-4550-8b20-de5d508f8f15,needs_review,forced_needs_review_candidate_fold,True,0.9707,3.5000,3.5000,4,444,,0,0,0,0,0,1,0,0
Dr. Dre,f0b34f4574f24d1fa913e84b6cb59490,5f6ab597-f57a-40da-be9e-adad48708203,https://musicbrainz.org/artist/5f6ab597-f57a-40da-be9e-adad48708203,5f6ab597-f57a-40da-be9e-adad48708203,https://musicbrainz.org/artist/5f6ab597-f57a-40da-be9e-adad48708203,needs_review,forced_needs_review_candidate_fold,True,0.9707,3.5000,3.5000,4,671,,0,0,1,0,0,0,0,0
Duane Hitchings,a50ba4b03188493aaa424d514ac605b6,21e6aab7-8077-4351-b013-f3f29772714c,https://musicbrainz.org/artist/21e6aab7-8077-4351-b013-f3f29772714c,21e6aab7-8077-4351-b013-f3f29772714c,https://musicbrainz.org/artist/21e6aab7-8077-4351-b013-f3f29772714c,needs_review,forced_needs_review_candidate_fold,True,0.9707,3.5000,3.5000,4,351,,0,0,0,0,0,1,0,0
Duke Ellington,afa2ac8db7cd4b0b896cf41ae306f787,3af06bc4-68ad-4cae-bb7a-7eeeb45e411f,https://musicbrainz.org/artist/3af06bc4-68ad-4cae-bb7a-7eeeb45e411f,3af06bc4-68ad-4cae-bb7a-7eeeb45e411f,https://musicbrainz.org/artist/3af06bc4-68ad-4cae-bb7a-7eeeb45e411f,needs_review,forced_needs_review_candidate_fold,True,0.8581,1.8000,1.8000,7,778,,0,0,0,1,0,0,0,0
Earl Chinna Smith,cb50136f5b154d8fbc9e42f2782d9970,10100f8f-1ac0-4be3-b560-6ffb29243dd7,https://musicbrainz.org/artist/10100f8f-1ac0-4be3-b560-6ffb29243dd7,10100f8f-1ac0-4be3-b560-6ffb29243dd7,https://musicbrainz.org/artist/10100f8f-1ac0-4be3-b560-6ffb29243dd7,needs_review,forced_needs_review_candidate_fold,True,0.9707,3.5000,3.5000,4,399,,0,0,0,0,0,1,0,0
Ed Cobb,5f8dc23ff7a04e22b6169e5d6d50ea16,996077ea-19a8-4f75-a817-c166637ffc48,https://musicbrainz.org/artist/996077ea-19a8-4f75-a817-c166637ffc48,996077ea-19a8-4f75-a817-c166637ffc48,https://musicbrainz.org/artist/996077ea-19a8-4f75-a817-c166637ffc48,needs_review,forced_needs_review_candidate_fold,True,0.9707,3.5000,3.5000,4,376,,0,0,0,0,0,1,0,0
Ed Robertson,adf32001cab84119aee243b11e4507cf,ac560686-5bdc-4101-aa97-6f4f4993edaa,https://musicbrainz.org/artist/ac560686-5bdc-4101-aa97-6f4f4993edaa,ac560686-5bdc-4101-aa97-6f4f4993edaa,https://musicbrainz.org/artist/ac560686-5bdc-4101-aa97-6f4f4993edaa,needs_review,forced_needs_review_candidate_fold,True,0.9707,3.5000,3.5000,4,381,,0,0,0,0,0,1,0,0
Eddie Barclay,abb4ffc77df541e5a70210d395b43ecf,9aba844f-6646-425f-8d1a-9586478fdc08,https://musicbrainz.org/artist/9aba844f-6646-425f-8d1a-9586478fdc08,9aba844f-6646-425f-8d1a-9586478fdc08,https://musicbrainz.org/artist/9aba844f-6646-425f-8d1a-9586478fdc08,needs_review,forced_needs_review_candidate_fold,True,0.9707,3.5000,3.5000,5,439,,0,0,0,0,0,1,0,0
Eddie Brigati,c87eafb494de400d8fb27f06f22e61fc,d9665a9b-0868-46ca-ab4c-37355a3abc45,https://musicbrainz.org/artist/d9665a9b-0868-46ca-ab4c-37355a3abc45,d9665a9b-0868-46ca-ab4c-37355a3abc45,https://musicbrainz.org/artist/d9665a9b-0868-46ca-ab4c-37355a3abc45,needs_review,forced_needs_review_candidate_fold,True,0.9707,3.5000,3.5000,6,526,,0,0,0,0,0,1,0,0
Eddie DeLange,34dd47ff3f624a52b1c95b038a8031ae,e6def1e6-d9a8-4700-a520-b87fc4c00cc8,https://musicbrainz.org/artist/e6def1e6-d9a8-4700-a520-b87fc4c00cc8,e6def1e6-d9a8-4700-a520-b87fc4c00cc8,https://musicbrainz.org/artist/e6def1e6-d9a8-4700-a520-b87fc4c00cc8,needs_review,forced_needs_review_candidate_fold,True,0.9707,3.5000,3.5000,5,694,,0,0,0,0,0,1,0,0
Eddie Holland,8d598d770954431fa4b91be6600f0c73,7f71aced-31f0-4d09-9198-0c407a2cc6e1,https://musicbrainz.org/artist/7f71aced-31f0-4d09-9198-0c407a2cc6e1,7f71aced-31f0-4d09-9198-0c407a2cc6e1,https://musicbrainz.org/artist/7f71aced-31f0-4d09-9198-0c407a2cc6e1,needs_review,forced_needs_review_candidate_fold,True,0.9707,3.5000,3.5000,4,485,,0,0,0,0,0,1,0,0
Eddie Phillips,dd551f0078eb48d68b2f4ad52b230f1c,45bb95dc-21d5-4e01-85ec-e2880252b69d,https://musicbrainz.org/artist/45bb95dc-21d5-4e01-85ec-e2880252b69d,45bb95dc-21d5-4e01-85ec-e2880252b69d,https://musicbrainz.org/artist/45bb95dc-21d5-4e01-85ec-e2880252b69d,needs_review,forced_needs_review_candidate_fold,True,0.9707,3.5000,3.5000,4,421,,0,0,0,0,0,1,0,0
Eddie Van Halen,9ae54fbfd8e34af5a7d65e26764aa8a6,2a66baa5-9832-4fbc-8365-c9f607a89e47,https://musicbrainz.org/artist/2a66baa5-9832-4fbc-8365-c9f607a89e47,2a66baa5-9832-4fbc-8365-c9f607a89e47,https://musicbrainz.org/artist/2a66baa5-9832-4fbc-8365-c9f607a89e47,needs_review,forced_needs_review_candidate_fold,True,0.9707,3.5000,3.5000,6,555,,0,0,0,0,0,1,0,0
eden ahbez,00d962ffa6cc49a4b32fc0efba03c0a2,24c890b3-b519-43f4-8e14-e6fcd6ddbf0b,https://musicbrainz.org/artist/24c890b3-b519-43f4-8e14-e6fcd6ddbf0b,24c890b3-b519-43f4-8e14-e6fcd6ddbf0b,https://musicbrainz.org/artist/24c890b3-b519-43f4-8e14-e6fcd6ddbf0b,needs_review,forced_needs_review_candidate_fold,True,0.9707,3.5000,3.5000,4,332,,0,0,0,0,0,1,0,0
Eden Atwood,1b909456cfc34011bea99302b6250117,ab45697a-6dac-4082-bd4c-a67700f3ba95,https://musicbrainz.org/artist/ab45697a-6dac-4082-bd4c-a67700f3ba95,ab45697a-6dac-4082-bd4c-a67700f3ba95,https://musicbrainz.org/artist/ab45697a-6dac-4082-bd4c-a67700f3ba95,needs_review,forced_needs_review_candidate_fold,True,0.9707,3.5000,3.5000,3,258,,0,0,1,0,0,0,0,0
Edu Lobo,ac06293e72d2413ab91ade0fc9d868b6,e02d67b8-b581-478e-be33-c988627e4050,https://musicbrainz.org/artist/e02d67b8-b581-478e-be33-c988627e4050,e02d67b8-b581-478e-be33-c988627e4050,https://musicbrainz.org/artist/e02d67b8-b581-478e-be33-c988627e4050,needs_review,,True,0.5000,0.0000,0.0000,11,910,,0,0,0,0,0,0,0,0
Edvard Førre Erfjord,bb80f78325c741589e02793fe5a38ecc,ff7a4fb0-2fc2-45f2-92a0-252438af7b8b,https://musicbrainz.org/artist/ff7a4fb0-2fc2-45f2-92a0-252438af7b8b,ff7a4fb0-2fc2-45f2-92a0-252438af7b8b,https://musicbrainz.org/artist/ff7a4fb0-2fc2-45f2-92a0-252438af7b8b,needs_review,forced_needs_review_candidate_fold,True,0.9707,3.5000,3.5000,4,381,,0,0,0,0,0,1,0,0
Eg White,428728442c9545519bb9046730ea1ea1,56620768-362d-438d-b7e8-86eaa0383a93,https://musicbrainz.org/artist/56620768-362d-438d-b7e8-86eaa0383a93,56620768-362d-438d-b7e8-86eaa0383a93,https://musicbrainz.org/artist/56620768-362d-438d-b7e8-86eaa0383a93,needs_review,forced_needs_review_candidate_fold,True,0.9707,3.5000,3.5000,5,609,,0,0,0,0,0,1,0,0
Ekundayo Paris,0c44aa15d3434d8fb068b3d0db351919,c03ab2f8-1734-4edc-af0a-37a4bdd4cf74,https://musicbrainz.org/artist/c03ab2f8-1734-4edc-af0a-37a4bdd4cf74,c03ab2f8-1734-4edc-af0a-37a4bdd4cf74,https://musicbrainz.org/artist/c03ab2f8-1734-4edc-af0a-37a4bdd4cf74,needs_review,forced_needs_review_candidate_fold,True,0.9707,3.5000,3.5000,4,497,,0,0,0,0,0,1,0,0
Elio Isola,88223dcdbab346b2b64d17e30853fb34,9ef3ad02-dd9c-4bf9-ae87-d65f0b3dd383,https://musicbrainz.org/artist/9ef3ad02-dd9c-4bf9-ae87-d65f0b3dd383,9ef3ad02-dd9c-4bf9-ae87-d65f0b3dd383,https://musicbrainz.org/artist/9ef3ad02-dd9c-4bf9-ae87-d65f0b3dd383,needs_review,forced_needs_review_candidate_fold,True,0.9707,3.5000,3.5000,4,356,,0,0,0,0,0,1,0,0
Ellen Shipley,95470116f98a409c9cc0aebbb18543a1,ca16c69f-28fc-41a7-93dc-70177b7e257d,https://musicbrainz.org/artist/ca16c69f-28fc-41a7-93dc-70177b7e257d,ca16c69f-28fc-41a7-93dc-70177b7e257d,https://musicbrainz.org/artist/ca16c69f-28fc-41a7-93dc-70177b7e257d,needs_review,forced_needs_review_candidate_fold,True,0.9707,3.5000,3.5000,4,590,,0,0,0,0,0,1,0,0
Elsie Mae,bfea880428d34b52aa45a861c4bd3e4e,7e6c1d04-577e-4204-89f5-abfd63ca3e61,https://musicbrainz.org/artist/7e6c1d04-577e-4204-89f5-abfd63ca3e61,7e6c1d04-577e-4204-89f5-abfd63ca3e61,https://musicbrainz.org/artist/7e6c1d04-577e-4204-89f5-abfd63ca3e61,needs_review,forced_needs_review_candidate_fold,True,0.9707,3.5000,3.5000,5,397,,0,0,1,0,0,0,0,0
Elvis Costello,f8129b8df80244aea61dcbb0a8836fa3,8a338e06-d182-46f2-bd16-30a09bc840ba,https://musicbrainz.org/artist/8a338e06-d182-46f2-bd16-30a09bc840ba,8a338e06-d182-46f2-bd16-30a09bc840ba,https://musicbrainz.org/artist/8a338e06-d182-46f2-bd16-30a09bc840ba,needs_review,forced_needs_review_candidate_fold,True,0.9991,7.0000,3.5000,5,446,,3,0,0,0,0,0,0,0
Emeli Sandé,6014a252a0074f4a9355c7bc42969696,7cfaac66-62e5-4fcd-af1b-9d3aa8f68e8b,https://musicbrainz.org/artist/7cfaac66-62e5-4fcd-af1b-9d3aa8f68e8b,7cfaac66-62e5-4fcd-af1b-9d3aa8f68e8b,https://musicbrainz.org/artist/7cfaac66-62e5-4fcd-af1b-9d3aa8f68e8b,needs_review,forced_needs_review_candidate_fold,True,0.9707,3.5000,3.5000,3,363,,1,0,0,0,0,0,0,0
Eric B.,eff5a5d7bfad442ca161634caf110338,925228de-bbe5-4c7b-b76f-78e382ec9148,https://musicbrainz.org/artist/925228de-bbe5-4c7b-b76f-78e382ec9148,e38ae17c-22f1-4e60-bfc5-8c98bad32473,https://musicbrainz.org/artist/e38ae17c-22f1-4e60-bfc5-8c98bad32473,needs_review,forced_needs_review_candidate_fold,False,0.9707,3.5000,3.5000,5,494,,0,0,0,0,0,1,0,0
Eric Kaz,f8cb74acb2b340f786cd0ae6b0e92e61,97b218e5-4560-4ea6-9b5d-67735c9fc5a2,https://musicbrainz.org/artist/97b218e5-4560-4ea6-9b5d-67735c9fc5a2,97b218e5-4560-4ea6-9b5d-67735c9fc5a2,https://musicbrainz.org/artist/97b218e5-4560-4ea6-9b5d-67735c9fc5a2,needs_review,forced_needs_review_candidate_fold,True,0.9707,3.5000,3.5000,4,486,,0,0,0,0,0,1,0,0
Eric Pressly,ad512f812cdd4eee84ee199601c0e3b3,67a78a70-c8b6-4c50-93da-ab105948e10c,https://musicbrainz.org/artist/67a78a70-c8b6-4c50-93da-ab105948e10c,67a78a70-c8b6-4c50-93da-ab105948e10c,https://musicbrainz.org/artist/67a78a70-c8b6-4c50-93da-ab105948e10c,needs_review,forced_needs_review_candidate_fold,True,0.9707,3.5000,3.5000,4,315,,0,0,0,0,0,1,0,0
Erik Scott,7f93ad33a6ca4a3b9de49d990dc0afcc,28cfec53-d9fc-4b08-8812-768e3f264d6d,https://musicbrainz.org/artist/28cfec53-d9fc-4b08-8812-768e3f264d6d,28cfec53-d9fc-4b08-8812-768e3f264d6d,https://musicbrainz.org/artist/28cfec53-d9fc-4b08-8812-768e3f264d6d,needs_review,forced_needs_review_candidate_fold,True,0.9707,3.5000,3.5000,5,482,,0,0,0,0,0,1,0,0
Erika Rose,cb071286f4d3459f87e7d20a30f3ff53,22cd6d16-5318-462d-b9d2-bedf3ff8cd4c,https://musicbrainz.org/artist/22cd6d16-5318-462d-b9d2-bedf3ff8cd4c,58754fc5-42f6-4fa3-b838-03ce1ae00edd,https://musicbrainz.org/artist/58754fc5-42f6-4fa3-b838-03ce1ae00edd,needs_review,forced_needs_review_candidate_fold,False,0.9707,3.5000,3.5000,5,526,,0,0,0,0,0,1,0,0
Esther Phillips,79a49a562ec14e8ab79c2f62282fb6fb,e261c42a-cbd7-4b97-8b72-218801bdc5b9,https://musicbrainz.org/artist/e261c42a-cbd7-4b97-8b72-218801bdc5b9,e261c42a-cbd7-4b97-8b72-218801bdc5b9,https://musicbrainz.org/artist/e261c42a-cbd7-4b97-8b72-218801bdc5b9,needs_review,forced_needs_review_candidate_fold,True,0.9707,3.5000,3.5000,3,253,,0,0,1,0,0,0,0,0
Eugene Record,df4c883c7dfb47f5b677c35c0a57b6e9,203d000c-4e59-49a6-ab96-5b4c0e807321,https://musicbrainz.org/artist/203d000c-4e59-49a6-ab96-5b4c0e807321,203d000c-4e59-49a6-ab96-5b4c0e807321,https://musicbrainz.org/artist/203d000c-4e59-49a6-ab96-5b4c0e807321,needs_review,forced_needs_review_candidate_fold,True,0.9707,3.5000,3.5000,4,438,,0,0,0,0,0,1,0,0
Eumir Deodato,c073b22234ea4b83bb8dec89813d5bc0,4b6d948c-372d-44e0-ba09-a649cc0e5c76,https://musicbrainz.org/artist/4b6d948c-372d-44e0-ba09-a649cc0e5c76,4b6d948c-372d-44e0-ba09-a649cc0e5c76,https://musicbrainz.org/artist/4b6d948c-372d-44e0-ba09-a649cc0e5c76,needs_review,forced_needs_review_candidate_fold,True,0.9707,3.5000,3.5000,3,275,,0,0,1,0,0,0,0,0
Evan Taubenfeld,fa0efe8b6e3143e3b66d5e0baa020325,79399e68-2b8e-4c4f-88ee-b4128292d754,https://musicbrainz.org/artist/79399e68-2b8e-4c4f-88ee-b4128292d754,79399e68-2b8e-4c4f-88ee-b4128292d754,https://musicbrainz.org/artist/79399e68-2b8e-4c4f-88ee-b4128292d754,needs_review,forced_needs_review_candidate_fold,True,0.9707,3.5000,3.5000,4,385,,0,0,0,0,0,1,0,0
Fangette Willett,49a34f1e4e1543b5bed1f600be6e980b,4507e647-cfed-4ded-8faa-00813d3fdb02,https://musicbrainz.org/artist/4507e647-cfed-4ded-8faa-00813d3fdb02,4507e647-cfed-4ded-8faa-00813d3fdb02,https://musicbrainz.org/artist/4507e647-cfed-4ded-8faa-00813d3fdb02,needs_review,forced_needs_review_candidate_fold,True,0.9707,3.5000,3.5000,4,323,,0,0,0,0,0,1,0,0
Felix Cavaliere,0a1557e133674c329cc1274d96dcb732,df64ba7e-957d-4873-b195-7e08ba039a1d,https://musicbrainz.org/artist/df64ba7e-957d-4873-b195-7e08ba039a1d,df64ba7e-957d-4873-b195-7e08ba039a1d,https://musicbrainz.org/artist/df64ba7e-957d-4873-b195-7e08ba039a1d,needs_review,forced_needs_review_candidate_fold,True,0.9707,3.5000,3.5000,6,494,,0,0,0,0,0,1,0,0
Felix Howard,2f941e3f880b4f6da4a9d9f6064ae686,2f27ef10-d219-4b08-b931-67bbd524da57,https://musicbrainz.org/artist/2f27ef10-d219-4b08-b931-67bbd524da57,2f27ef10-d219-4b08-b931-67bbd524da57,https://musicbrainz.org/artist/2f27ef10-d219-4b08-b931-67bbd524da57,needs_review,forced_needs_review_candidate_fold,True,0.9707,3.5000,3.5000,5,553,,0,0,0,0,0,1,0,0
Fiona Bevan,3902955db746404a83006706dd8f53e0,3b3b4729-82b2-4027-9af4-f284a7357622,https://musicbrainz.org/artist/3b3b4729-82b2-4027-9af4-f284a7357622,3b3b4729-82b2-4027-9af4-f284a7357622,https://musicbrainz.org/artist/3b3b4729-82b2-4027-9af4-f284a7357622,needs_review,forced_needs_review_candidate_fold,True,0.9707,3.5000,3.5000,4,406,,0,0,0,0,0,1,0,0
Fragile,48d6848d75ac49d7854ae1801eff5ea3,2504d49d-cb82-42e6-8646-d13cb02f2518,https://musicbrainz.org/artist/2504d49d-cb82-42e6-8646-d13cb02f2518,2504d49d-cb82-42e6-8646-d13cb02f2518,https://musicbrainz.org/artist/2504d49d-cb82-42e6-8646-d13cb02f2518,needs_review,forced_needs_review_candidate_fold,True,0.9707,3.5000,3.5000,21,1954,,0,0,1,0,0,0,0,0
Fran Robins,9fb04b4b80204ffdaa284718905d8188,fc450c65-a793-4b86-9b2e-4c6da39e55d8,https://musicbrainz.org/artist/fc450c65-a793-4b86-9b2e-4c6da39e55d8,fc450c65-a793-4b86-9b2e-4c6da39e55d8,https://musicbrainz.org/artist/fc450c65-a793-4b86-9b2e-4c6da39e55d8,needs_review,forced_needs_review_candidate_fold,True,0.9707,3.5000,3.5000,4,489,,0,0,0,0,0,1,0,0
Fran Walsh,d92ab1443db64e3e86bd3932dca98488,1404a681-d7ef-47cb-872a-72028f2ad343,https://musicbrainz.org/artist/1404a681-d7ef-47cb-872a-72028f2ad343,1404a681-d7ef-47cb-872a-72028f2ad343,https://musicbrainz.org/artist/1404a681-d7ef-47cb-872a-72028f2ad343,needs_review,forced_needs_review_candidate_fold,True,0.9707,3.5000,3.5000,4,387,,0,0,0,0,0,1,0,0
Francesco Sartori,9c8537a0775d4fee8e161854f180fe98,25651375-1443-49a7-a014-26e555f88544,https://musicbrainz.org/artist/25651375-1443-49a7-a014-26e555f88544,25651375-1443-49a7-a014-26e555f88544,https://musicbrainz.org/artist/25651375-1443-49a7-a014-26e555f88544,needs_review,forced_needs_review_candidate_fold,True,0.8581,1.8000,1.8000,5,611,,0,0,0,0,0,0,1,0
Francis Gornall,6cfd88bb8da44c0faa3c41a368ff3e69,236809eb-66c3-4950-b676-5ea8c2c4bd32,https://musicbrainz.org/artist/236809eb-66c3-4950-b676-5ea8c2c4bd32,236809eb-66c3-4950-b676-5ea8c2c4bd32,https://musicbrainz.org/artist/236809eb-66c3-4950-b676-5ea8c2c4bd32,needs_review,forced_needs_review_candidate_fold,True,0.9707,3.5000,3.5000,4,320,,0,0,0,0,0,1,0,0
Francis Lai,6151a6d5a9d54598aa2cf9fa9f7ba68f,ddec1c79-0653-4d7a-a92a-ceaabc60748f,https://musicbrainz.org/artist/ddec1c79-0653-4d7a-a92a-ceaabc60748f,ddec1c79-0653-4d7a-a92a-ceaabc60748f,https://musicbrainz.org/artist/ddec1c79-0653-4d7a-a92a-ceaabc60748f,needs_review,forced_needs_review_candidate_fold,True,0.8581,1.8000,1.8000,9,667,,0,0,0,0,0,0,1,0
Francis White,8eb1d849d1a146b6b91f9a5eafd926f5,8270af57-ee1a-4cb8-a147-266c965143ba,https://musicbrainz.org/artist/8270af57-ee1a-4cb8-a147-266c965143ba,d8812ba0-cd6e-4511-8e3b-171072eeb73f,https://musicbrainz.org/artist/d8812ba0-cd6e-4511-8e3b-171072eeb73f,needs_review,forced_needs_review_candidate_fold,False,0.9707,3.5000,3.5000,7,664,,0,0,0,0,0,1,0,0
Frank Churchill,78c86094c3364e74b8f2de8bddc6839b,9e474d7c-664d-4a9d-9693-5a196313900c,https://musicbrainz.org/artist/9e474d7c-664d-4a9d-9693-5a196313900c,9e474d7c-664d-4a9d-9693-5a196313900c,https://musicbrainz.org/artist/9e474d7c-664d-4a9d-9693-5a196313900c,needs_review,,True,0.5000,0.0000,0.0000,16,793,,0,0,0,0,0,0,0,0
Fraser T. Smith,a30d9048c5a544e5a9826c9bcf37509b,c998d24c-decb-4022-a501-76f72c642411,https://musicbrainz.org/artist/c998d24c-decb-4022-a501-76f72c642411,c998d24c-decb-4022-a501-76f72c642411,https://musicbrainz.org/artist/c998d24c-decb-4022-a501-76f72c642411,needs_review,forced_needs_review_candidate_fold,True,0.9707,3.5000,3.5000,4,346,,0,0,0,0,0,1,0,0
Fred Hellerman,11990e0a66444372934bda719081b610,347bfb50-3780-4b9e-9d73-7be6d8109630,https://musicbrainz.org/artist/347bfb50-3780-4b9e-9d73-7be6d8109630,347bfb50-3780-4b9e-9d73-7be6d8109630,https://musicbrainz.org/artist/347bfb50-3780-4b9e-9d73-7be6d8109630,needs_review,forced_needs_review_candidate_fold,True,0.9707,3.5000,3.5000,4,366,,0,0,0,0,0,1,0,0
Fred Jordan,6cf1370eb8f54e1b8fde8cb880e0d4a3,a7479814-da34-431b-b148-7e9fc33fc8ae,https://musicbrainz.org/artist/a7479814-da34-431b-b148-7e9fc33fc8ae,3eca3c7b-e854-4258-9f1c-2290bc29a6a3,https://musicbrainz.org/artist/3eca3c7b-e854-4258-9f1c-2290bc29a6a3,needs_review,forced_needs_review_candidate_fold,False,0.9707,3.5000,3.5000,6,701,,0,0,0,0,0,1,0,0
Fred Karlin,6177b0661c454c5195078836079fed5b,98371d28-3e5d-4638-a2c1-468a5f3dc993,https://musicbrainz.org/artist/98371d28-3e5d-4638-a2c1-468a5f3dc993,98371d28-3e5d-4638-a2c1-468a5f3dc993,https://musicbrainz.org/artist/98371d28-3e5d-4638-a2c1-468a5f3dc993,needs_review,forced_needs_review_candidate_fold,True,0.8581,1.8000,1.8000,6,490,,0,0,0,0,0,0,1,0
Fred Lavery,e598be5de13d458e82f132849b36942e,19344f0f-4de6-4bb4-a85f-15c379f36590,https://musicbrainz.org/artist/19344f0f-4de6-4bb4-a85f-15c379f36590,19344f0f-4de6-4bb4-a85f-15c379f36590,https://musicbrainz.org/artist/19344f0f-4de6-4bb4-a85f-15c379f36590,needs_review,forced_needs_review_candidate_fold,True,0.9707,3.5000,3.5000,4,373,,0,0,0,0,0,1,0,0
Fred Mandel,cc38cf6d2a2e4a54bb8272e9a932dc58,ceebabd7-e51b-4cee-8204-89fefc8584ed,https://musicbrainz.org/artist/ceebabd7-e51b-4cee-8204-89fefc8584ed,ceebabd7-e51b-4cee-8204-89fefc8584ed,https://musicbrainz.org/artist/ceebabd7-e51b-4cee-8204-89fefc8584ed,needs_review,forced_needs_review_candidate_fold,True,0.9707,3.5000,3.5000,4,380,,0,0,0,0,0,1,0,0
Fred Weismantel,00a4dbeb1a2f4161b00739fdf60ba428,da27f391-70d3-402d-9c01-e9e3cba9c27b,https://musicbrainz.org/artist/da27f391-70d3-402d-9c01-e9e3cba9c27b,da27f391-70d3-402d-9c01-e9e3cba9c27b,https://musicbrainz.org/artist/da27f391-70d3-402d-9c01-e9e3cba9c27b,needs_review,forced_needs_review_candidate_fold,True,0.9707,3.5000,3.5000,4,458,,0,0,0,0,0,1,0,0
Fryderyk Chopin,cdd5891d11044131a828cdbd05534805,09ff1fe8-d61c-4b98-bb82-18487c74d7b7,https://musicbrainz.org/artist/09ff1fe8-d61c-4b98-bb82-18487c74d7b7,09ff1fe8-d61c-4b98-bb82-18487c74d7b7,https://musicbrainz.org/artist/09ff1fe8-d61c-4b98-bb82-18487c74d7b7,needs_review,forced_needs_review_candidate_fold,True,0.9707,3.5000,3.5000,4,429,,0,0,0,0,0,1,0,0
Gal Costa,56339d9cf592436891d66c7be154a043,fc63a914-272d-4b95-9221-61adcce6f793,https://musicbrainz.org/artist/fc63a914-272d-4b95-9221-61adcce6f793,fc63a914-272d-4b95-9221-61adcce6f793,https://musicbrainz.org/artist/fc63a914-272d-4b95-9221-61adcce6f793,needs_review,forced_needs_review_candidate_fold,True,0.9707,3.5000,3.5000,3,253,,0,0,1,0,0,0,0,0
Garry Glenn,d355ca0718d9414592bb73c7d55e595d,3bc220b9-11f1-4b34-b297-6ba90630d7ad,https://musicbrainz.org/artist/3bc220b9-11f1-4b34-b297-6ba90630d7ad,3bc220b9-11f1-4b34-b297-6ba90630d7ad,https://musicbrainz.org/artist/3bc220b9-11f1-4b34-b297-6ba90630d7ad,needs_review,forced_needs_review_candidate_fold,True,0.9707,3.5000,3.5000,4,381,,0,0,0,0,0,1,0,0
Garry Shider,245ae347aef84c69b5165e6e42685d3e,66611c93-eece-44c8-91b3-3792a1a6cd64,https://musicbrainz.org/artist/66611c93-eece-44c8-91b3-3792a1a6cd64,66611c93-eece-44c8-91b3-3792a1a6cd64,https://musicbrainz.org/artist/66611c93-eece-44c8-91b3-3792a1a6cd64,needs_review,forced_needs_review_candidate_fold,True,0.9707,3.5000,3.5000,4,417,,0,0,0,0,0,1,0,0
Gary Brooker,0a89ffca1b9b4bb4a4d91a3f46ae5aba,160eff18-7d6e-4000-a1d4-fe4c2e7a66ca,https://musicbrainz.org/artist/160eff18-7d6e-4000-a1d4-fe4c2e7a66ca,160eff18-7d6e-4000-a1d4-fe4c2e7a66ca,https://musicbrainz.org/artist/160eff18-7d6e-4000-a1d4-fe4c2e7a66ca,needs_review,forced_needs_review_candidate_fold,True,0.8581,1.8000,1.8000,5,404,,0,0,0,1,0,0,0,0
Gary DeCarlo,c64f7a6febd047f6aff2c46f9ed21141,a7fa92c3-2b19-430e-9b7d-b84eb06d855c,https://musicbrainz.org/artist/a7fa92c3-2b19-430e-9b7d-b84eb06d855c,a7fa92c3-2b19-430e-9b7d-b84eb06d855c,https://musicbrainz.org/artist/a7fa92c3-2b19-430e-9b7d-b84eb06d855c,needs_review,forced_needs_review_candidate_fold,True,0.9707,3.5000,3.5000,4,381,,0,0,0,0,0,1,0,0
Gary Osborne,181a41da24a14f9dad9483cfe78700e9,99e4d2ff-5621-4726-854f-5d48fcd9d45b,https://musicbrainz.org/artist/99e4d2ff-5621-4726-854f-5d48fcd9d45b,99e4d2ff-5621-4726-854f-5d48fcd9d45b,https://musicbrainz.org/artist/99e4d2ff-5621-4726-854f-5d48fcd9d45b,needs_review,forced_needs_review_candidate_fold,True,0.9707,3.5000,3.5000,5,456,,0,0,0,0,0,1,0,0
Gary White,e8fc9d90cc0b4b15ab1fdb0b5dcc0a31,8387f52e-a135-406d-af8e-9494b7ab9aba,https://musicbrainz.org/artist/8387f52e-a135-406d-af8e-9494b7ab9aba,a218e841-d2cc-4285-b0bb-e695b4e5f7e9,https://musicbrainz.org/artist/a218e841-d2cc-4285-b0bb-e695b4e5f7e9,needs_review,forced_needs_review_candidate_fold,False,0.9707,3.5000,3.5000,9,612,,0,0,0,0,0,1,0,0
Geddy Lee,a672731d80e84d89ae4f0b9924ee2d9b,283fb96d-1f5c-4b74-9bea-3e4504f07fa3,https://musicbrainz.org/artist/283fb96d-1f5c-4b74-9bea-3e4504f07fa3,283fb96d-1f5c-4b74-9bea-3e4504f07fa3,https://musicbrainz.org/artist/283fb96d-1f5c-4b74-9bea-3e4504f07fa3,needs_review,forced_needs_review_candidate_fold,True,0.8581,1.8000,1.8000,4,301,,0,0,0,1,0,0,0,0
Geir Luedy,0371699fe2074a688e9edaec2762d296,78a30646-46cf-40b3-92f2-8a6b1d6a37ee,https://musicbrainz.org/artist/78a30646-46cf-40b3-92f2-8a6b1d6a37ee,fe846bd3-97ce-4511-92c7-c9410200c2be,https://musicbrainz.org/artist/fe846bd3-97ce-4511-92c7-c9410200c2be,needs_review,forced_needs_review_candidate_fold,False,0.9707,3.5000,3.5000,4,465,,0,0,0,0,0,1,0,0
Gene Clark,e32a6d53afc74dd981a0356eba09f369,2b6f3780-6fb6-42c2-95bb-5e080772e38c,https://musicbrainz.org/artist/2b6f3780-6fb6-42c2-95bb-5e080772e38c,2b6f3780-6fb6-42c2-95bb-5e080772e38c,https://musicbrainz.org/artist/2b6f3780-6fb6-42c2-95bb-5e080772e38c,needs_review,forced_needs_review_candidate_fold,True,0.9707,3.5000,3.5000,5,462,,0,0,0,0,0,1,0,0
Gene de Paul,fdd0b0c49e8046d3a0575ebaedd7b520,4d8d6af8-827e-4947-b04b-7593a336e68d,https://musicbrainz.org/artist/4d8d6af8-827e-4947-b04b-7593a336e68d,4d8d6af8-827e-4947-b04b-7593a336e68d,https://musicbrainz.org/artist/4d8d6af8-827e-4947-b04b-7593a336e68d,needs_review,forced_needs_review_candidate_fold,True,0.9707,3.5000,3.5000,4,390,,0,0,0,0,0,1,0,0
Gene Lees,05cf4051a3804dafb1f21aa46ead4f29,13dd9c7f-6d78-441c-9939-68b293fe9b2e,https://musicbrainz.org/artist/13dd9c7f-6d78-441c-9939-68b293fe9b2e,13dd9c7f-6d78-441c-9939-68b293fe9b2e,https://musicbrainz.org/artist/13dd9c7f-6d78-441c-9939-68b293fe9b2e,needs_review,forced_needs_review_candidate_fold,True,0.9707,3.5000,3.5000,4,344,,0,0,0,0,0,1,0,0
Gene O'Connor,c0d0237d5d7844b8a7400b82248dc03a,8094e4fc-a8c2-4ce7-8200-474ded573282,https://musicbrainz.org/artist/8094e4fc-a8c2-4ce7-8200-474ded573282,8094e4fc-a8c2-4ce7-8200-474ded573282,https://musicbrainz.org/artist/8094e4fc-a8c2-4ce7-8200-474ded573282,needs_review,forced_needs_review_candidate_fold,True,0.9707,3.5000,3.5000,4,318,,0,0,0,0,0,1,0,0
General Santana,23cf0d2f6a064c9891eed88a55334b9b,e0e57c00-552d-4f61-bb0f-a3587395b7f7,https://musicbrainz.org/artist/e0e57c00-552d-4f61-bb0f-a3587395b7f7,e0e57c00-552d-4f61-bb0f-a3587395b7f7,https://musicbrainz.org/artist/e0e57c00-552d-4f61-bb0f-a3587395b7f7,needs_review,forced_needs_review_candidate_fold,True,0.9707,3.5000,3.5000,4,391,,0,0,0,0,0,1,0,0
Geoff Morrow,c5438a951d184ffaba49b7b997a9bcce,37be7c26-327f-4cba-aeb7-ba14aee8b9d6,https://musicbrainz.org/artist/37be7c26-327f-4cba-aeb7-ba14aee8b9d6,37be7c26-327f-4cba-aeb7-ba14aee8b9d6,https://musicbrainz.org/artist/37be7c26-327f-4cba-aeb7-ba14aee8b9d6,needs_review,forced_needs_review_candidate_fold,True,0.9707,3.5000,3.5000,4,330,,0,0,0,0,0,1,0,0
George Frideric Handel,ad7e871e576c44648e2d0658c9f90afe,27870d47-bb98-42d1-bf2b-c7e972e6befc,https://musicbrainz.org/artist/27870d47-bb98-42d1-bf2b-c7e972e6befc,27870d47-bb98-42d1-bf2b-c7e972e6befc,https://musicbrainz.org/artist/27870d47-bb98-42d1-bf2b-c7e972e6befc,needs_review,forced_needs_review_candidate_fold,True,0.8581,1.8000,1.8000,13,832,,0,0,0,1,0,0,0,0
George Gershwin,ff2f698d598447a8b714581553b68bd6,65744963-191a-44ef-a3c7-b693a808a158,https://musicbrainz.org/artist/65744963-191a-44ef-a3c7-b693a808a158,65744963-191a-44ef-a3c7-b693a808a158,https://musicbrainz.org/artist/65744963-191a-44ef-a3c7-b693a808a158,needs_review,forced_needs_review_candidate_fold,True,0.8581,1.8000,1.8000,4,295,,0,0,0,1,0,0,0,0
George Jones,ff1bcb7356454a1ea63e47f96fa9a3dd,f2903be0-79a7-4334-8cc5-e45309482a97,https://musicbrainz.org/artist/f2903be0-79a7-4334-8cc5-e45309482a97,f2903be0-79a7-4334-8cc5-e45309482a97,https://musicbrainz.org/artist/f2903be0-79a7-4334-8cc5-e45309482a97,needs_review,forced_needs_review_candidate_fold,True,0.9707,3.5000,3.5000,10,899,,0,0,1,0,0,0,0,0
George M. Harry,d7614c8618ac4265aea6a35900fca5e8,57e84563-cc7f-44aa-b68f-f96a34680a5a,https://musicbrainz.org/artist/57e84563-cc7f-44aa-b68f-f96a34680a5a,57e84563-cc7f-44aa-b68f-f96a34680a5a,https://musicbrainz.org/artist/57e84563-cc7f-44aa-b68f-f96a34680a5a,needs_review,forced_needs_review_candidate_fold,True,0.9707,3.5000,3.5000,4,349,,0,0,0,0,0,1,0,0
George Shearing,026104e2f05c4b8e9c88e55f6fbad67a,ef83af4c-4da9-47d1-b9bd-df9db18b28e9,https://musicbrainz.org/artist/ef83af4c-4da9-47d1-b9bd-df9db18b28e9,ef83af4c-4da9-47d1-b9bd-df9db18b28e9,https://musicbrainz.org/artist/ef83af4c-4da9-47d1-b9bd-df9db18b28e9,needs_review,forced_needs_review_candidate_fold,True,0.9707,3.5000,3.5000,4,347,,0,0,1,0,0,0,0,0
Georges Bizet,5f1652440af840f0bea5cc04b93386d3,9bd20e6a-b41d-4983-a5b6-c0ff849fa235,https://musicbrainz.org/artist/9bd20e6a-b41d-4983-a5b6-c0ff849fa235,9bd20e6a-b41d-4983-a5b6-c0ff849fa235,https://musicbrainz.org/artist/9bd20e6a-b41d-4983-a5b6-c0ff849fa235,needs_review,,True,0.5000,0.0000,0.0000,14,919,,0,0,0,0,0,0,0,0
Geraldo Cunha,11ac236e29864d9984a05e48eb781abd,78b3456a-a575-4b23-bb19-65b8f45fde79,https://musicbrainz.org/artist/78b3456a-a575-4b23-bb19-65b8f45fde79,78b3456a-a575-4b23-bb19-65b8f45fde79,https://musicbrainz.org/artist/78b3456a-a575-4b23-bb19-65b8f45fde79,needs_review,forced_needs_review_candidate_fold,True,0.9707,3.5000,3.5000,4,328,,0,0,0,0,0,1,0,0
Geraldo Pereira,487d9d1fdc534de29079e42215657b4b,791e80a9-5830-4c23-b298-3dea2267c7ef,https://musicbrainz.org/artist/791e80a9-5830-4c23-b298-3dea2267c7ef,791e80a9-5830-4c23-b298-3dea2267c7ef,https://musicbrainz.org/artist/791e80a9-5830-4c23-b298-3dea2267c7ef,needs_review,forced_needs_review_candidate_fold,True,0.9707,3.5000,3.5000,5,398,,0,0,0,0,0,1,0,0
Geraldo Vandré,3b04b4358e42419ca340279d562f108c,5aaf332c-1a4d-4c03-a585-aeafa2f663b8,https://musicbrainz.org/artist/5aaf332c-1a4d-4c03-a585-aeafa2f663b8,5aaf332c-1a4d-4c03-a585-aeafa2f663b8,https://musicbrainz.org/artist/5aaf332c-1a4d-4c03-a585-aeafa2f663b8,needs_review,forced_needs_review_candidate_fold,True,0.9707,3.5000,3.5000,4,356,,0,0,0,0,0,1,0,0
Gerard Kenny,e0825a0627104e1a84071dbd494bc581,7d9f2b06-751e-4729-92f9-ff4164178898,https://musicbrainz.org/artist/7d9f2b06-751e-4729-92f9-ff4164178898,7d9f2b06-751e-4729-92f9-ff4164178898,https://musicbrainz.org/artist/7d9f2b06-751e-4729-92f9-ff4164178898,needs_review,forced_needs_review_candidate_fold,True,0.9707,3.5000,3.5000,4,479,,0,0,0,0,0,1,0,0
Gerardina Trovato,590372943a9d4fa8861858f05b82a1f2,e6e56c37-7add-4a43-a426-bc3e2cbd455e,https://musicbrainz.org/artist/e6e56c37-7add-4a43-a426-bc3e2cbd455e,e6e56c37-7add-4a43-a426-bc3e2cbd455e,https://musicbrainz.org/artist/e6e56c37-7add-4a43-a426-bc3e2cbd455e,needs_review,forced_needs_review_candidate_fold,True,0.9707,3.5000,3.5000,4,317,,0,0,0,0,0,1,0,0
Gian Pietro Felisatti,68bcc1a5c5de4f91b3a747b530fabeff,514c972e-7f44-404c-984f-226cdce5bfa2,https://musicbrainz.org/artist/514c972e-7f44-404c-984f-226cdce5bfa2,514c972e-7f44-404c-984f-226cdce5bfa2,https://musicbrainz.org/artist/514c972e-7f44-404c-984f-226cdce5bfa2,needs_review,forced_needs_review_candidate_fold,True,0.9707,3.5000,3.5000,5,467,,0,0,0,0,0,1,0,0
Gillian Welch,b364be2f0f0947b488a95ae2c45fc767,2ff49515-1701-4bac-a53a-04345893f3f3,https://musicbrainz.org/artist/2ff49515-1701-4bac-a53a-04345893f3f3,2ff49515-1701-4bac-a53a-04345893f3f3,https://musicbrainz.org/artist/2ff49515-1701-4bac-a53a-04345893f3f3,needs_review,forced_needs_review_candidate_fold,True,0.9707,3.5000,3.5000,3,293,,0,0,1,0,0,0,0,0
Giorgia,874d81807df340dfb188314868b1c14a,4573d556-ce21-4d49-943d-4f1dde6198f6,https://musicbrainz.org/artist/4573d556-ce21-4d49-943d-4f1dde6198f6,4573d556-ce21-4d49-943d-4f1dde6198f6,https://musicbrainz.org/artist/4573d556-ce21-4d49-943d-4f1dde6198f6,needs_review,forced_needs_review_candidate_fold,True,0.9707,3.5000,3.5000,9,844,,0,0,1,0,0,0,0,0
Glen Ballard,b4ca4a04d14f4037a2009af01f313c0f,4d9768fd-947c-4b0a-beba-6191e2c830e2,https://musicbrainz.org/artist/4d9768fd-947c-4b0a-beba-6191e2c830e2,4d9768fd-947c-4b0a-beba-6191e2c830e2,https://musicbrainz.org/artist/4d9768fd-947c-4b0a-beba-6191e2c830e2,needs_review,forced_needs_review_candidate_fold,True,0.9707,3.5000,3.5000,4,366,,0,0,0,0,0,1,0,0
Glen Buxton,b6ad044285864e03ac683ab72bd050ce,830aa3af-51bb-4d7c-abda-f991df73b787,https://musicbrainz.org/artist/830aa3af-51bb-4d7c-abda-f991df73b787,830aa3af-51bb-4d7c-abda-f991df73b787,https://musicbrainz.org/artist/830aa3af-51bb-4d7c-abda-f991df73b787,needs_review,forced_needs_review_candidate_fold,True,0.9707,3.5000,3.5000,4,524,,0,0,0,0,0,1,0,0
Gloria Jones,72a86413f5d246ceb0d0416c2507771c,1fb910ff-917b-409e-a787-6143fd7b1387,https://musicbrainz.org/artist/1fb910ff-917b-409e-a787-6143fd7b1387,1fb910ff-917b-409e-a787-6143fd7b1387,https://musicbrainz.org/artist/1fb910ff-917b-409e-a787-6143fd7b1387,needs_review,forced_needs_review_candidate_fold,True,0.9707,3.5000,3.5000,6,545,,0,0,0,0,0,1,0,0
Gloria Nuti,2e0187cfd1244a7bafb07f6af694c5b6,2eb71c15-69e0-41a0-9634-55137ff83436,https://musicbrainz.org/artist/2eb71c15-69e0-41a0-9634-55137ff83436,2eb71c15-69e0-41a0-9634-55137ff83436,https://musicbrainz.org/artist/2eb71c15-69e0-41a0-9634-55137ff83436,needs_review,forced_needs_review_candidate_fold,True,0.9707,3.5000,3.5000,4,447,,0,0,0,0,0,1,0,0
Gordie Sampson,eed1fbc9757449dd9970205ba7a54535,ab56035c-1b3f-459e-b264-6ece2f1224c6,https://musicbrainz.org/artist/ab56035c-1b3f-459e-b264-6ece2f1224c6,ab56035c-1b3f-459e-b264-6ece2f1224c6,https://musicbrainz.org/artist/ab56035c-1b3f-459e-b264-6ece2f1224c6,needs_review,forced_needs_review_candidate_fold,True,0.9707,3.5000,3.5000,4,345,,0,0,0,0,0,1,0,0
Gordon Kennedy,a51252d0d69946969c7ebad21f23dfaa,03807efb-e82c-4480-98f7-ca1e392cb81f,https://musicbrainz.org/artist/03807efb-e82c-4480-98f7-ca1e392cb81f,03807efb-e82c-4480-98f7-ca1e392cb81f,https://musicbrainz.org/artist/03807efb-e82c-4480-98f7-ca1e392cb81f,needs_review,forced_needs_review_candidate_fold,True,0.9707,3.5000,3.5000,4,296,,0,0,0,0,0,1,0,0
Gordon Tracks,aa9baa0340474052837e59072aee0736,12a5c637-a942-46db-946b-2ac115bb2133,https://musicbrainz.org/artist/12a5c637-a942-46db-946b-2ac115bb2133,12a5c637-a942-46db-946b-2ac115bb2133,https://musicbrainz.org/artist/12a5c637-a942-46db-946b-2ac115bb2133,needs_review,forced_needs_review_candidate_fold,True,0.9707,3.5000,3.5000,3,479,,0,0,1,0,0,0,0,0
Graham Collier,84ab7838c52c4628a1ba26a15716f099,300e9f75-7602-44a6-b870-038012dd64e7,https://musicbrainz.org/artist/300e9f75-7602-44a6-b870-038012dd64e7,300e9f75-7602-44a6-b870-038012dd64e7,https://musicbrainz.org/artist/300e9f75-7602-44a6-b870-038012dd64e7,needs_review,forced_needs_review_candidate_fold,True,0.9707,3.5000,3.5000,7,607,,0,0,1,0,0,0,0,0
Graham Shaw,3ca424d361f8434cb092b9c05a1ef67d,e9dde68c-86d1-4148-88fe-e6906c88c529,https://musicbrainz.org/artist/e9dde68c-86d1-4148-88fe-e6906c88c529,e9dde68c-86d1-4148-88fe-e6906c88c529,https://musicbrainz.org/artist/e9dde68c-86d1-4148-88fe-e6906c88c529,needs_review,forced_needs_review_candidate_fold,True,0.9707,3.5000,3.5000,7,670,,0,0,0,0,0,1,0,0
Green Day,a850f2bdd05642f794d0142593df259a,084308bd-1654-436f-ba03-df6697104e19,https://musicbrainz.org/artist/084308bd-1654-436f-ba03-df6697104e19,084308bd-1654-436f-ba03-df6697104e19,https://musicbrainz.org/artist/084308bd-1654-436f-ba03-df6697104e19,needs_review,forced_needs_review_candidate_fold,True,0.9707,3.5000,3.5000,3,348,,1,0,0,0,0,0,0,0
Greg Kurstin,ceb608c5ca4b4a6f9493c3b4d9149143,ef2a8c11-a35a-4c61-b750-5cb29c1223f4,https://musicbrainz.org/artist/ef2a8c11-a35a-4c61-b750-5cb29c1223f4,ef2a8c11-a35a-4c61-b750-5cb29c1223f4,https://musicbrainz.org/artist/ef2a8c11-a35a-4c61-b750-5cb29c1223f4,needs_review,forced_needs_review_candidate_fold,True,0.9707,3.5000,3.5000,4,363,,0,0,0,0,0,1,0,0
Greg Wells,215db617e43e4b0cb996fd598da3c530,44ab83a3-3e64-42d6-9e80-41fdc06c8ff5,https://musicbrainz.org/artist/44ab83a3-3e64-42d6-9e80-41fdc06c8ff5,44ab83a3-3e64-42d6-9e80-41fdc06c8ff5,https://musicbrainz.org/artist/44ab83a3-3e64-42d6-9e80-41fdc06c8ff5,needs_review,forced_needs_review_candidate_fold,True,0.9707,3.5000,3.5000,4,434,,0,0,0,0,0,1,0,0
Gregg Allman,3137157e0d5e4bbdbc7bb49e0593c4cf,679a4fa1-f7f3-44ca-b440-ad6fb163b10d,https://musicbrainz.org/artist/679a4fa1-f7f3-44ca-b440-ad6fb163b10d,679a4fa1-f7f3-44ca-b440-ad6fb163b10d,https://musicbrainz.org/artist/679a4fa1-f7f3-44ca-b440-ad6fb163b10d,needs_review,forced_needs_review_candidate_fold,True,0.8581,1.8000,1.8000,5,401,,0,0,0,1,0,0,0,0
Gregg Diamond,993882af222d464883dd296ca3c133ce,9cb06efb-11f9-49d2-82cb-cad88f8fe07d,https://musicbrainz.org/artist/9cb06efb-11f9-49d2-82cb-cad88f8fe07d,9cb06efb-11f9-49d2-82cb-cad88f8fe07d,https://musicbrainz.org/artist/9cb06efb-11f9-49d2-82cb-cad88f8fe07d,needs_review,forced_needs_review_candidate_fold,True,0.9707,3.5000,3.5000,7,514,,0,0,0,0,0,1,0,0
Gus Black,59a95cde611849b9aaabd077facd2877,44bf4af9-0910-4a67-b4b6-55afbeef00d4,https://musicbrainz.org/artist/44bf4af9-0910-4a67-b4b6-55afbeef00d4,44bf4af9-0910-4a67-b4b6-55afbeef00d4,https://musicbrainz.org/artist/44bf4af9-0910-4a67-b4b6-55afbeef00d4,needs_review,forced_needs_review_candidate_fold,True,0.9707,3.5000,3.5000,4,4602,,0,0,0,0,0,1,0,0
Guy Sigsworth,d0572fcf65fa4fa587baa92ab7922a58,79d1e9ca-d396-44ac-8a4a-ff5dbe9e44f9,https://musicbrainz.org/artist/79d1e9ca-d396-44ac-8a4a-ff5dbe9e44f9,79d1e9ca-d396-44ac-8a4a-ff5dbe9e44f9,https://musicbrainz.org/artist/79d1e9ca-d396-44ac-8a4a-ff5dbe9e44f9,needs_review,forced_needs_review_candidate_fold,True,0.9707,3.5000,3.5000,4,345,,0,0,0,0,0,1,0,0
Hal Cragin,f0e2d8cf822d4bc6b6566d42d0861be0,15575d0f-f42a-4ca7-aaf6-d152b9701e2b,https://musicbrainz.org/artist/15575d0f-f42a-4ca7-aaf6-d152b9701e2b,15575d0f-f42a-4ca7-aaf6-d152b9701e2b,https://musicbrainz.org/artist/15575d0f-f42a-4ca7-aaf6-d152b9701e2b,needs_review,forced_needs_review_candidate_fold,True,0.9707,3.5000,3.5000,4,4590,,0,0,0,0,0,1,0,0
"Hank Williams, Jr.",b4b09274f15c4031b0d6cf6e45cec98b,1d8010a0-b642-4c8f-9c8d-8dc66b7bb81a,https://musicbrainz.org/artist/1d8010a0-b642-4c8f-9c8d-8dc66b7bb81a,1d8010a0-b642-4c8f-9c8d-8dc66b7bb81a,https://musicbrainz.org/artist/1d8010a0-b642-4c8f-9c8d-8dc66b7bb81a,needs_review,forced_needs_review_candidate_fold,True,0.9707,3.5000,3.5000,4,367,,0,0,0,0,0,1,0,0
Hanne Boel,64e67a0b14504c85a273815b76de1a4b,4b1186fb-f54e-451f-ad48-650a733564db,https://musicbrainz.org/artist/4b1186fb-f54e-451f-ad48-650a733564db,4b1186fb-f54e-451f-ad48-650a733564db,https://musicbrainz.org/artist/4b1186fb-f54e-451f-ad48-650a733564db,needs_review,forced_needs_review_candidate_fold,True,0.9707,3.5000,3.5000,3,235,,0,0,1,0,0,0,0,0
Harley Allen,c9cff06b2bf24b79909a23a1c77f0878,c397ca25-e564-4ec9-9acb-b51204f29fbb,https://musicbrainz.org/artist/c397ca25-e564-4ec9-9acb-b51204f29fbb,c397ca25-e564-4ec9-9acb-b51204f29fbb,https://musicbrainz.org/artist/c397ca25-e564-4ec9-9acb-b51204f29fbb,needs_review,forced_needs_review_candidate_fold,True,0.9707,3.5000,3.5000,5,579,,0,0,0,0,0,1,0,0
Harold Lilly,783c05bba77c428da0c80b2dde3854d8,1234a4a9-5d91-4ca9-be26-2159589b984e,https://musicbrainz.org/artist/1234a4a9-5d91-4ca9-be26-2159589b984e,1234a4a9-5d91-4ca9-be26-2159589b984e,https://musicbrainz.org/artist/1234a4a9-5d91-4ca9-be26-2159589b984e,needs_review,forced_needs_review_candidate_fold,True,0.9707,3.5000,3.5000,4,322,,0,0,0,0,0,1,0,0
Haroldo Lobo,8e7bfec4eb1643aa841fe180fb7f48c8,871054ad-a536-4073-a785-5fbeaaecd1ed,https://musicbrainz.org/artist/871054ad-a536-4073-a785-5fbeaaecd1ed,871054ad-a536-4073-a785-5fbeaaecd1ed,https://musicbrainz.org/artist/871054ad-a536-4073-a785-5fbeaaecd1ed,needs_review,forced_needs_review_candidate_fold,True,0.9707,3.5000,3.5000,5,405,,0,0,0,0,0,1,0,0
Harp And Vocal,9046ac461ce641908d5900998d979fce,53de78d9-bd86-4750-b730-6bd7b1596c52,https://musicbrainz.org/artist/53de78d9-bd86-4750-b730-6bd7b1596c52,53de78d9-bd86-4750-b730-6bd7b1596c52,https://musicbrainz.org/artist/53de78d9-bd86-4750-b730-6bd7b1596c52,needs_review,forced_needs_review_candidate_fold,True,0.9707,3.5000,3.5000,3,244,,0,0,1,0,0,0,0,0
Hartmann & Langhoff,1631b5853643440c9cb4671c665406a7,e0602659-d2c2-40a9-9df6-8abc04b83d61,https://musicbrainz.org/artist/e0602659-d2c2-40a9-9df6-8abc04b83d61,e0602659-d2c2-40a9-9df6-8abc04b83d61,https://musicbrainz.org/artist/e0602659-d2c2-40a9-9df6-8abc04b83d61,needs_review,forced_needs_review_candidate_fold,True,0.9707,3.5000,3.5000,4,416,,0,0,0,0,0,1,0,0
Hector Berlioz,e222f1ad0172449c85b5a8ef32d4cfb5,274774a7-1cde-486a-bc3d-375ec54d552d,https://musicbrainz.org/artist/274774a7-1cde-486a-bc3d-375ec54d552d,274774a7-1cde-486a-bc3d-375ec54d552d,https://musicbrainz.org/artist/274774a7-1cde-486a-bc3d-375ec54d552d,needs_review,,True,0.6225,0.5000,0.5000,12,808,,0,0,0,0,1,0,0,0
Henrik Barman Michelsen,f3d1bf78c50945fca5f8a5cfde4e3b9f,c02286db-5ab7-4fdc-afa2-0342bcabd667,https://musicbrainz.org/artist/c02286db-5ab7-4fdc-afa2-0342bcabd667,c02286db-5ab7-4fdc-afa2-0342bcabd667,https://musicbrainz.org/artist/c02286db-5ab7-4fdc-afa2-0342bcabd667,needs_review,forced_needs_review_candidate_fold,True,0.9707,3.5000,3.5000,4,369,,0,0,0,0,0,1,0,0
Henry Glover,2d02bc6f1fa945ab92b3c87f6d4c3afe,d42353b1-11d6-4e2f-af48-46dda26a5865,https://musicbrainz.org/artist/d42353b1-11d6-4e2f-af48-46dda26a5865,d42353b1-11d6-4e2f-af48-46dda26a5865,https://musicbrainz.org/artist/d42353b1-11d6-4e2f-af48-46dda26a5865,needs_review,forced_needs_review_candidate_fold,True,0.9707,3.5000,3.5000,6,623,,0,0,0,0,0,1,0,0
Herman Lubinsky,242ee5cf83684d139d10d692c5308913,5b72def1-1c0d-4d20-b1bc-ba9e8e31b3fb,https://musicbrainz.org/artist/5b72def1-1c0d-4d20-b1bc-ba9e8e31b3fb,5b72def1-1c0d-4d20-b1bc-ba9e8e31b3fb,https://musicbrainz.org/artist/5b72def1-1c0d-4d20-b1bc-ba9e8e31b3fb,needs_review,forced_needs_review_candidate_fold,True,0.9707,3.5000,3.5000,4,506,,0,0,0,0,0,1,0,0
Hildegard von Bingen,a49ed8673e45400cbb58b9d61be0674b,2d923f7b-45a1-4204-beb8-5b106e913b58,https://musicbrainz.org/artist/2d923f7b-45a1-4204-beb8-5b106e913b58,2d923f7b-45a1-4204-beb8-5b106e913b58,https://musicbrainz.org/artist/2d923f7b-45a1-4204-beb8-5b106e913b58,needs_review,forced_needs_review_candidate_fold,True,0.9707,3.5000,3.5000,5,433,,0,0,0,0,0,1,0,0
Hobo Jack Adkins,107e0a80978749009f75a6c24bb46b4e,,,,,needs_review,,,0.0000,0.0000,0.0000,2,151,,0,0,0,0,0,0,0,0
Howard Bilerman,ba2baccba8a34683bde2c3f465b77e97,39450b35-6fbc-453a-9f78-d295999617bd,https://musicbrainz.org/artist/39450b35-6fbc-453a-9f78-d295999617bd,39450b35-6fbc-453a-9f78-d295999617bd,https://musicbrainz.org/artist/39450b35-6fbc-453a-9f78-d295999617bd,needs_review,forced_needs_review_candidate_fold,True,0.9707,3.5000,3.5000,4,340,,0,0,0,0,0,1,0,0
Howard Shore,b84d6e84c31c4ace911b7b8f307a007f,9b58672a-e68e-4972-956e-a8985a165a1f,https://musicbrainz.org/artist/9b58672a-e68e-4972-956e-a8985a165a1f,9b58672a-e68e-4972-956e-a8985a165a1f,https://musicbrainz.org/artist/9b58672a-e68e-4972-956e-a8985a165a1f,needs_review,forced_needs_review_candidate_fold,True,0.9707,3.5000,3.5000,8,494,,0,0,1,0,0,0,0,0
Hugh Prestwood,cb355febcb14433384afec6293a737b8,0004c7ff-2ffd-4ce0-b155-f9f9470b10b8,https://musicbrainz.org/artist/0004c7ff-2ffd-4ce0-b155-f9f9470b10b8,0004c7ff-2ffd-4ce0-b155-f9f9470b10b8,https://musicbrainz.org/artist/0004c7ff-2ffd-4ce0-b155-f9f9470b10b8,needs_review,forced_needs_review_candidate_fold,True,0.9707,3.5000,3.5000,4,286,,0,0,0,0,0,1,0,0
Ian Brown,87c416dc484b447fa33c2456375a9748,182d5d8a-94c7-4ef4-8222-a1838353a37b,https://musicbrainz.org/artist/182d5d8a-94c7-4ef4-8222-a1838353a37b,182d5d8a-94c7-4ef4-8222-a1838353a37b,https://musicbrainz.org/artist/182d5d8a-94c7-4ef4-8222-a1838353a37b,needs_review,forced_needs_review_candidate_fold,True,0.9707,3.5000,3.5000,7,562,,1,0,0,0,0,0,0,0
Ian Griffiths,2d0c5a9a07fb401c852d34210b3d965b,974f3a5d-fb3f-40f2-96ac-97940b28e804,https://musicbrainz.org/artist/974f3a5d-fb3f-40f2-96ac-97940b28e804,974f3a5d-fb3f-40f2-96ac-97940b28e804,https://musicbrainz.org/artist/974f3a5d-fb3f-40f2-96ac-97940b28e804,needs_review,forced_needs_review_candidate_fold,True,0.9707,3.5000,3.5000,6,584,,0,0,0,0,0,1,0,0
Ian Hunter,859ba8bc9446479aaf962c41abf14f30,09a67d90-b221-4d15-9bcf-707218108690,https://musicbrainz.org/artist/09a67d90-b221-4d15-9bcf-707218108690,09a67d90-b221-4d15-9bcf-707218108690,https://musicbrainz.org/artist/09a67d90-b221-4d15-9bcf-707218108690,needs_review,forced_needs_review_candidate_fold,True,0.9707,3.5000,3.5000,5,449,,1,0,0,0,0,0,0,0
Ian Richardson,10c7bc3fe3494a48843eca45fa9d404e,57d4f906-848d-4696-a5f0-effce33889ee,https://musicbrainz.org/artist/57d4f906-848d-4696-a5f0-effce33889ee,283e3eba-6cf4-4493-9f77-1f44aabe695f,https://musicbrainz.org/artist/283e3eba-6cf4-4493-9f77-1f44aabe695f,needs_review,forced_needs_review_candidate_fold,False,0.9707,3.5000,3.5000,6,586,,0,0,0,0,0,1,0,0
Igor Fyodorovitch Stravinsky,61452f16bc194c4e8abaa44480d35de4,c278de2c-9696-4fdf-a919-0781cd945e2c,https://musicbrainz.org/artist/c278de2c-9696-4fdf-a919-0781cd945e2c,c278de2c-9696-4fdf-a919-0781cd945e2c,https://musicbrainz.org/artist/c278de2c-9696-4fdf-a919-0781cd945e2c,needs_review,,True,0.5000,0.0000,0.0000,7,420,,0,0,0,0,0,0,0,0
Igor Stravinsky,b9c0484fa2384c4fb76f10073151c007,c278de2c-9696-4fdf-a919-0781cd945e2c,https://musicbrainz.org/artist/c278de2c-9696-4fdf-a919-0781cd945e2c,c278de2c-9696-4fdf-a919-0781cd945e2c,https://musicbrainz.org/artist/c278de2c-9696-4fdf-a919-0781cd945e2c,needs_review,,True,0.5000,0.0000,0.0000,7,439,,0,0,0,0,0,0,0,0
Inger Marie Gundersen,dd4b9c5b09424289b2e488d4a8bd8175,be47eb77-dea4-4589-b516-358070a7c28d,https://musicbrainz.org/artist/be47eb77-dea4-4589-b516-358070a7c28d,be47eb77-dea4-4589-b516-358070a7c28d,https://musicbrainz.org/artist/be47eb77-dea4-4589-b516-358070a7c28d,needs_review,forced_needs_review_candidate_fold,True,0.9707,3.5000,3.5000,3,232,,0,0,1,0,0,0,0,0
Ini Kamoze,a56a5638062d4d74abd2b46bcd28e1f9,ce29fa89-8aed-4f7b-8b3e-a34d0c9ed0c6,https://musicbrainz.org/artist/ce29fa89-8aed-4f7b-8b3e-a34d0c9ed0c6,ce29fa89-8aed-4f7b-8b3e-a34d0c9ed0c6,https://musicbrainz.org/artist/ce29fa89-8aed-4f7b-8b3e-a34d0c9ed0c6,needs_review,forced_needs_review_candidate_fold,True,0.9707,3.5000,3.5000,3,363,,0,0,1,0,0,0,0,0
Innerzone Orchestra,ccfccc56da704b518447eee196bdd64f,80237f9f-77d9-4c61-9457-40c724e85b2c,https://musicbrainz.org/artist/80237f9f-77d9-4c61-9457-40c724e85b2c,80237f9f-77d9-4c61-9457-40c724e85b2c,https://musicbrainz.org/artist/80237f9f-77d9-4c61-9457-40c724e85b2c,needs_review,forced_needs_review_candidate_fold,True,0.9707,3.5000,3.5000,3,256,,0,0,1,0,0,0,0,0
Irving Gordon,afb87b587c73470ea941bdd3d5997581,0b60f30c-2503-4e9f-acfd-94fb42eec80d,https://musicbrainz.org/artist/0b60f30c-2503-4e9f-acfd-94fb42eec80d,0b60f30c-2503-4e9f-acfd-94fb42eec80d,https://musicbrainz.org/artist/0b60f30c-2503-4e9f-acfd-94fb42eec80d,needs_review,forced_needs_review_candidate_fold,True,0.9707,3.5000,3.5000,4,349,,0,0,0,0,0,1,0,0
Isaac Hayes,955a80c542204251b15db59e3cf8fd58,a2361c7d-ddb6-41c1-a9a0-be09fbbb8d21,https://musicbrainz.org/artist/a2361c7d-ddb6-41c1-a9a0-be09fbbb8d21,a2361c7d-ddb6-41c1-a9a0-be09fbbb8d21,https://musicbrainz.org/artist/a2361c7d-ddb6-41c1-a9a0-be09fbbb8d21,needs_review,forced_needs_review_candidate_fold,True,0.9707,3.5000,3.5000,4,344,,0,0,1,0,0,0,0,0
Isham Jones,03733e4b98024f60a59bb44109b58653,b079bfa4-e713-457d-80df-2bd3ea900144,https://musicbrainz.org/artist/b079bfa4-e713-457d-80df-2bd3ea900144,b079bfa4-e713-457d-80df-2bd3ea900144,https://musicbrainz.org/artist/b079bfa4-e713-457d-80df-2bd3ea900144,needs_review,forced_needs_review_candidate_fold,True,0.9707,3.5000,3.5000,5,569,,0,0,0,0,0,1,0,0
Isobel Campbell,c7e9ac34b25442b28b2cda4101d094f7,d51f3a15-12a2-41a0-acfa-33b5eae71164,https://musicbrainz.org/artist/d51f3a15-12a2-41a0-acfa-33b5eae71164,d51f3a15-12a2-41a0-acfa-33b5eae71164,https://musicbrainz.org/artist/d51f3a15-12a2-41a0-acfa-33b5eae71164,needs_review,forced_needs_review_candidate_fold,True,0.9707,3.5000,3.5000,7,474,,0,0,0,0,0,1,0,0
Izzy Stradlin,72a2b18c238d43de84cc55934d2ffc73,d8433dee-d1a8-4b40-b27c-40bc53481167,https://musicbrainz.org/artist/d8433dee-d1a8-4b40-b27c-40bc53481167,d8433dee-d1a8-4b40-b27c-40bc53481167,https://musicbrainz.org/artist/d8433dee-d1a8-4b40-b27c-40bc53481167,needs_review,forced_needs_review_candidate_fold,True,0.9707,3.5000,3.5000,3,203,,0,0,1,0,0,0,0,0
J. Ralph Bailey,8f80cf6c5c7e4ad3bd0f676e211ee796,05bda946-628d-49b9-8b35-28f8d8f3111e,https://musicbrainz.org/artist/05bda946-628d-49b9-8b35-28f8d8f3111e,05bda946-628d-49b9-8b35-28f8d8f3111e,https://musicbrainz.org/artist/05bda946-628d-49b9-8b35-28f8d8f3111e,needs_review,forced_needs_review_candidate_fold,True,0.9707,3.5000,3.5000,9,585,,0,0,0,0,0,1,0,0
Jacintha,ae311db6ae614f718f69759963d42b71,629cb55e-9e5f-40d1-8fa9-97675ce9b253,https://musicbrainz.org/artist/629cb55e-9e5f-40d1-8fa9-97675ce9b253,629cb55e-9e5f-40d1-8fa9-97675ce9b253,https://musicbrainz.org/artist/629cb55e-9e5f-40d1-8fa9-97675ce9b253,needs_review,forced_needs_review_candidate_fold,True,0.9707,3.5000,3.5000,4,360,,0,0,1,0,0,0,0,0
Jack Blades,ce93505d04bf4f03bc775d8bf2978db8,1f9153e0-c956-4566-846a-a8aa677d8843,https://musicbrainz.org/artist/1f9153e0-c956-4566-846a-a8aa677d8843,1f9153e0-c956-4566-846a-a8aa677d8843,https://musicbrainz.org/artist/1f9153e0-c956-4566-846a-a8aa677d8843,needs_review,forced_needs_review_candidate_fold,True,0.9707,3.5000,3.5000,4,494,,0,0,0,0,0,1,0,0
Jack Ponti,d3ccbe723761424f9f9b3290341c45e1,6594d7fd-ae50-4f43-9d7f-7a3a2f2a7a67,https://musicbrainz.org/artist/6594d7fd-ae50-4f43-9d7f-7a3a2f2a7a67,6594d7fd-ae50-4f43-9d7f-7a3a2f2a7a67,https://musicbrainz.org/artist/6594d7fd-ae50-4f43-9d7f-7a3a2f2a7a67,needs_review,,True,0.5000,0.0000,0.0000,7,406,,0,0,0,0,0,0,0,0
Jack White,cbbf81103d57424bb30a3f1329c05a7a,3ae2fb37-8a23-429d-9920-bac811c4fc22,https://musicbrainz.org/artist/3ae2fb37-8a23-429d-9920-bac811c4fc22,3ae2fb37-8a23-429d-9920-bac811c4fc22,https://musicbrainz.org/artist/3ae2fb37-8a23-429d-9920-bac811c4fc22,needs_review,forced_needs_review_candidate_fold,True,0.9707,3.5000,3.5000,10,1011,,0,0,1,0,0,0,0,0
Jacob Gade,a1f6ac8cf2a641f78f7ac8ff89be468a,669616a2-6cd2-434c-80a9-236c4567c5a3,https://musicbrainz.org/artist/669616a2-6cd2-434c-80a9-236c4567c5a3,669616a2-6cd2-434c-80a9-236c4567c5a3,https://musicbrainz.org/artist/669616a2-6cd2-434c-80a9-236c4567c5a3,needs_review,forced_needs_review_candidate_fold,True,0.9707,3.5000,3.5000,4,289,,0,0,0,0,0,1,0,0
Jacques Brel,397f516e97364d2c99cb72487840689e,91eda19b-1437-42cd-b7af-69df24b7f275,https://musicbrainz.org/artist/91eda19b-1437-42cd-b7af-69df24b7f275,91eda19b-1437-42cd-b7af-69df24b7f275,https://musicbrainz.org/artist/91eda19b-1437-42cd-b7af-69df24b7f275,needs_review,forced_needs_review_candidate_fold,True,0.8581,1.8000,1.8000,5,404,,0,0,0,1,0,0,0,0
Jacqui Naylor,480f2bdf1b8e4632a205a7abe500af80,66a7d298-3383-48f1-9158-b7441b36af2e,https://musicbrainz.org/artist/66a7d298-3383-48f1-9158-b7441b36af2e,66a7d298-3383-48f1-9158-b7441b36af2e,https://musicbrainz.org/artist/66a7d298-3383-48f1-9158-b7441b36af2e,needs_review,forced_needs_review_candidate_fold,True,0.9707,3.5000,3.5000,3,250,,0,0,1,0,0,0,0,0
Jacquie O'Sullivan,469b7341521e44289f03f048280615c3,ae4c248e-856e-4c65-95e7-9751e667b715,https://musicbrainz.org/artist/ae4c248e-856e-4c65-95e7-9751e667b715,ae4c248e-856e-4c65-95e7-9751e667b715,https://musicbrainz.org/artist/ae4c248e-856e-4c65-95e7-9751e667b715,needs_review,forced_needs_review_candidate_fold,True,0.9707,3.5000,3.5000,4,314,,0,0,0,0,0,1,0,0
Jake Fior,b1c2271484a04de0a617b04017402329,95a90e0b-7701-4a93-b8a1-ce650e21bf69,https://musicbrainz.org/artist/95a90e0b-7701-4a93-b8a1-ce650e21bf69,95a90e0b-7701-4a93-b8a1-ce650e21bf69,https://musicbrainz.org/artist/95a90e0b-7701-4a93-b8a1-ce650e21bf69,needs_review,forced_needs_review_candidate_fold,True,0.9707,3.5000,3.5000,4,340,,0,0,0,0,0,1,0,0
Jakwob,c09cfa9bd7dc48649944e690af52783f,4d3ca5a1-82db-4474-a462-3d1c80b32ea1,https://musicbrainz.org/artist/4d3ca5a1-82db-4474-a462-3d1c80b32ea1,4d3ca5a1-82db-4474-a462-3d1c80b32ea1,https://musicbrainz.org/artist/4d3ca5a1-82db-4474-a462-3d1c80b32ea1,needs_review,forced_needs_review_candidate_fold,True,0.9707,3.5000,3.5000,4,381,,0,0,0,0,0,1,0,0
James Brown,0d47d1ef5751425097a0b9c2ba85a166,20ff3303-4fe2-4a47-a1b6-291e26aa3438,https://musicbrainz.org/artist/20ff3303-4fe2-4a47-a1b6-291e26aa3438,20ff3303-4fe2-4a47-a1b6-291e26aa3438,https://musicbrainz.org/artist/20ff3303-4fe2-4a47-a1b6-291e26aa3438,needs_review,forced_needs_review_candidate_fold,True,0.9707,3.5000,3.5000,26,2250,,1,0,0,0,0,0,0,0
James McDermott,0dd474993ea449c88b1ae518f9fcc867,262e40c8-fec4-4a85-b2b4-57edb978f17b,https://musicbrainz.org/artist/262e40c8-fec4-4a85-b2b4-57edb978f17b,1f284412-fdec-48c4-9e60-97605fe2fdc9,https://musicbrainz.org/artist/1f284412-fdec-48c4-9e60-97605fe2fdc9,needs_review,forced_needs_review_candidate_fold,False,0.9707,3.5000,3.5000,7,603,,0,0,0,0,0,1,0,0
James Moody,5a241d06c24748e297fa20dc70b111c2,cb8c8b87-a52d-4a7e-b168-983ca8e60b14,https://musicbrainz.org/artist/cb8c8b87-a52d-4a7e-b168-983ca8e60b14,cb8c8b87-a52d-4a7e-b168-983ca8e60b14,https://musicbrainz.org/artist/cb8c8b87-a52d-4a7e-b168-983ca8e60b14,needs_review,,True,0.5000,0.0000,0.0000,11,850,,0,0,0,0,0,0,0,0
James Taylor,91916d4bb626499bbaca509c5fd86985,107d0c22-d051-4d98-8206-4e14de02132a,https://musicbrainz.org/artist/107d0c22-d051-4d98-8206-4e14de02132a,107d0c22-d051-4d98-8206-4e14de02132a,https://musicbrainz.org/artist/107d0c22-d051-4d98-8206-4e14de02132a,needs_review,forced_needs_review_candidate_fold,True,0.9707,3.5000,3.5000,25,2347,,1,0,0,0,0,0,0,0
Jamie 'Cookie' Cook,cd2f745dc7a744028fc8653166ab16fe,,,,,needs_review,,,0.0000,0.0000,0.0000,4,303,,0,0,0,0,0,0,0,0
Jamie Sever,4d82e812aeae4875a06f6f2d538e44a2,8d5dd2ba-7f1a-4171-89e6-ef7d1d922c8b,https://musicbrainz.org/artist/8d5dd2ba-7f1a-4171-89e6-ef7d1d922c8b,8d5dd2ba-7f1a-4171-89e6-ef7d1d922c8b,https://musicbrainz.org/artist/8d5dd2ba-7f1a-4171-89e6-ef7d1d922c8b,needs_review,forced_needs_review_candidate_fold,True,0.9707,3.5000,3.5000,4,404,,0,0,0,0,0,1,0,0
Jan Uvena,8afe6543635c4ec68017b5881abd6309,94088fa9-2aca-4ca9-8790-1b634ea1c989,https://musicbrainz.org/artist/94088fa9-2aca-4ca9-8790-1b634ea1c989,94088fa9-2aca-4ca9-8790-1b634ea1c989,https://musicbrainz.org/artist/94088fa9-2aca-4ca9-8790-1b634ea1c989,needs_review,forced_needs_review_candidate_fold,True,0.9707,3.5000,3.5000,4,383,,0,0,0,0,0,1,0,0
Jane Feather,8bb9c6b1d51e40da869228f531498375,1298095d-46f1-4d6a-aac2-d7ef6aba8da3,https://musicbrainz.org/artist/1298095d-46f1-4d6a-aac2-d7ef6aba8da3,1298095d-46f1-4d6a-aac2-d7ef6aba8da3,https://musicbrainz.org/artist/1298095d-46f1-4d6a-aac2-d7ef6aba8da3,needs_review,,True,0.5000,0.0000,0.0000,3,310,,0,0,0,0,0,0,0,0
Janette Sewell,63caf2216fe1429ebd773479551acf90,11c698b8-c079-4722-a1f6-5a9cde6ce7c3,https://musicbrainz.org/artist/11c698b8-c079-4722-a1f6-5a9cde6ce7c3,11c698b8-c079-4722-a1f6-5a9cde6ce7c3,https://musicbrainz.org/artist/11c698b8-c079-4722-a1f6-5a9cde6ce7c3,needs_review,forced_needs_review_candidate_fold,True,0.9707,3.5000,3.5000,6,515,,0,0,0,0,0,1,0,0
Jaques Petite,85738b2072814efda9ed9a3e30f8f855,,,e7716d29-b174-4cef-bda1-0719c738e11e,https://musicbrainz.org/artist/e7716d29-b174-4cef-bda1-0719c738e11e,needs_review,,,0.5000,0.0000,0.0000,7,421,,0,0,0,0,0,0,0,0
JAY-Z,7dc9f6e7bdb74baf8914012efb2b87f0,f82bcf78-5b69-4622-a5ef-73800768d9ac,https://musicbrainz.org/artist/f82bcf78-5b69-4622-a5ef-73800768d9ac,f82bcf78-5b69-4622-a5ef-73800768d9ac,https://musicbrainz.org/artist/f82bcf78-5b69-4622-a5ef-73800768d9ac,needs_review,forced_needs_review_candidate_fold,True,0.8581,1.8000,1.8000,9,610,,0,1,0,0,0,0,0,0
Jayme Silva,86d6ff7ab88a4215b43b9f96f533b0c1,75685424-b44a-4c03-86d3-348f76db3801,https://musicbrainz.org/artist/75685424-b44a-4c03-86d3-348f76db3801,75685424-b44a-4c03-86d3-348f76db3801,https://musicbrainz.org/artist/75685424-b44a-4c03-86d3-348f76db3801,needs_review,forced_needs_review_candidate_fold,True,0.9707,3.5000,3.5000,4,371,,0,0,0,0,0,1,0,0
Jean-Benoît Dunckel,8d5248b89ccb4fa49ca5fe5a4290939b,96610dae-e726-4540-bb5c-2bdd014b18e7,https://musicbrainz.org/artist/96610dae-e726-4540-bb5c-2bdd014b18e7,96610dae-e726-4540-bb5c-2bdd014b18e7,https://musicbrainz.org/artist/96610dae-e726-4540-bb5c-2bdd014b18e7,needs_review,forced_needs_review_candidate_fold,True,0.9707,3.5000,3.5000,5,578,,0,0,0,0,0,1,0,0
Jeff Bhasker,aade9965e4c6449e961110d8932eaeee,a2fdc044-010f-4317-97d2-a1c67e978543,https://musicbrainz.org/artist/a2fdc044-010f-4317-97d2-a1c67e978543,a2fdc044-010f-4317-97d2-a1c67e978543,https://musicbrainz.org/artist/a2fdc044-010f-4317-97d2-a1c67e978543,needs_review,forced_needs_review_candidate_fold,True,0.9707,3.5000,3.5000,4,643,,0,0,0,0,0,1,0,0
Jeff Magnum,574d521104334f8e89774e44537dda1e,23a49589-3f35-4c67-811f-52261c72df2b,https://musicbrainz.org/artist/23a49589-3f35-4c67-811f-52261c72df2b,23a49589-3f35-4c67-811f-52261c72df2b,https://musicbrainz.org/artist/23a49589-3f35-4c67-811f-52261c72df2b,needs_review,forced_needs_review_candidate_fold,True,0.9707,3.5000,3.5000,5,359,,0,0,0,0,0,1,0,0
Jeff Silverman,b6d2c41f19c54a9d98d3f2db00c500ce,f7a4ca78-0e91-4e12-9f5c-ed9f39af5bd5,https://musicbrainz.org/artist/f7a4ca78-0e91-4e12-9f5c-ed9f39af5bd5,dfde1cd6-96db-4112-bb0b-d8e17533d3e7,https://musicbrainz.org/artist/dfde1cd6-96db-4112-bb0b-d8e17533d3e7,needs_review,forced_needs_review_candidate_fold,False,0.9707,3.5000,3.5000,6,496,,0,0,0,0,0,1,0,0
Jeremy Gara,0ae7f5116c404377bc09522b0e0be8c5,6dc34623-ba1b-4608-a86e-11a898fee291,https://musicbrainz.org/artist/6dc34623-ba1b-4608-a86e-11a898fee291,6dc34623-ba1b-4608-a86e-11a898fee291,https://musicbrainz.org/artist/6dc34623-ba1b-4608-a86e-11a898fee291,needs_review,forced_needs_review_candidate_fold,True,0.9707,3.5000,3.5000,4,352,,0,0,0,0,0,1,0,0
Jeremy Steig,0c88b72d27004a168217cbe7b9fbc041,89222a96-b2d3-4cc2-a24c-2644aa2f5ba7,https://musicbrainz.org/artist/89222a96-b2d3-4cc2-a24c-2644aa2f5ba7,89222a96-b2d3-4cc2-a24c-2644aa2f5ba7,https://musicbrainz.org/artist/89222a96-b2d3-4cc2-a24c-2644aa2f5ba7,needs_review,forced_needs_review_candidate_fold,True,0.9707,3.5000,3.5000,4,380,,0,0,0,0,0,1,0,0
Jermaine Dupri,d393d365ef8c4e97b51cf7d1ce313faa,fb75bc76-a50b-4d3a-b060-63092a4c6bbf,https://musicbrainz.org/artist/fb75bc76-a50b-4d3a-b060-63092a4c6bbf,fb75bc76-a50b-4d3a-b060-63092a4c6bbf,https://musicbrainz.org/artist/fb75bc76-a50b-4d3a-b060-63092a4c6bbf,needs_review,forced_needs_review_candidate_fold,True,0.9707,3.5000,3.5000,4,397,,0,0,0,0,0,1,0,0
Jerry Cantrell,ec00656c97334ee794f7c715d01a4d19,960eb93f-e73c-4df8-864d-08a06c2dcc11,https://musicbrainz.org/artist/960eb93f-e73c-4df8-864d-08a06c2dcc11,960eb93f-e73c-4df8-864d-08a06c2dcc11,https://musicbrainz.org/artist/960eb93f-e73c-4df8-864d-08a06c2dcc11,needs_review,forced_needs_review_candidate_fold,True,0.9707,3.5000,3.5000,3,235,,0,0,1,0,0,0,0,0
Jerry Douglas,7bdb48df3bb847a39e4975070ffa3b78,f94a59be-8e2f-456b-9ccb-e742048c6654,https://musicbrainz.org/artist/f94a59be-8e2f-456b-9ccb-e742048c6654,f94a59be-8e2f-456b-9ccb-e742048c6654,https://musicbrainz.org/artist/f94a59be-8e2f-456b-9ccb-e742048c6654,needs_review,forced_needs_review_candidate_fold,True,0.9707,3.5000,3.5000,3,271,,0,0,1,0,0,0,0,0
Jerry Hayes,ddbc5443ea274a3faf9b78e9ee8a27c1,15744ab2-64be-4cab-ae80-b6fa7d3b566b,https://musicbrainz.org/artist/15744ab2-64be-4cab-ae80-b6fa7d3b566b,15744ab2-64be-4cab-ae80-b6fa7d3b566b,https://musicbrainz.org/artist/15744ab2-64be-4cab-ae80-b6fa7d3b566b,needs_review,forced_needs_review_candidate_fold,True,0.9707,3.5000,3.5000,4,606,,0,0,0,0,0,1,0,0
Jerry Wexler,f874a4ab45284e24a60a15ccd5a64c1b,cad43f86-226e-4e6a-84f9-3219b48ad242,https://musicbrainz.org/artist/cad43f86-226e-4e6a-84f9-3219b48ad242,cad43f86-226e-4e6a-84f9-3219b48ad242,https://musicbrainz.org/artist/cad43f86-226e-4e6a-84f9-3219b48ad242,needs_review,forced_needs_review_candidate_fold,True,0.9707,3.5000,3.5000,4,603,,0,0,0,0,0,1,0,0
Jess Bailey,25e7cd4c080d4ed39a375f2748cb00a2,f701df61-2a4a-4231-aaf0-9884fffe05d5,https://musicbrainz.org/artist/f701df61-2a4a-4231-aaf0-9884fffe05d5,f701df61-2a4a-4231-aaf0-9884fffe05d5,https://musicbrainz.org/artist/f701df61-2a4a-4231-aaf0-9884fffe05d5,needs_review,forced_needs_review_candidate_fold,True,0.9707,3.5000,3.5000,5,450,,0,0,0,0,0,1,0,0
Jim Brown,f8f1f93c455c4d44a1ce3130db9e0200,605205c7-d924-4775-a30d-05bfb64259aa,https://musicbrainz.org/artist/605205c7-d924-4775-a30d-05bfb64259aa,a796522d-970a-46ef-8cce-8cf263b89b61,https://musicbrainz.org/artist/a796522d-970a-46ef-8cce-8cf263b89b61,needs_review,forced_needs_review_candidate_fold,False,0.9707,3.5000,3.5000,20,1535,,0,0,0,0,0,1,0,0
Jim Creeggan,86a1e3b13c0b4477b113aeb885a340c0,3a79df2b-7e55-4b5a-83bc-1a3d99b22637,https://musicbrainz.org/artist/3a79df2b-7e55-4b5a-83bc-1a3d99b22637,3a79df2b-7e55-4b5a-83bc-1a3d99b22637,https://musicbrainz.org/artist/3a79df2b-7e55-4b5a-83bc-1a3d99b22637,needs_review,forced_needs_review_candidate_fold,True,0.9707,3.5000,3.5000,4,329,,0,0,0,0,0,1,0,0
Jim Ford,5b9e00d7ba1b486e967086393f224f0a,7af54721-3563-4a86-b9d8-ffc1e2a49f8f,https://musicbrainz.org/artist/7af54721-3563-4a86-b9d8-ffc1e2a49f8f,7af54721-3563-4a86-b9d8-ffc1e2a49f8f,https://musicbrainz.org/artist/7af54721-3563-4a86-b9d8-ffc1e2a49f8f,needs_review,forced_needs_review_candidate_fold,True,0.9707,3.5000,3.5000,4,432,,0,0,0,0,0,1,0,0
Jim Jacobs,66d197573308484eb841a6444582c47e,8a776dbe-8be6-4319-9cdd-09cfbfb6a3d9,https://musicbrainz.org/artist/8a776dbe-8be6-4319-9cdd-09cfbfb6a3d9,8a776dbe-8be6-4319-9cdd-09cfbfb6a3d9,https://musicbrainz.org/artist/8a776dbe-8be6-4319-9cdd-09cfbfb6a3d9,needs_review,forced_needs_review_candidate_fold,True,0.9707,3.5000,3.5000,7,554,,0,0,0,0,0,1,0,0
Jim McBride,e91e52445a0a48a8b8695d3a1ce86807,1c2c2b3c-fa96-49b8-8f1b-707689c162dc,https://musicbrainz.org/artist/1c2c2b3c-fa96-49b8-8f1b-707689c162dc,1c2c2b3c-fa96-49b8-8f1b-707689c162dc,https://musicbrainz.org/artist/1c2c2b3c-fa96-49b8-8f1b-707689c162dc,needs_review,forced_needs_review_candidate_fold,True,0.9707,3.5000,3.5000,5,455,,0,0,0,0,0,1,0,0
Jim Morrison,f3c289f6358f49a6937f64c64c8c2da9,c6619f89-5454-4e2d-aa19-b5596ba3b4c6,https://musicbrainz.org/artist/c6619f89-5454-4e2d-aa19-b5596ba3b4c6,c6619f89-5454-4e2d-aa19-b5596ba3b4c6,https://musicbrainz.org/artist/c6619f89-5454-4e2d-aa19-b5596ba3b4c6,needs_review,forced_needs_review_candidate_fold,True,0.9707,3.5000,3.5000,9,1112,,0,0,0,0,0,1,0,0
Jim Vallance,cdd53b0a062848aaa8ef8f25be7fe347,ec409b83-2981-4fba-b3a1-d830714b7e67,https://musicbrainz.org/artist/ec409b83-2981-4fba-b3a1-d830714b7e67,ec409b83-2981-4fba-b3a1-d830714b7e67,https://musicbrainz.org/artist/ec409b83-2981-4fba-b3a1-d830714b7e67,needs_review,forced_needs_review_candidate_fold,True,0.9707,3.5000,3.5000,4,487,,0,0,0,0,0,1,0,0
Jimi Hendrix,b90aa3605c2c4ce48fc98154dc222e9b,06fb1c8b-566e-4cb2-985b-b467c90781d4,https://musicbrainz.org/artist/06fb1c8b-566e-4cb2-985b-b467c90781d4,06fb1c8b-566e-4cb2-985b-b467c90781d4,https://musicbrainz.org/artist/06fb1c8b-566e-4cb2-985b-b467c90781d4,needs_review,forced_needs_review_candidate_fold,True,0.9991,7.0000,3.5000,6,619,,2,0,1,0,0,0,0,0
Jimmie Rodgers,9e885a693cd34b7d93022ac61f88d8d7,d5bc8537-5bc5-4e37-915a-008c88436092,https://musicbrainz.org/artist/d5bc8537-5bc5-4e37-915a-008c88436092,d5bc8537-5bc5-4e37-915a-008c88436092,https://musicbrainz.org/artist/d5bc8537-5bc5-4e37-915a-008c88436092,needs_review,forced_needs_review_candidate_fold,True,0.9707,3.5000,3.5000,5,494,,0,0,1,0,0,0,0,0
Jimmy Buffett,78fa5fb64ec2466c820d97876dbbaa9a,16fdd9af-467f-47ce-bd29-3413b445b90f,https://musicbrainz.org/artist/16fdd9af-467f-47ce-bd29-3413b445b90f,16fdd9af-467f-47ce-bd29-3413b445b90f,https://musicbrainz.org/artist/16fdd9af-467f-47ce-bd29-3413b445b90f,needs_review,forced_needs_review_candidate_fold,True,0.8581,1.8000,1.8000,4,338,,0,1,0,0,0,0,0,0
Jimmy Cozier,b56a2d913e1347408cf40fa59394899d,059e0aca-516b-4655-acb3-8ef5dbec4887,https://musicbrainz.org/artist/059e0aca-516b-4655-acb3-8ef5dbec4887,059e0aca-516b-4655-acb3-8ef5dbec4887,https://musicbrainz.org/artist/059e0aca-516b-4655-acb3-8ef5dbec4887,needs_review,forced_needs_review_candidate_fold,True,0.9707,3.5000,3.5000,4,322,,0,0,1,0,0,0,0,0
Jimmy Hogarth,639e30a87b7a4d3b985b60060c0e0b5e,89c95275-8b18-4855-9a7a-a051b5b9c95d,https://musicbrainz.org/artist/89c95275-8b18-4855-9a7a-a051b5b9c95d,89c95275-8b18-4855-9a7a-a051b5b9c95d,https://musicbrainz.org/artist/89c95275-8b18-4855-9a7a-a051b5b9c95d,needs_review,forced_needs_review_candidate_fold,True,0.9707,3.5000,3.5000,4,421,,0,0,0,0,0,1,0,0
Jimmy McHugh,1f471e0ec21a446c81b33bb98fc6657e,c414371b-3377-43b5-9dc2-2a20254ed520,https://musicbrainz.org/artist/c414371b-3377-43b5-9dc2-2a20254ed520,c414371b-3377-43b5-9dc2-2a20254ed520,https://musicbrainz.org/artist/c414371b-3377-43b5-9dc2-2a20254ed520,needs_review,forced_needs_review_candidate_fold,True,0.9707,3.5000,3.5000,7,704,,0,0,0,0,0,1,0,0
Jimmy Page,73bcd67997de49be96a78298a57ffaff,519774a4-3b18-4042-b8c0-927845a616c9,https://musicbrainz.org/artist/519774a4-3b18-4042-b8c0-927845a616c9,519774a4-3b18-4042-b8c0-927845a616c9,https://musicbrainz.org/artist/519774a4-3b18-4042-b8c0-927845a616c9,needs_review,forced_needs_review_candidate_fold,True,0.9707,3.5000,3.5000,4,410,,0,0,1,0,0,0,0,0
Jimmy Van Heusen,36c2a2ccb6444d2ab197b589213678af,8d3f8b43-0d28-4500-900e-a6d92136636f,https://musicbrainz.org/artist/8d3f8b43-0d28-4500-900e-a6d92136636f,8d3f8b43-0d28-4500-900e-a6d92136636f,https://musicbrainz.org/artist/8d3f8b43-0d28-4500-900e-a6d92136636f,needs_review,forced_needs_review_candidate_fold,True,0.9707,3.5000,3.5000,4,327,,0,0,0,0,0,1,0,0
Jimmy Yancey,a3c6e21977df4bc683227344d9c93366,78a7f57a-a276-45f6-b63c-96d941e244d2,https://musicbrainz.org/artist/78a7f57a-a276-45f6-b63c-96d941e244d2,78a7f57a-a276-45f6-b63c-96d941e244d2,https://musicbrainz.org/artist/78a7f57a-a276-45f6-b63c-96d941e244d2,needs_review,forced_needs_review_candidate_fold,True,0.9707,3.5000,3.5000,3,218,,0,0,1,0,0,0,0,0
Jimmy Zero,e532d4df054042d691124fd650035e7d,86d45880-f846-45a5-bff7-475cd32f897f,https://musicbrainz.org/artist/86d45880-f846-45a5-bff7-475cd32f897f,86d45880-f846-45a5-bff7-475cd32f897f,https://musicbrainz.org/artist/86d45880-f846-45a5-bff7-475cd32f897f,needs_review,forced_needs_review_candidate_fold,True,0.9707,3.5000,3.5000,4,310,,0,0,0,0,0,1,0,0
Jo Armstead,778fb548da2b41808097bc9de2a76637,260ce408-e5fd-47f3-9510-08ae1fdbc896,https://musicbrainz.org/artist/260ce408-e5fd-47f3-9510-08ae1fdbc896,260ce408-e5fd-47f3-9510-08ae1fdbc896,https://musicbrainz.org/artist/260ce408-e5fd-47f3-9510-08ae1fdbc896,needs_review,forced_needs_review_candidate_fold,True,0.9707,3.5000,3.5000,4,373,,0,0,0,0,0,1,0,0
Jochen Schmalbach,2d762727fe3e465ab2edf47ab7170237,27ad4f5c-529f-4c1e-b362-fd0483fec3bf,https://musicbrainz.org/artist/27ad4f5c-529f-4c1e-b362-fd0483fec3bf,27ad4f5c-529f-4c1e-b362-fd0483fec3bf,https://musicbrainz.org/artist/27ad4f5c-529f-4c1e-b362-fd0483fec3bf,needs_review,forced_needs_review_candidate_fold,True,0.9707,3.5000,3.5000,4,372,,0,0,0,0,0,1,0,0
Joe Gibbs,e6bb4295e5634f29a426a822f71a1f12,53a9a236-e9d2-482f-909f-5cbb4399074f,https://musicbrainz.org/artist/53a9a236-e9d2-482f-909f-5cbb4399074f,53a9a236-e9d2-482f-909f-5cbb4399074f,https://musicbrainz.org/artist/53a9a236-e9d2-482f-909f-5cbb4399074f,needs_review,forced_needs_review_candidate_fold,True,0.9707,3.5000,3.5000,6,554,,0,0,0,0,0,1,0,0
Joe Perry,200b312ec126417cbe7d092c379ecbe4,be797221-0117-45e3-81da-996f8d29db62,https://musicbrainz.org/artist/be797221-0117-45e3-81da-996f8d29db62,be797221-0117-45e3-81da-996f8d29db62,https://musicbrainz.org/artist/be797221-0117-45e3-81da-996f8d29db62,needs_review,forced_needs_review_candidate_fold,True,0.9707,3.5000,3.5000,7,682,,0,0,0,0,0,1,0,0
Joe Strummer,fa1ee6c5851f469b9d35f5ad5adcfc80,af4ea2a3-c54d-40b4-8120-a1f0b838ad54,https://musicbrainz.org/artist/af4ea2a3-c54d-40b4-8120-a1f0b838ad54,af4ea2a3-c54d-40b4-8120-a1f0b838ad54,https://musicbrainz.org/artist/af4ea2a3-c54d-40b4-8120-a1f0b838ad54,needs_review,forced_needs_review_candidate_fold,True,0.9707,3.5000,3.5000,4,371,,0,0,1,0,0,0,0,0
Joel Pott,1fb3933c8ef34b688145f94b76e70697,4382982f-8c4e-44da-996a-125522cd3911,https://musicbrainz.org/artist/4382982f-8c4e-44da-996a-125522cd3911,4382982f-8c4e-44da-996a-125522cd3911,https://musicbrainz.org/artist/4382982f-8c4e-44da-996a-125522cd3911,needs_review,forced_needs_review_candidate_fold,True,0.9707,3.5000,3.5000,4,341,,0,0,0,0,0,1,0,0
Joey Molland,c13cd548238d449b912ec674e697c953,e05f382d-f99c-49dd-b9d6-700a7d6a6384,https://musicbrainz.org/artist/e05f382d-f99c-49dd-b9d6-700a7d6a6384,e05f382d-f99c-49dd-b9d6-700a7d6a6384,https://musicbrainz.org/artist/e05f382d-f99c-49dd-b9d6-700a7d6a6384,needs_review,forced_needs_review_candidate_fold,True,0.9707,3.5000,3.5000,5,444,,0,0,0,0,0,1,0,0
John Barry,83f771e5af0b497999101c5d96a8e158,661e20c8-3d82-4da2-94a2-97d9e11691c0,https://musicbrainz.org/artist/661e20c8-3d82-4da2-94a2-97d9e11691c0,661e20c8-3d82-4da2-94a2-97d9e11691c0,https://musicbrainz.org/artist/661e20c8-3d82-4da2-94a2-97d9e11691c0,needs_review,forced_needs_review_candidate_fold,True,0.9707,3.5000,3.5000,14,5199,,0,0,1,0,0,0,0,0
John Brooks,e934d88dc8c84d829c913c80ccb5e3b3,8e6105d5-369e-430b-b2d5-9d81719e8b0c,https://musicbrainz.org/artist/8e6105d5-369e-430b-b2d5-9d81719e8b0c,8e6105d5-369e-430b-b2d5-9d81719e8b0c,https://musicbrainz.org/artist/8e6105d5-369e-430b-b2d5-9d81719e8b0c,needs_review,forced_needs_review_candidate_fold,True,0.9707,3.5000,3.5000,7,975,,0,0,0,0,0,1,0,0
John Cooper Clarke,0d85a9d6238349b3bbf30128badbd997,7df6e6eb-8e3a-4402-a243-b5b01f0d9bec,https://musicbrainz.org/artist/7df6e6eb-8e3a-4402-a243-b5b01f0d9bec,7df6e6eb-8e3a-4402-a243-b5b01f0d9bec,https://musicbrainz.org/artist/7df6e6eb-8e3a-4402-a243-b5b01f0d9bec,needs_review,forced_needs_review_candidate_fold,True,0.9707,3.5000,3.5000,3,242,,0,0,1,0,0,0,0,0
John Court,230e98a76c654eb59b3564e1fb57ce2b,1dd98583-661e-4224-9111-7f8ab02e698d,https://musicbrainz.org/artist/1dd98583-661e-4224-9111-7f8ab02e698d,1dd98583-661e-4224-9111-7f8ab02e698d,https://musicbrainz.org/artist/1dd98583-661e-4224-9111-7f8ab02e698d,needs_review,forced_needs_review_candidate_fold,True,0.9707,3.5000,3.5000,4,353,,0,0,0,0,0,1,0,0
John Densmore,a20bb750e8e14f89a36e7e316c1a93f6,83d3cc07-60e7-4139-b5f0-3cda9f5aa99b,https://musicbrainz.org/artist/83d3cc07-60e7-4139-b5f0-3cda9f5aa99b,83d3cc07-60e7-4139-b5f0-3cda9f5aa99b,https://musicbrainz.org/artist/83d3cc07-60e7-4139-b5f0-3cda9f5aa99b,needs_review,forced_needs_review_candidate_fold,True,0.9707,3.5000,3.5000,4,596,,0,0,0,0,0,1,0,0
"John Henry Hopkins, Jr.",0543113659e14364b6f66f8069c3c72e,79680330-f206-4237-97e7-603fd7fd0f2d,https://musicbrainz.org/artist/79680330-f206-4237-97e7-603fd7fd0f2d,79680330-f206-4237-97e7-603fd7fd0f2d,https://musicbrainz.org/artist/79680330-f206-4237-97e7-603fd7fd0f2d,needs_review,forced_needs_review_candidate_fold,True,0.9707,3.5000,3.5000,4,406,,0,0,0,0,0,1,0,0
John King,4e4d9eda26f64650b915101813e79ead,a6871613-8619-4e11-b023-a89690bb9f38,https://musicbrainz.org/artist/a6871613-8619-4e11-b023-a89690bb9f38,a6871613-8619-4e11-b023-a89690bb9f38,https://musicbrainz.org/artist/a6871613-8619-4e11-b023-a89690bb9f38,needs_review,forced_needs_review_candidate_fold,True,0.9707,3.5000,3.5000,20,1785,,0,0,0,0,0,1,0,0
John Lee Hooker,bc4da5d0aeb241d98633850769ebb656,b0122194-c49a-46a1-ade7-84d1d76bd8e9,https://musicbrainz.org/artist/b0122194-c49a-46a1-ade7-84d1d76bd8e9,b0122194-c49a-46a1-ade7-84d1d76bd8e9,https://musicbrainz.org/artist/b0122194-c49a-46a1-ade7-84d1d76bd8e9,needs_review,forced_needs_review_candidate_fold,True,0.9707,3.5000,3.5000,5,468,,1,0,0,0,0,0,0,0
John Lennon,69b013d8c3af41e286da3e19f367b452,4d5447d7-c61c-4120-ba1b-d7f471d385b9,https://musicbrainz.org/artist/4d5447d7-c61c-4120-ba1b-d7f471d385b9,4d5447d7-c61c-4120-ba1b-d7f471d385b9,https://musicbrainz.org/artist/4d5447d7-c61c-4120-ba1b-d7f471d385b9,needs_review,forced_needs_review_candidate_fold,True,0.9707,3.5000,3.5000,3,492,,1,0,0,0,0,0,0,0
John MacLeod,4146e7c880cf455eb4c521fb611c2578,a10734f0-3249-444f-a914-c8015e53c5b4,https://musicbrainz.org/artist/a10734f0-3249-444f-a914-c8015e53c5b4,57b94ef2-fed4-46da-aa53-0f4944fc51a3,https://musicbrainz.org/artist/57b94ef2-fed4-46da-aa53-0f4944fc51a3,needs_review,forced_needs_review_candidate_fold,False,0.9707,3.5000,3.5000,10,887,,0,0,0,0,0,1,0,0
John Mayer,4f1dc65b78764944907982a2a6422808,144ef525-85e9-40c3-8335-02c32d0861f3,https://musicbrainz.org/artist/144ef525-85e9-40c3-8335-02c32d0861f3,144ef525-85e9-40c3-8335-02c32d0861f3,https://musicbrainz.org/artist/144ef525-85e9-40c3-8335-02c32d0861f3,needs_review,forced_needs_review_candidate_fold,True,0.9707,3.5000,3.5000,9,853,,0,0,1,0,0,0,0,0
John McCurry,a0226b7710224be2811baf3e17ff5cb0,da41862c-b747-457a-bcc1-9a30e11d2323,https://musicbrainz.org/artist/da41862c-b747-457a-bcc1-9a30e11d2323,da41862c-b747-457a-bcc1-9a30e11d2323,https://musicbrainz.org/artist/da41862c-b747-457a-bcc1-9a30e11d2323,needs_review,forced_needs_review_candidate_fold,True,0.9707,3.5000,3.5000,4,624,,0,0,0,0,0,1,0,0
John Nitzinger,ad0c918ba8ef485797f70f9874aaf17b,a7e12114-ff98-482b-82f4-34c720002721,https://musicbrainz.org/artist/a7e12114-ff98-482b-82f4-34c720002721,a7e12114-ff98-482b-82f4-34c720002721,https://musicbrainz.org/artist/a7e12114-ff98-482b-82f4-34c720002721,needs_review,forced_needs_review_candidate_fold,True,0.9707,3.5000,3.5000,4,404,,0,0,0,0,0,1,0,0
John Pennell,48d9fa82852e44c2839dcbddae500cf0,b5764c4e-407d-4667-a0bf-b9275c71b660,https://musicbrainz.org/artist/b5764c4e-407d-4667-a0bf-b9275c71b660,b5764c4e-407d-4667-a0bf-b9275c71b660,https://musicbrainz.org/artist/b5764c4e-407d-4667-a0bf-b9275c71b660,needs_review,forced_needs_review_candidate_fold,True,0.9707,3.5000,3.5000,5,429,,0,0,0,0,0,1,0,0
John Waite,68814768d05e4a918dee3e14252712d7,f0a4c8af-2b25-45cf-9b41-19171cf4d80f,https://musicbrainz.org/artist/f0a4c8af-2b25-45cf-9b41-19171cf4d80f,f0a4c8af-2b25-45cf-9b41-19171cf4d80f,https://musicbrainz.org/artist/f0a4c8af-2b25-45cf-9b41-19171cf4d80f,needs_review,forced_needs_review_candidate_fold,True,0.9707,3.5000,3.5000,3,246,,0,0,1,0,0,0,0,0
Johnny Blitz,115c09ecdb874365947d66e77abdafde,aed0e677-ca85-4aff-875b-cb754e250ddd,https://musicbrainz.org/artist/aed0e677-ca85-4aff-875b-cb754e250ddd,aed0e677-ca85-4aff-875b-cb754e250ddd,https://musicbrainz.org/artist/aed0e677-ca85-4aff-875b-cb754e250ddd,needs_review,forced_needs_review_candidate_fold,True,0.9707,3.5000,3.5000,4,318,,0,0,0,0,0,1,0,0
Johnny Cash,091d0f789c7645a98866b2c95cbb25ff,d43d12a1-2dc9-4257-a2fd-0a3bb1081b86,https://musicbrainz.org/artist/d43d12a1-2dc9-4257-a2fd-0a3bb1081b86,d43d12a1-2dc9-4257-a2fd-0a3bb1081b86,https://musicbrainz.org/artist/d43d12a1-2dc9-4257-a2fd-0a3bb1081b86,needs_review,forced_needs_review_candidate_fold,True,0.9707,3.5000,3.5000,4,371,,1,0,0,0,0,0,0,0
Johnny Green,a4f5b53b8cb2454cae81b73d76ca991a,f84eb94a-1953-4955-94bc-e9385c4e43f8,https://musicbrainz.org/artist/f84eb94a-1953-4955-94bc-e9385c4e43f8,f84eb94a-1953-4955-94bc-e9385c4e43f8,https://musicbrainz.org/artist/f84eb94a-1953-4955-94bc-e9385c4e43f8,needs_review,forced_needs_review_candidate_fold,True,0.9707,3.5000,3.5000,11,1053,,0,0,0,0,0,1,0,0
Johnny Mandel,81a7e7fb384f46ae903444a694684b26,95c95dee-0dbc-4d5f-a428-6a465a5b32f3,https://musicbrainz.org/artist/95c95dee-0dbc-4d5f-a428-6a465a5b32f3,95c95dee-0dbc-4d5f-a428-6a465a5b32f3,https://musicbrainz.org/artist/95c95dee-0dbc-4d5f-a428-6a465a5b32f3,needs_review,forced_needs_review_candidate_fold,True,0.9707,3.5000,3.5000,4,416,,0,0,0,0,0,1,0,0
Johnny Thunders,223d480b48494e6bba18a95d3db1b8b0,3b14b1a7-2235-4fcf-a718-383beb79e856,https://musicbrainz.org/artist/3b14b1a7-2235-4fcf-a718-383beb79e856,3b14b1a7-2235-4fcf-a718-383beb79e856,https://musicbrainz.org/artist/3b14b1a7-2235-4fcf-a718-383beb79e856,needs_review,forced_needs_review_candidate_fold,True,0.9707,3.5000,3.5000,3,278,,0,0,1,0,0,0,0,0
Jon Randall,f7f3b5dcec604f2395be67272b1a37f6,1d735e8c-a016-4cff-ab25-81f0980adc2f,https://musicbrainz.org/artist/1d735e8c-a016-4cff-ab25-81f0980adc2f,1d735e8c-a016-4cff-ab25-81f0980adc2f,https://musicbrainz.org/artist/1d735e8c-a016-4cff-ab25-81f0980adc2f,needs_review,forced_needs_review_candidate_fold,True,0.9707,3.5000,3.5000,4,389,,0,0,0,0,0,1,0,0
Jonas Berggren,9bb94f753c024b359ecb31f94b47173e,0693a22f-665c-49ee-81f9-ccca2569346c,https://musicbrainz.org/artist/0693a22f-665c-49ee-81f9-ccca2569346c,0693a22f-665c-49ee-81f9-ccca2569346c,https://musicbrainz.org/artist/0693a22f-665c-49ee-81f9-ccca2569346c,needs_review,forced_needs_review_candidate_fold,True,0.9707,3.5000,3.5000,9,736,,0,0,0,0,0,1,0,0
Jonathan Elias,c8a6a89fb94e4679aba45c54fc1b53dc,9f8d107f-deda-4978-880d-c248545a636a,https://musicbrainz.org/artist/9f8d107f-deda-4978-880d-c248545a636a,9f8d107f-deda-4978-880d-c248545a636a,https://musicbrainz.org/artist/9f8d107f-deda-4978-880d-c248545a636a,needs_review,,True,0.5000,0.0000,0.0000,4,368,,0,0,0,0,0,0,0,0
Joni Mitchell,bb1821d12699445b899088dab5b20497,a6de8ef9-b1a1-4756-97aa-481bbb8a4069,https://musicbrainz.org/artist/a6de8ef9-b1a1-4756-97aa-481bbb8a4069,a6de8ef9-b1a1-4756-97aa-481bbb8a4069,https://musicbrainz.org/artist/a6de8ef9-b1a1-4756-97aa-481bbb8a4069,needs_review,forced_needs_review_candidate_fold,True,0.9707,3.5000,3.5000,3,252,,1,0,0,0,0,0,0,0
Jonny Wright,63edc1ed52c448b6837845e87efec8e7,939bba52-550c-4632-a7c7-856dc28c8ce8,https://musicbrainz.org/artist/939bba52-550c-4632-a7c7-856dc28c8ce8,939bba52-550c-4632-a7c7-856dc28c8ce8,https://musicbrainz.org/artist/939bba52-550c-4632-a7c7-856dc28c8ce8,needs_review,forced_needs_review_candidate_fold,True,0.9707,3.5000,3.5000,4,387,,0,0,0,0,0,1,0,0
Jorge Ben Jor,1747bd07490541cea90472567dfd8fb6,19499124-36d4-4ccc-b28d-04dde3d2076f,https://musicbrainz.org/artist/19499124-36d4-4ccc-b28d-04dde3d2076f,19499124-36d4-4ccc-b28d-04dde3d2076f,https://musicbrainz.org/artist/19499124-36d4-4ccc-b28d-04dde3d2076f,needs_review,forced_needs_review_candidate_fold,True,0.9707,3.5000,3.5000,4,362,,0,0,0,0,0,1,0,0
Joseph Hughes,ea797cfe559140f9825b8caf0a877819,23e6234d-d57c-42e4-a7e9-e84e072adb25,https://musicbrainz.org/artist/23e6234d-d57c-42e4-a7e9-e84e072adb25,23e6234d-d57c-42e4-a7e9-e84e072adb25,https://musicbrainz.org/artist/23e6234d-d57c-42e4-a7e9-e84e072adb25,needs_review,forced_needs_review_candidate_fold,True,0.8581,1.8000,1.8000,6,528,,0,0,0,0,0,0,1,0
Joseph Williams,e83ca2de244140278a2f866f704ad4f6,e9eb5a12-95c8-4bc6-985c-e3b540a81dda,https://musicbrainz.org/artist/e9eb5a12-95c8-4bc6-985c-e3b540a81dda,e9eb5a12-95c8-4bc6-985c-e3b540a81dda,https://musicbrainz.org/artist/e9eb5a12-95c8-4bc6-985c-e3b540a81dda,needs_review,forced_needs_review_candidate_fold,True,0.9707,3.5000,3.5000,9,883,,0,0,1,0,0,0,0,0
Josh Deu,8ebb660281b947a792e29f6a078a8c02,a7f66a7a-1fa3-4e2b-a5ca-455254175991,https://musicbrainz.org/artist/a7f66a7a-1fa3-4e2b-a5ca-455254175991,a7f66a7a-1fa3-4e2b-a5ca-455254175991,https://musicbrainz.org/artist/a7f66a7a-1fa3-4e2b-a5ca-455254175991,needs_review,forced_needs_review_candidate_fold,True,0.9707,3.5000,3.5000,4,330,,0,0,0,0,0,1,0,0
Joshua Ralph,ed7978e19e4b448793117179968de364,75e2440b-2fd0-4366-baec-d7802f52edeb,https://musicbrainz.org/artist/75e2440b-2fd0-4366-baec-d7802f52edeb,75e2440b-2fd0-4366-baec-d7802f52edeb,https://musicbrainz.org/artist/75e2440b-2fd0-4366-baec-d7802f52edeb,needs_review,forced_needs_review_candidate_fold,True,0.9707,3.5000,3.5000,3,251,,1,0,0,0,0,0,0,0
Joshua Thompson,3a6bf0926ad84a43b28adca26bc6b64a,1d21c039-632a-42b6-ac64-0976930de04a,https://musicbrainz.org/artist/1d21c039-632a-42b6-ac64-0976930de04a,1d21c039-632a-42b6-ac64-0976930de04a,https://musicbrainz.org/artist/1d21c039-632a-42b6-ac64-0976930de04a,needs_review,forced_needs_review_candidate_fold,True,0.9707,3.5000,3.5000,5,459,,0,0,0,0,0,1,0,0
João Gilberto,2030bab32580474f9786bb9a108fab53,286ec4c2-b5ca-4f85-b331-280a6d73dd14,https://musicbrainz.org/artist/286ec4c2-b5ca-4f85-b331-280a6d73dd14,286ec4c2-b5ca-4f85-b331-280a6d73dd14,https://musicbrainz.org/artist/286ec4c2-b5ca-4f85-b331-280a6d73dd14,needs_review,forced_needs_review_candidate_fold,True,0.9707,3.5000,3.5000,3,241,,1,0,0,0,0,0,0,0
Jules Shear,22108a69d8264826b3a62f076f4eb30a,3b88a652-36b2-4158-bec5-9d6fee5ef655,https://musicbrainz.org/artist/3b88a652-36b2-4158-bec5-9d6fee5ef655,3b88a652-36b2-4158-bec5-9d6fee5ef655,https://musicbrainz.org/artist/3b88a652-36b2-4158-bec5-9d6fee5ef655,needs_review,forced_needs_review_candidate_fold,True,0.9707,3.5000,3.5000,6,577,,0,0,0,0,0,1,0,0
Jules Taub,b178a65aaee1451aaa65d9a164ee04dd,36c03b79-330b-4076-a853-dd19d5847374,https://musicbrainz.org/artist/36c03b79-330b-4076-a853-dd19d5847374,36c03b79-330b-4076-a853-dd19d5847374,https://musicbrainz.org/artist/36c03b79-330b-4076-a853-dd19d5847374,needs_review,forced_needs_review_candidate_fold,True,0.9707,3.5000,3.5000,4,395,,0,0,0,0,0,1,0,0
Julia Stone,9fbaa8d1e4194d4495782dfe27405218,b5cf517f-e89a-43df-a50e-afac186d3e48,https://musicbrainz.org/artist/b5cf517f-e89a-43df-a50e-afac186d3e48,b5cf517f-e89a-43df-a50e-afac186d3e48,https://musicbrainz.org/artist/b5cf517f-e89a-43df-a50e-afac186d3e48,needs_review,forced_needs_review_candidate_fold,True,0.9707,3.5000,3.5000,6,419,,0,0,1,0,0,0,0,0
Julie Lee,a51af79f02eb4442909ef661270201e3,2a67ab78-bc89-4cf9-84cc-bd232ac3ab47,https://musicbrainz.org/artist/2a67ab78-bc89-4cf9-84cc-bd232ac3ab47,2a67ab78-bc89-4cf9-84cc-bd232ac3ab47,https://musicbrainz.org/artist/2a67ab78-bc89-4cf9-84cc-bd232ac3ab47,needs_review,forced_needs_review_candidate_fold,True,0.9707,3.5000,3.5000,4,307,,0,0,0,0,0,1,0,0
June Carter Cash,5f166e710f5b4d8f855e9cd5b5df75a1,4ee75011-678b-46e0-b8e1-8ef47e5b7379,https://musicbrainz.org/artist/4ee75011-678b-46e0-b8e1-8ef47e5b7379,4ee75011-678b-46e0-b8e1-8ef47e5b7379,https://musicbrainz.org/artist/4ee75011-678b-46e0-b8e1-8ef47e5b7379,needs_review,forced_needs_review_candidate_fold,True,0.9707,3.5000,3.5000,3,257,,0,0,1,0,0,0,0,0
Kandi,64acc4ada4ee4637aee6043b2b026b95,888f7e18-2a96-4f2e-8320-08ff4330b442,https://musicbrainz.org/artist/888f7e18-2a96-4f2e-8320-08ff4330b442,888f7e18-2a96-4f2e-8320-08ff4330b442,https://musicbrainz.org/artist/888f7e18-2a96-4f2e-8320-08ff4330b442,needs_review,forced_needs_review_candidate_fold,True,0.9707,3.5000,3.5000,6,709,,0,0,0,0,0,1,0,0
Kane Roberts,8e3686c6b9b54d418501faf2c872a8a9,839a0cb4-8cb7-42a2-96b5-3651fd880933,https://musicbrainz.org/artist/839a0cb4-8cb7-42a2-96b5-3651fd880933,839a0cb4-8cb7-42a2-96b5-3651fd880933,https://musicbrainz.org/artist/839a0cb4-8cb7-42a2-96b5-3651fd880933,needs_review,forced_needs_review_candidate_fold,True,0.9707,3.5000,3.5000,5,498,,0,0,0,0,0,1,0,0
Kanye West,0709314284ff4f20be0ac4707baf224b,164f0d73-1234-4e2c-8743-d77bf2191051,https://musicbrainz.org/artist/164f0d73-1234-4e2c-8743-d77bf2191051,164f0d73-1234-4e2c-8743-d77bf2191051,https://musicbrainz.org/artist/164f0d73-1234-4e2c-8743-d77bf2191051,needs_review,forced_needs_review_candidate_fold,True,0.9707,3.5000,3.5000,11,698,,0,0,1,0,0,0,0,0
Kara DioGuardi,dc59d183156442b98c9b253ee0583ec4,be0fbd6f-1b12-4a30-8fc7-64e3c154c8e5,https://musicbrainz.org/artist/be0fbd6f-1b12-4a30-8fc7-64e3c154c8e5,be0fbd6f-1b12-4a30-8fc7-64e3c154c8e5,https://musicbrainz.org/artist/be0fbd6f-1b12-4a30-8fc7-64e3c154c8e5,needs_review,forced_needs_review_candidate_fold,True,0.9707,3.5000,3.5000,4,390,,0,0,0,0,0,1,0,0
Karin Melchert,1980b744d21f43d19fdbc1b2506a2dd7,a7838f2d-aaff-4c69-a35d-03341fbba1e3,https://musicbrainz.org/artist/a7838f2d-aaff-4c69-a35d-03341fbba1e3,a7838f2d-aaff-4c69-a35d-03341fbba1e3,https://musicbrainz.org/artist/a7838f2d-aaff-4c69-a35d-03341fbba1e3,needs_review,forced_needs_review_candidate_fold,True,0.9707,3.5000,3.5000,3,247,,0,0,1,0,0,0,0,0
Karl Stephenson,6cfd125822ee4fe6abf1b36ed233f49a,ab766090-0c1a-4b96-bb83-cdf29689f05c,https://musicbrainz.org/artist/ab766090-0c1a-4b96-bb83-cdf29689f05c,ab766090-0c1a-4b96-bb83-cdf29689f05c,https://musicbrainz.org/artist/ab766090-0c1a-4b96-bb83-cdf29689f05c,needs_review,forced_needs_review_candidate_fold,True,0.9707,3.5000,3.5000,4,343,,0,0,0,0,0,1,0,0
Karla Bonoff,e1820f59b6fc42c3a23b4f566e5fa667,8b76d64a-923b-4c0f-b04f-f0f9f6a2c6c2,https://musicbrainz.org/artist/8b76d64a-923b-4c0f-b04f-f0f9f6a2c6c2,8b76d64a-923b-4c0f-b04f-f0f9f6a2c6c2,https://musicbrainz.org/artist/8b76d64a-923b-4c0f-b04f-f0f9f6a2c6c2,needs_review,forced_needs_review_candidate_fold,True,0.9707,3.5000,3.5000,4,346,,0,0,0,0,0,1,0,0
Kate Moss,6649c94ccee543dfa1dc8359a9e5c2d6,c68e3e4a-3631-48b8-9f2b-847c1eec1435,https://musicbrainz.org/artist/c68e3e4a-3631-48b8-9f2b-847c1eec1435,c68e3e4a-3631-48b8-9f2b-847c1eec1435,https://musicbrainz.org/artist/c68e3e4a-3631-48b8-9f2b-847c1eec1435,needs_review,forced_needs_review_candidate_fold,True,0.9707,3.5000,3.5000,5,441,,0,0,1,0,0,0,0,0
Kathleen Brennan,ba69b22f982c4bcd80e56dba99df5f34,610621a9-f9a7-4aba-8d30-2307c61e1f08,https://musicbrainz.org/artist/610621a9-f9a7-4aba-8d30-2307c61e1f08,610621a9-f9a7-4aba-8d30-2307c61e1f08,https://musicbrainz.org/artist/610621a9-f9a7-4aba-8d30-2307c61e1f08,needs_review,forced_needs_review_candidate_fold,True,0.9707,3.5000,3.5000,4,427,,0,0,0,0,0,1,0,0
Kathy Wakefield,47e3c5df2de9407c8d5054a55976c5ff,4e6faf50-40a1-450d-84f6-2dfec2f5aa63,https://musicbrainz.org/artist/4e6faf50-40a1-450d-84f6-2dfec2f5aa63,4e6faf50-40a1-450d-84f6-2dfec2f5aa63,https://musicbrainz.org/artist/4e6faf50-40a1-450d-84f6-2dfec2f5aa63,needs_review,forced_needs_review_candidate_fold,True,0.9707,3.5000,3.5000,4,382,,0,0,0,0,0,1,0,0
Keith Richards,cc02ff0edb96409f94f43d979cc7c24e,f0ed72a3-ae8f-4cf7-b51d-2696a2330230,https://musicbrainz.org/artist/f0ed72a3-ae8f-4cf7-b51d-2696a2330230,f0ed72a3-ae8f-4cf7-b51d-2696a2330230,https://musicbrainz.org/artist/f0ed72a3-ae8f-4cf7-b51d-2696a2330230,needs_review,forced_needs_review_candidate_fold,True,0.9707,3.5000,3.5000,6,455,,0,0,1,0,0,0,0,0
Keith Stegall,84f5b2a7b5c04d2d9591f81e5d152c09,878bc82e-f61e-4650-b57a-d284700f362c,https://musicbrainz.org/artist/878bc82e-f61e-4650-b57a-d284700f362c,878bc82e-f61e-4650-b57a-d284700f362c,https://musicbrainz.org/artist/878bc82e-f61e-4650-b57a-d284700f362c,needs_review,forced_needs_review_candidate_fold,True,0.9707,3.5000,3.5000,4,375,,0,0,0,0,0,1,0,0
Ken Williams,b996600f108a4ab29195cad947c9acb4,91e487be-d02f-4a4c-9915-c70edf45555f,https://musicbrainz.org/artist/91e487be-d02f-4a4c-9915-c70edf45555f,91e487be-d02f-4a4c-9915-c70edf45555f,https://musicbrainz.org/artist/91e487be-d02f-4a4c-9915-c70edf45555f,needs_review,forced_needs_review_candidate_fold,True,0.9707,3.5000,3.5000,14,1091,,0,0,0,0,0,1,0,0
Kenny G,7c18b36658ef42af8668cd05afb718ea,4cd556a5-db82-43f6-8d55-99598b42da8f,https://musicbrainz.org/artist/4cd556a5-db82-43f6-8d55-99598b42da8f,4cd556a5-db82-43f6-8d55-99598b42da8f,https://musicbrainz.org/artist/4cd556a5-db82-43f6-8d55-99598b42da8f,needs_review,forced_needs_review_candidate_fold,True,0.8581,1.8000,1.8000,6,557,,0,0,0,1,0,0,0,0
Kenny Pickett,38347df2f1434a38a523f70ec01884b7,db6508c6-e825-41af-a377-6ea93a776374,https://musicbrainz.org/artist/db6508c6-e825-41af-a377-6ea93a776374,db6508c6-e825-41af-a377-6ea93a776374,https://musicbrainz.org/artist/db6508c6-e825-41af-a377-6ea93a776374,needs_review,forced_needs_review_candidate_fold,True,0.9707,3.5000,3.5000,4,379,,0,0,0,0,0,1,0,0
Keren Woodward,437ddeb8c14f4d02a04f2948eaa2d3a8,56b0505c-3cfc-4338-aba0-05182d8d2bd4,https://musicbrainz.org/artist/56b0505c-3cfc-4338-aba0-05182d8d2bd4,56b0505c-3cfc-4338-aba0-05182d8d2bd4,https://musicbrainz.org/artist/56b0505c-3cfc-4338-aba0-05182d8d2bd4,needs_review,forced_needs_review_candidate_fold,True,0.9707,3.5000,3.5000,10,765,,0,0,0,0,0,1,0,0
Kerry Brothers,ab23d392d8e241898dd496fbbc10281c,9b6d374f-4aa4-4483-8587-45ed4758d231,https://musicbrainz.org/artist/9b6d374f-4aa4-4483-8587-45ed4758d231,9b6d374f-4aa4-4483-8587-45ed4758d231,https://musicbrainz.org/artist/9b6d374f-4aa4-4483-8587-45ed4758d231,needs_review,forced_needs_review_candidate_fold,True,0.9707,3.5000,3.5000,4,410,,0,0,0,0,0,1,0,0
Kevin Hearn,80b10c88e87f44fb801e616f61240d8e,42cdf49d-3c50-4596-95bb-23e48dca050f,https://musicbrainz.org/artist/42cdf49d-3c50-4596-95bb-23e48dca050f,42cdf49d-3c50-4596-95bb-23e48dca050f,https://musicbrainz.org/artist/42cdf49d-3c50-4596-95bb-23e48dca050f,needs_review,forced_needs_review_candidate_fold,True,0.9707,3.5000,3.5000,5,497,,0,0,0,0,0,1,0,0
Kim Fowley,94c17975315a4414b8108e9ec7d665be,6bedf676-3e23-46ef-a008-720ded2b9a06,https://musicbrainz.org/artist/6bedf676-3e23-46ef-a008-720ded2b9a06,6bedf676-3e23-46ef-a008-720ded2b9a06,https://musicbrainz.org/artist/6bedf676-3e23-46ef-a008-720ded2b9a06,needs_review,forced_needs_review_candidate_fold,True,0.9707,3.5000,3.5000,5,482,,0,0,0,0,0,1,0,0
King Curtis,b4a38e235d8741cc9b9998a37bbe1d2b,151231cb-fca6-42e0-976a-66b07193d657,https://musicbrainz.org/artist/151231cb-fca6-42e0-976a-66b07193d657,151231cb-fca6-42e0-976a-66b07193d657,https://musicbrainz.org/artist/151231cb-fca6-42e0-976a-66b07193d657,needs_review,forced_needs_review_candidate_fold,True,0.9707,3.5000,3.5000,4,455,,0,0,0,0,0,1,0,0
Kirk Khaleel,1e852a23532840a08b890de28b6e64b4,770dc61a-52f5-4b96-bc2e-a4a44c4eaf43,https://musicbrainz.org/artist/770dc61a-52f5-4b96-bc2e-a4a44c4eaf43,770dc61a-52f5-4b96-bc2e-a4a44c4eaf43,https://musicbrainz.org/artist/770dc61a-52f5-4b96-bc2e-a4a44c4eaf43,needs_review,forced_needs_review_candidate_fold,True,0.9707,3.5000,3.5000,4,368,,0,0,0,0,0,1,0,0
Kit Johnson,746ade43a36c4a299c726adcecb45c28,63ede357-6767-46ec-8811-7550fd54ab07,https://musicbrainz.org/artist/63ede357-6767-46ec-8811-7550fd54ab07,63ede357-6767-46ec-8811-7550fd54ab07,https://musicbrainz.org/artist/63ede357-6767-46ec-8811-7550fd54ab07,needs_review,forced_needs_review_candidate_fold,True,0.9707,3.5000,3.5000,4,386,,0,0,0,0,0,1,0,0
Kostas,cdbd0a3a2f1b45d8b7c6754b5dde0b05,9fab20fb-a484-48e3-ab36-7fbe294833b8,https://musicbrainz.org/artist/9fab20fb-a484-48e3-ab36-7fbe294833b8,9fab20fb-a484-48e3-ab36-7fbe294833b8,https://musicbrainz.org/artist/9fab20fb-a484-48e3-ab36-7fbe294833b8,needs_review,forced_needs_review_candidate_fold,True,0.9707,3.5000,3.5000,13,1137,,0,0,0,0,0,1,0,0
Kuk Harrell,8530f532f2214a15991b7fe68dc63fe3,95203764-45d1-4bb8-bd54-d5b87a83d36f,https://musicbrainz.org/artist/95203764-45d1-4bb8-bd54-d5b87a83d36f,95203764-45d1-4bb8-bd54-d5b87a83d36f,https://musicbrainz.org/artist/95203764-45d1-4bb8-bd54-d5b87a83d36f,needs_review,forced_needs_review_candidate_fold,True,0.9707,3.5000,3.5000,4,550,,0,0,0,0,0,1,0,0
Kushla Prasad,ff85e0fa009c4ab6b038228295c7c6dc,ccfba91e-75e5-41e3-b07e-4a6d65289051,https://musicbrainz.org/artist/ccfba91e-75e5-41e3-b07e-4a6d65289051,ccfba91e-75e5-41e3-b07e-4a6d65289051,https://musicbrainz.org/artist/ccfba91e-75e5-41e3-b07e-4a6d65289051,needs_review,forced_needs_review_candidate_fold,True,0.9707,3.5000,3.5000,4,329,,0,0,0,0,0,1,0,0
L'imprevu Saxofoonkwartet,2ce42a3d924b4c4a814e7bb2c401d48e,9bc80b10-998c-41c6-beef-a9e8012c6ce8,https://musicbrainz.org/artist/9bc80b10-998c-41c6-beef-a9e8012c6ce8,9bc80b10-998c-41c6-beef-a9e8012c6ce8,https://musicbrainz.org/artist/9bc80b10-998c-41c6-beef-a9e8012c6ce8,needs_review,,True,0.5000,0.0000,0.0000,7,363,,0,0,0,0,0,0,0,0
L.C. Cooke,cf7a4fbd46d1407c91849bdf113dff3a,7273a5a1-d93c-4e2c-9081-76d59bc99fa5,https://musicbrainz.org/artist/7273a5a1-d93c-4e2c-9081-76d59bc99fa5,7273a5a1-d93c-4e2c-9081-76d59bc99fa5,https://musicbrainz.org/artist/7273a5a1-d93c-4e2c-9081-76d59bc99fa5,needs_review,forced_needs_review_candidate_fold,True,0.9707,3.5000,3.5000,3,260,,0,0,1,0,0,0,0,0
Lalo Schifrin,b5f2beaeaadc4b3e92031f3f26ec614a,adf017f5-76d6-4d31-b1b9-a0211675e7c2,https://musicbrainz.org/artist/adf017f5-76d6-4d31-b1b9-a0211675e7c2,adf017f5-76d6-4d31-b1b9-a0211675e7c2,https://musicbrainz.org/artist/adf017f5-76d6-4d31-b1b9-a0211675e7c2,needs_review,forced_needs_review_candidate_fold,True,0.9707,3.5000,3.5000,5,377,,0,0,1,0,0,0,0,0
Lamont Dozier,afd95e32b191485e85280d63f2c4a104,b801e3ad-a23a-4ae8-9708-6c02a202e9e1,https://musicbrainz.org/artist/b801e3ad-a23a-4ae8-9708-6c02a202e9e1,b801e3ad-a23a-4ae8-9708-6c02a202e9e1,https://musicbrainz.org/artist/b801e3ad-a23a-4ae8-9708-6c02a202e9e1,needs_review,forced_needs_review_candidate_fold,True,0.9707,3.5000,3.5000,4,456,,0,0,0,0,0,1,0,0
Lang Lang,6bd3dfda434a46de928f372d906819a2,43e1570a-1a0d-479f-9c95-fba971aec91a,https://musicbrainz.org/artist/43e1570a-1a0d-479f-9c95-fba971aec91a,43e1570a-1a0d-479f-9c95-fba971aec91a,https://musicbrainz.org/artist/43e1570a-1a0d-479f-9c95-fba971aec91a,needs_review,forced_needs_review_candidate_fold,True,0.9707,3.5000,3.5000,3,288,,0,0,1,0,0,0,0,0
Larry Byrom,528bee73a6b4407e9337e3ddd2ae3e70,2abf6358-c62a-42b1-97c0-d35896ce539d,https://musicbrainz.org/artist/2abf6358-c62a-42b1-97c0-d35896ce539d,2abf6358-c62a-42b1-97c0-d35896ce539d,https://musicbrainz.org/artist/2abf6358-c62a-42b1-97c0-d35896ce539d,needs_review,forced_needs_review_candidate_fold,True,0.9707,3.5000,3.5000,4,324,,0,0,0,0,0,1,0,0
Larry Cordle,755cdd8900d44086b4670aed69e53d09,72681b90-031c-4122-9d49-994371ac80a8,https://musicbrainz.org/artist/72681b90-031c-4122-9d49-994371ac80a8,72681b90-031c-4122-9d49-994371ac80a8,https://musicbrainz.org/artist/72681b90-031c-4122-9d49-994371ac80a8,needs_review,forced_needs_review_candidate_fold,True,0.9707,3.5000,3.5000,5,441,,0,0,0,0,0,1,0,0
Larry Elgart,622148a4afc441d1ba381421e45013f1,74c92a31-b350-46b1-962a-429721cafd80,https://musicbrainz.org/artist/74c92a31-b350-46b1-962a-429721cafd80,74c92a31-b350-46b1-962a-429721cafd80,https://musicbrainz.org/artist/74c92a31-b350-46b1-962a-429721cafd80,needs_review,forced_needs_review_candidate_fold,True,0.9707,3.5000,3.5000,6,646,,0,0,0,0,0,1,0,0
Larry Troutman,e6f800c11fbc4fb5b82f457315266343,68fa5147-7183-4fd1-85a6-4f98ae106ce7,https://musicbrainz.org/artist/68fa5147-7183-4fd1-85a6-4f98ae106ce7,68fa5147-7183-4fd1-85a6-4f98ae106ce7,https://musicbrainz.org/artist/68fa5147-7183-4fd1-85a6-4f98ae106ce7,needs_review,forced_needs_review_candidate_fold,True,0.9707,3.5000,3.5000,4,403,,0,0,0,0,0,1,0,0
Lars Färnlöf,8998951224b449a18e44e31a4a13af99,92523400-af50-4c0d-9785-70ea6e449256,https://musicbrainz.org/artist/92523400-af50-4c0d-9785-70ea6e449256,92523400-af50-4c0d-9785-70ea6e449256,https://musicbrainz.org/artist/92523400-af50-4c0d-9785-70ea6e449256,needs_review,forced_needs_review_candidate_fold,True,0.9707,3.5000,3.5000,4,355,,0,0,0,0,0,1,0,0
Laura Pausini,5c9646b97c484b8e81f1099cb8285f06,472b9953-1f10-4aed-b1ec-d0c23ffb2cf1,https://musicbrainz.org/artist/472b9953-1f10-4aed-b1ec-d0c23ffb2cf1,472b9953-1f10-4aed-b1ec-d0c23ffb2cf1,https://musicbrainz.org/artist/472b9953-1f10-4aed-b1ec-d0c23ffb2cf1,needs_review,forced_needs_review_candidate_fold,True,0.9707,3.5000,3.5000,3,259,,0,0,1,0,0,0,0,0
Laurence Tolhurst,43007a583583412f96449056201b5943,,,,,needs_review,,,0.0000,0.0000,0.0000,4,236,,0,0,0,0,0,0,0,0
Layne Staley,984095f405604a799bf8951ceb17e5ce,ddf488d8-f809-47a0-adb3-95bbc7aa20f0,https://musicbrainz.org/artist/ddf488d8-f809-47a0-adb3-95bbc7aa20f0,ddf488d8-f809-47a0-adb3-95bbc7aa20f0,https://musicbrainz.org/artist/ddf488d8-f809-47a0-adb3-95bbc7aa20f0,needs_review,forced_needs_review_candidate_fold,True,0.9707,3.5000,3.5000,4,441,,0,0,0,0,0,1,0,0
Lene Grawford Nystrøm,579a53b4fe65402f957fed9690267560,48b13e1a-e7ee-4d26-b25c-4dab314b0dbc,https://musicbrainz.org/artist/48b13e1a-e7ee-4d26-b25c-4dab314b0dbc,48b13e1a-e7ee-4d26-b25c-4dab314b0dbc,https://musicbrainz.org/artist/48b13e1a-e7ee-4d26-b25c-4dab314b0dbc,needs_review,forced_needs_review_candidate_fold,True,0.9707,3.5000,3.5000,4,387,,0,0,0,0,0,1,0,0
Leon Michels,59b0159803e9478f884a17aa60351595,e99e2c02-0ca7-4687-897c-efedbe5b98c2,https://musicbrainz.org/artist/e99e2c02-0ca7-4687-897c-efedbe5b98c2,e99e2c02-0ca7-4687-897c-efedbe5b98c2,https://musicbrainz.org/artist/e99e2c02-0ca7-4687-897c-efedbe5b98c2,needs_review,forced_needs_review_candidate_fold,True,0.8581,1.8000,1.8000,5,405,,0,0,0,0,0,0,1,0
Leonard Bernstein,41db254ca7a848c19d6c30621612c1d8,fa39bc82-9b27-4bbb-9425-d719a72e09ac,https://musicbrainz.org/artist/fa39bc82-9b27-4bbb-9425-d719a72e09ac,fa39bc82-9b27-4bbb-9425-d719a72e09ac,https://musicbrainz.org/artist/fa39bc82-9b27-4bbb-9425-d719a72e09ac,needs_review,forced_needs_review_candidate_fold,True,0.8581,1.8000,1.8000,5,383,,0,0,0,1,0,0,0,0
Leonard Caston,b726087a07cd4ed69789f184b167cf52,a0204fcc-78c1-4d1a-8ddb-adb81174864f,https://musicbrainz.org/artist/a0204fcc-78c1-4d1a-8ddb-adb81174864f,a0204fcc-78c1-4d1a-8ddb-adb81174864f,https://musicbrainz.org/artist/a0204fcc-78c1-4d1a-8ddb-adb81174864f,needs_review,,True,0.9707,3.5000,0.0000,5,421,,0,0,0,0,0,2,0,0
Leonard Feather,b29288a3f6a74b0b94f9afd311fad959,7b1f4382-fc71-435e-8ed7-e41ad8014b22,https://musicbrainz.org/artist/7b1f4382-fc71-435e-8ed7-e41ad8014b22,7b1f4382-fc71-435e-8ed7-e41ad8014b22,https://musicbrainz.org/artist/7b1f4382-fc71-435e-8ed7-e41ad8014b22,needs_review,,True,0.5000,0.0000,0.0000,4,426,,0,0,0,0,0,0,0,0
Leslie Howe,c40b1ed4a88c43cf88badb6bc932bd9b,7f016576-20ae-4e5b-acac-9c7bc5cf9f96,https://musicbrainz.org/artist/7f016576-20ae-4e5b-acac-9c7bc5cf9f96,7f016576-20ae-4e5b-acac-9c7bc5cf9f96,https://musicbrainz.org/artist/7f016576-20ae-4e5b-acac-9c7bc5cf9f96,needs_review,forced_needs_review_candidate_fold,True,0.8581,1.8000,1.8000,6,455,,0,0,0,0,0,0,1,0
Lewis Compton,f65be88058d94189bc77eeb5e03d0353,f48835c6-1f90-4407-8128-f6a6fdfd6255,https://musicbrainz.org/artist/f48835c6-1f90-4407-8128-f6a6fdfd6255,f48835c6-1f90-4407-8128-f6a6fdfd6255,https://musicbrainz.org/artist/f48835c6-1f90-4407-8128-f6a6fdfd6255,needs_review,forced_needs_review_candidate_fold,True,0.9707,3.5000,3.5000,4,337,,0,0,0,0,0,1,0,0
Li'l Millet,9f6e5ee459654c18a9187caec08eb059,8ca349d2-bb44-4186-8a3a-e9bf89df71a9,https://musicbrainz.org/artist/8ca349d2-bb44-4186-8a3a-e9bf89df71a9,8ca349d2-bb44-4186-8a3a-e9bf89df71a9,https://musicbrainz.org/artist/8ca349d2-bb44-4186-8a3a-e9bf89df71a9,needs_review,forced_needs_review_candidate_fold,True,0.9707,3.5000,3.5000,5,478,,0,0,0,0,0,1,0,0
Linda Creed,4f638dcb940746e481fd94eafd55aa22,523af0eb-badf-4d80-bf5c-cf102f846ef1,https://musicbrainz.org/artist/523af0eb-badf-4d80-bf5c-cf102f846ef1,523af0eb-badf-4d80-bf5c-cf102f846ef1,https://musicbrainz.org/artist/523af0eb-badf-4d80-bf5c-cf102f846ef1,needs_review,forced_needs_review_candidate_fold,True,0.9707,3.5000,3.5000,4,357,,0,0,0,0,0,1,0,0
Linda Perry,8b411035e97548f2a8b2d8a58eacd8d8,26037b3e-064c-4e9d-9d88-ebcd35933272,https://musicbrainz.org/artist/26037b3e-064c-4e9d-9d88-ebcd35933272,26037b3e-064c-4e9d-9d88-ebcd35933272,https://musicbrainz.org/artist/26037b3e-064c-4e9d-9d88-ebcd35933272,needs_review,forced_needs_review_candidate_fold,True,0.9707,3.5000,3.5000,5,504,,0,0,1,0,0,0,0,0
Linda Shider,606698fb1489490e94aad167903bf71b,58086dfa-72dd-4536-a30e-1475383d458e,https://musicbrainz.org/artist/58086dfa-72dd-4536-a30e-1475383d458e,58086dfa-72dd-4536-a30e-1475383d458e,https://musicbrainz.org/artist/58086dfa-72dd-4536-a30e-1475383d458e,needs_review,forced_needs_review_candidate_fold,True,0.9707,3.5000,3.5000,9,613,,0,0,0,0,0,1,0,0
Lisa Fredrik,e608ba569dfa4dcd9a2fc3f12d16e04b,e7339511-5d0f-41da-8bd8-99ac08ca3211,https://musicbrainz.org/artist/e7339511-5d0f-41da-8bd8-99ac08ca3211,e7339511-5d0f-41da-8bd8-99ac08ca3211,https://musicbrainz.org/artist/e7339511-5d0f-41da-8bd8-99ac08ca3211,needs_review,forced_needs_review_candidate_fold,True,0.9707,3.5000,3.5000,3,246,,0,0,1,0,0,0,0,0
Lisa Lauren,0d8288a4194240cbac7c632c8f59db7b,0311d5b9-03e8-4f5d-a02c-bb9e3e0bb156,https://musicbrainz.org/artist/0311d5b9-03e8-4f5d-a02c-bb9e3e0bb156,0311d5b9-03e8-4f5d-a02c-bb9e3e0bb156,https://musicbrainz.org/artist/0311d5b9-03e8-4f5d-a02c-bb9e3e0bb156,needs_review,forced_needs_review_candidate_fold,True,0.9707,3.5000,3.5000,3,245,,0,0,1,0,0,0,0,0
Littl'ans,781b2cb4e8ba420f8d6333f6c8de67f8,4880bfe0-b85e-4033-9551-c3d200566675,https://musicbrainz.org/artist/4880bfe0-b85e-4033-9551-c3d200566675,4880bfe0-b85e-4033-9551-c3d200566675,https://musicbrainz.org/artist/4880bfe0-b85e-4033-9551-c3d200566675,needs_review,forced_needs_review_candidate_fold,True,0.9707,3.5000,3.5000,3,236,,0,0,1,0,0,0,0,0
Lolly Vegas,e74da595535442e9919d14f9f3122b6f,f4dcd235-811b-49be-a597-f0a356b2d454,https://musicbrainz.org/artist/f4dcd235-811b-49be-a597-f0a356b2d454,f4dcd235-811b-49be-a597-f0a356b2d454,https://musicbrainz.org/artist/f4dcd235-811b-49be-a597-f0a356b2d454,needs_review,forced_needs_review_candidate_fold,True,0.9707,3.5000,3.5000,5,550,,0,0,0,0,0,1,0,0
Lootpack,f179a7b852e54104aad1c3e1a84acfba,c55d7605-030a-4086-aba5-c39a6849af4e,https://musicbrainz.org/artist/c55d7605-030a-4086-aba5-c39a6849af4e,c55d7605-030a-4086-aba5-c39a6849af4e,https://musicbrainz.org/artist/c55d7605-030a-4086-aba5-c39a6849af4e,needs_review,forced_needs_review_candidate_fold,True,0.9707,3.5000,3.5000,3,194,,0,0,1,0,0,0,0,0
Lorenzo DeChalus,71f64182eb484f789c09bd15e7c6bee8,ac26fec3-20f9-4e33-94b3-8cc382291997,https://musicbrainz.org/artist/ac26fec3-20f9-4e33-94b3-8cc382291997,ac26fec3-20f9-4e33-94b3-8cc382291997,https://musicbrainz.org/artist/ac26fec3-20f9-4e33-94b3-8cc382291997,needs_review,forced_needs_review_candidate_fold,True,0.9707,3.5000,3.5000,4,416,,0,0,0,0,0,1,0,0
Loretta Lynn,08ffdeaca52348e093895ee79fda8f79,613260c3-d620-4645-94cd-33cd55f29b1e,https://musicbrainz.org/artist/613260c3-d620-4645-94cd-33cd55f29b1e,613260c3-d620-4645-94cd-33cd55f29b1e,https://musicbrainz.org/artist/613260c3-d620-4645-94cd-33cd55f29b1e,needs_review,forced_needs_review_candidate_fold,True,0.9707,3.5000,3.5000,3,266,,0,0,1,0,0,0,0,0
Love,7fd63296d8944bbab485ae46d237cca2,34ec9a8d-c65b-48fd-bcdd-aad2f72fdb47,https://musicbrainz.org/artist/34ec9a8d-c65b-48fd-bcdd-aad2f72fdb47,34ec9a8d-c65b-48fd-bcdd-aad2f72fdb47,https://musicbrainz.org/artist/34ec9a8d-c65b-48fd-bcdd-aad2f72fdb47,needs_review,forced_needs_review_candidate_fold,True,0.9707,3.5000,3.5000,18,1795,,1,0,0,0,0,0,0,0
Love Unlimited,ae0692265a044b0e9d399c73b5114b0a,18b148bf-17a7-4b2e-8dc6-04502bfc73e7,https://musicbrainz.org/artist/18b148bf-17a7-4b2e-8dc6-04502bfc73e7,18b148bf-17a7-4b2e-8dc6-04502bfc73e7,https://musicbrainz.org/artist/18b148bf-17a7-4b2e-8dc6-04502bfc73e7,needs_review,forced_needs_review_candidate_fold,True,0.8581,1.8000,1.8000,11,768,,0,0,0,1,0,0,0,0
Love Unlimited Orchestra,1c4f9a77aa2a4984a0013a2613cb3d43,8c92cef7-52ae-49cd-bf5d-97078a977d58,https://musicbrainz.org/artist/8c92cef7-52ae-49cd-bf5d-97078a977d58,8c92cef7-52ae-49cd-bf5d-97078a977d58,https://musicbrainz.org/artist/8c92cef7-52ae-49cd-bf5d-97078a977d58,needs_review,forced_needs_review_candidate_fold,True,0.9707,3.5000,3.5000,3,419,,0,0,1,0,0,0,0,0
Lucio Battisti,466a1a4a59c245a8bf70977507774cb1,c0c0de23-d9c1-4776-97e0-0c2529402622,https://musicbrainz.org/artist/c0c0de23-d9c1-4776-97e0-0c2529402622,c0c0de23-d9c1-4776-97e0-0c2529402622,https://musicbrainz.org/artist/c0c0de23-d9c1-4776-97e0-0c2529402622,needs_review,forced_needs_review_candidate_fold,True,0.9707,3.5000,3.5000,4,384,,0,0,0,0,0,1,0,0
Lucio Quarantotto,5c6093da5c854157848fbf8c354d4ade,68da294a-7f63-4ce9-9478-2b241ab782c2,https://musicbrainz.org/artist/68da294a-7f63-4ce9-9478-2b241ab782c2,68da294a-7f63-4ce9-9478-2b241ab782c2,https://musicbrainz.org/artist/68da294a-7f63-4ce9-9478-2b241ab782c2,needs_review,forced_needs_review_candidate_fold,True,0.9707,3.5000,3.5000,4,346,,0,0,0,0,0,1,0,0
Lucky Millinder,4af10881540c46d69d5aca98eca798ff,108e3471-2cd5-4a88-939e-0bedf463dfa7,https://musicbrainz.org/artist/108e3471-2cd5-4a88-939e-0bedf463dfa7,108e3471-2cd5-4a88-939e-0bedf463dfa7,https://musicbrainz.org/artist/108e3471-2cd5-4a88-939e-0bedf463dfa7,needs_review,forced_needs_review_candidate_fold,True,0.9707,3.5000,3.5000,5,798,,0,0,0,0,0,1,0,0
Ludwig van Beethoven,638d4d36e6a344978d2300183987774e,1f9df192-a621-4f54-8850-2c5373b7eac9,https://musicbrainz.org/artist/1f9df192-a621-4f54-8850-2c5373b7eac9,1f9df192-a621-4f54-8850-2c5373b7eac9,https://musicbrainz.org/artist/1f9df192-a621-4f54-8850-2c5373b7eac9,needs_review,forced_needs_review_candidate_fold,True,0.9707,3.5000,3.5000,4,364,,1,0,0,0,0,0,0,0
Luiz Bonfá,3dec48288efd427a91526d5f7caf77fa,f926459e-1bd2-42a6-a174-8994ad950591,https://musicbrainz.org/artist/f926459e-1bd2-42a6-a174-8994ad950591,f926459e-1bd2-42a6-a174-8994ad950591,https://musicbrainz.org/artist/f926459e-1bd2-42a6-a174-8994ad950591,needs_review,forced_needs_review_candidate_fold,True,0.9707,3.5000,3.5000,3,221,,0,0,1,0,0,0,0,0
Lukas Burton,9d980d2e69414380886d536f4163a44b,64ef3f76-3222-4345-9dd9-123d5d9a7ca0,https://musicbrainz.org/artist/64ef3f76-3222-4345-9dd9-123d5d9a7ca0,64ef3f76-3222-4345-9dd9-123d5d9a7ca0,https://musicbrainz.org/artist/64ef3f76-3222-4345-9dd9-123d5d9a7ca0,needs_review,forced_needs_review_candidate_fold,True,0.9707,3.5000,3.5000,4,4566,,0,0,0,0,0,1,0,0
Luke Smith,b20d11f97cb94ddaa48154b8895daf28,d9816bdd-f958-431c-a4b7-50c77519f45d,https://musicbrainz.org/artist/d9816bdd-f958-431c-a4b7-50c77519f45d,d9816bdd-f958-431c-a4b7-50c77519f45d,https://musicbrainz.org/artist/d9816bdd-f958-431c-a4b7-50c77519f45d,needs_review,forced_needs_review_candidate_fold,True,0.9707,3.5000,3.5000,12,1155,,0,0,0,0,0,1,0,0
Luqman Hamza,bebb89511e844274ad0f55b9dc00d673,cd3acbd7-932e-4cf9-844c-f9696b760f15,https://musicbrainz.org/artist/cd3acbd7-932e-4cf9-844c-f9696b760f15,cd3acbd7-932e-4cf9-844c-f9696b760f15,https://musicbrainz.org/artist/cd3acbd7-932e-4cf9-844c-f9696b760f15,needs_review,forced_needs_review_candidate_fold,True,0.9707,3.5000,3.5000,3,244,,0,0,1,0,0,0,0,0
Luther Dixon,4c845e06ce65436bb477936ec404ed61,1a2d3f1a-6146-4fb6-92c7-da4f91bcc44d,https://musicbrainz.org/artist/1a2d3f1a-6146-4fb6-92c7-da4f91bcc44d,1a2d3f1a-6146-4fb6-92c7-da4f91bcc44d,https://musicbrainz.org/artist/1a2d3f1a-6146-4fb6-92c7-da4f91bcc44d,needs_review,forced_needs_review_candidate_fold,True,0.9707,3.5000,3.5000,4,490,,0,0,0,0,0,1,0,0
Mabon Hodges,24a9dcfae0274471a639cbadb35497a3,2d1e278a-61d6-44c0-8d21-9145a810bfbf,https://musicbrainz.org/artist/2d1e278a-61d6-44c0-8d21-9145a810bfbf,2d1e278a-61d6-44c0-8d21-9145a810bfbf,https://musicbrainz.org/artist/2d1e278a-61d6-44c0-8d21-9145a810bfbf,needs_review,forced_needs_review_candidate_fold,True,0.9707,3.5000,3.5000,4,466,,0,0,0,0,0,1,0,0
Magne Furuholmen,72624a8d8b324b77ada4f24f9635bf7e,1ac73985-2cfa-433a-a6f8-379480e87179,https://musicbrainz.org/artist/1ac73985-2cfa-433a-a6f8-379480e87179,1ac73985-2cfa-433a-a6f8-379480e87179,https://musicbrainz.org/artist/1ac73985-2cfa-433a-a6f8-379480e87179,needs_review,forced_needs_review_candidate_fold,True,0.9707,3.5000,3.5000,5,4703,,0,0,0,0,0,1,0,0
Magnus Åserud Skylstad,134cbf309e7548b18a702a2331e8efe3,7814108f-4556-4512-8895-fb8ab85f7503,https://musicbrainz.org/artist/7814108f-4556-4512-8895-fb8ab85f7503,7814108f-4556-4512-8895-fb8ab85f7503,https://musicbrainz.org/artist/7814108f-4556-4512-8895-fb8ab85f7503,needs_review,forced_needs_review_candidate_fold,True,0.9707,3.5000,3.5000,4,430,,0,0,0,0,0,1,0,0
Mags,bb59ad930c004161ae5d4dde326513d1,f8880039-ebd9-4562-8624-f40140a14b38,https://musicbrainz.org/artist/f8880039-ebd9-4562-8624-f40140a14b38,12897cc4-81a0-47d6-a2ba-c79245225aad,https://musicbrainz.org/artist/12897cc4-81a0-47d6-a2ba-c79245225aad,needs_review,forced_needs_review_candidate_fold,False,0.9707,3.5000,3.5000,12,5229,,0,0,0,0,0,1,0,0
Malcolm Young,7b41cce64ad04621a07c09a11c1e6aac,ea719716-da05-46f8-bbd5-cc5803db3d0e,https://musicbrainz.org/artist/ea719716-da05-46f8-bbd5-cc5803db3d0e,ea719716-da05-46f8-bbd5-cc5803db3d0e,https://musicbrainz.org/artist/ea719716-da05-46f8-bbd5-cc5803db3d0e,needs_review,forced_needs_review_candidate_fold,True,0.9707,3.5000,3.5000,5,562,,0,0,0,0,0,1,0,0
Malene Mortensen,e4e4329b840e4f54b1d76fce1c9559ed,4a035c21-cd4a-4dac-bf73-81d76c0b7055,https://musicbrainz.org/artist/4a035c21-cd4a-4dac-bf73-81d76c0b7055,4a035c21-cd4a-4dac-bf73-81d76c0b7055,https://musicbrainz.org/artist/4a035c21-cd4a-4dac-bf73-81d76c0b7055,needs_review,forced_needs_review_candidate_fold,True,0.9707,3.5000,3.5000,3,243,,0,0,1,0,0,0,0,0
Mama Yancey,7108d5f4499f4072b9b8b7cd261ebe07,14c8b7d3-5943-4997-99b0-2ca430a0ee13,https://musicbrainz.org/artist/14c8b7d3-5943-4997-99b0-2ca430a0ee13,14c8b7d3-5943-4997-99b0-2ca430a0ee13,https://musicbrainz.org/artist/14c8b7d3-5943-4997-99b0-2ca430a0ee13,needs_review,forced_needs_review_candidate_fold,True,0.9707,3.5000,3.5000,3,234,,0,0,1,0,0,0,0,0
Marcy Levy,f749ff8e702c4205b04263b3680f6544,64a5a35a-185b-49f8-aeb6-587b2c6f4462,https://musicbrainz.org/artist/64a5a35a-185b-49f8-aeb6-587b2c6f4462,64a5a35a-185b-49f8-aeb6-587b2c6f4462,https://musicbrainz.org/artist/64a5a35a-185b-49f8-aeb6-587b2c6f4462,needs_review,forced_needs_review_candidate_fold,True,0.9707,3.5000,3.5000,5,476,,0,0,0,0,0,1,0,0
Maria Vidal,0b69c983466641a795501115a869d139,9fb041a3-b06c-4ba8-9318-5c71e1804323,https://musicbrainz.org/artist/9fb041a3-b06c-4ba8-9318-5c71e1804323,9fb041a3-b06c-4ba8-9318-5c71e1804323,https://musicbrainz.org/artist/9fb041a3-b06c-4ba8-9318-5c71e1804323,needs_review,forced_needs_review_candidate_fold,True,0.9707,3.5000,3.5000,3,314,,0,0,1,0,0,0,0,0
Marilyn Keller,06f25a7399b7469580c1319230f70fa8,677039c8-0f85-418a-a745-24f21ed8394e,https://musicbrainz.org/artist/677039c8-0f85-418a-a745-24f21ed8394e,677039c8-0f85-418a-a745-24f21ed8394e,https://musicbrainz.org/artist/677039c8-0f85-418a-a745-24f21ed8394e,needs_review,forced_needs_review_candidate_fold,True,0.9707,3.5000,3.5000,3,226,,0,0,1,0,0,0,0,0
Mario Caldato Jr.,56d2a3577e1f450099db4c9187d7e1de,92762a95-0762-4604-b5bf-0d4ff3961de3,https://musicbrainz.org/artist/92762a95-0762-4604-b5bf-0d4ff3961de3,92762a95-0762-4604-b5bf-0d4ff3961de3,https://musicbrainz.org/artist/92762a95-0762-4604-b5bf-0d4ff3961de3,needs_review,forced_needs_review_candidate_fold,True,0.9707,3.5000,3.5000,4,377,,0,0,0,0,0,1,0,0
Mark Anthony,50f7ce18e7f443b29dd5bbb0cba2da58,993ab87b-37a6-4813-880d-c8814968f1c4,https://musicbrainz.org/artist/993ab87b-37a6-4813-880d-c8814968f1c4,fe4b6cd9-6b9d-4ec1-9f68-9303ebc127d6,https://musicbrainz.org/artist/fe4b6cd9-6b9d-4ec1-9f68-9303ebc127d6,needs_review,forced_needs_review_candidate_fold,False,0.9707,3.5000,3.5000,20,1713,,0,0,0,0,0,1,0,0
Mark Arm,749bdbd085e44d089a372302eb65815d,3f99d2df-8859-4249-8a70-84fe04c5a096,https://musicbrainz.org/artist/3f99d2df-8859-4249-8a70-84fe04c5a096,3f99d2df-8859-4249-8a70-84fe04c5a096,https://musicbrainz.org/artist/3f99d2df-8859-4249-8a70-84fe04c5a096,needs_review,forced_needs_review_candidate_fold,True,0.8581,1.8000,1.8000,5,400,,0,0,0,0,0,0,1,0
Mark Frazier,6d51fb81b37144369971c3fc4a058757,6f35d4ba-75b4-4e0e-9012-051729195441,https://musicbrainz.org/artist/6f35d4ba-75b4-4e0e-9012-051729195441,6f35d4ba-75b4-4e0e-9012-051729195441,https://musicbrainz.org/artist/6f35d4ba-75b4-4e0e-9012-051729195441,needs_review,forced_needs_review_candidate_fold,True,0.9707,3.5000,3.5000,4,438,,0,0,0,0,0,1,0,0
Mark Hamilton,b26c031eaf9a48959673551d8c7eb9a1,b3ce4b44-c430-48e6-af57-e4682a2035c0,https://musicbrainz.org/artist/b3ce4b44-c430-48e6-af57-e4682a2035c0,9f35255b-8df8-453f-85cd-e15494d64fb3,https://musicbrainz.org/artist/9f35255b-8df8-453f-85cd-e15494d64fb3,needs_review,forced_needs_review_candidate_fold,False,0.8581,1.8000,1.8000,10,866,,0,0,0,0,0,0,1,0
Mark Hudson,25aa29e5b94648f99076b953d0cd901b,0b773ab6-af8c-48eb-a157-728cc7e6f3df,https://musicbrainz.org/artist/0b773ab6-af8c-48eb-a157-728cc7e6f3df,0b773ab6-af8c-48eb-a157-728cc7e6f3df,https://musicbrainz.org/artist/0b773ab6-af8c-48eb-a157-728cc7e6f3df,needs_review,forced_needs_review_candidate_fold,True,0.9707,3.5000,3.5000,9,1048,,0,0,0,0,0,1,0,0
Mark Irwin,f92fb7fbd7ce48eebe3b3267afe1ff5d,4dc938b9-8615-4209-ac21-687c12bba9ac,https://musicbrainz.org/artist/4dc938b9-8615-4209-ac21-687c12bba9ac,6097bf36-869e-4785-a1f8-c9227888018c,https://musicbrainz.org/artist/6097bf36-869e-4785-a1f8-c9227888018c,needs_review,forced_needs_review_candidate_fold,False,0.9707,3.5000,3.5000,5,475,,0,0,0,0,0,1,0,0
Mark Leonard,40f520635216423e9799b8107fff7bf1,1e6a8571-78ae-4c7a-b0e7-24103a3d1590,https://musicbrainz.org/artist/1e6a8571-78ae-4c7a-b0e7-24103a3d1590,1e6a8571-78ae-4c7a-b0e7-24103a3d1590,https://musicbrainz.org/artist/1e6a8571-78ae-4c7a-b0e7-24103a3d1590,needs_review,forced_needs_review_candidate_fold,True,0.9707,3.5000,3.5000,6,538,,0,0,0,0,0,1,0,0
Mark Lickley,4a137d38f3034b618f28d999baf7bd1f,6d4c3c0a-9afa-4862-baf7-a29d1025e1fd,https://musicbrainz.org/artist/6d4c3c0a-9afa-4862-baf7-a29d1025e1fd,6d4c3c0a-9afa-4862-baf7-a29d1025e1fd,https://musicbrainz.org/artist/6d4c3c0a-9afa-4862-baf7-a29d1025e1fd,needs_review,forced_needs_review_candidate_fold,True,0.9707,3.5000,3.5000,4,464,,0,0,0,0,0,1,0,0
Mark Ronson,20f67fcbe75d44bb8b4a9c4542a7c46d,c3c82bdc-d9e7-4836-9746-c24ead47ca19,https://musicbrainz.org/artist/c3c82bdc-d9e7-4836-9746-c24ead47ca19,c3c82bdc-d9e7-4836-9746-c24ead47ca19,https://musicbrainz.org/artist/c3c82bdc-d9e7-4836-9746-c24ead47ca19,needs_review,forced_needs_review_candidate_fold,True,0.9707,3.5000,3.5000,3,280,,1,0,0,0,0,0,0,0
Mark Simos,349a065decb344b5ac819fc97f8877d7,ae8b67c3-2799-4113-a7ec-0c48934ab079,https://musicbrainz.org/artist/ae8b67c3-2799-4113-a7ec-0c48934ab079,ae8b67c3-2799-4113-a7ec-0c48934ab079,https://musicbrainz.org/artist/ae8b67c3-2799-4113-a7ec-0c48934ab079,needs_review,forced_needs_review_candidate_fold,True,0.9707,3.5000,3.5000,5,472,,0,0,0,0,0,1,0,0
Mark White,8fb347a5c5a44f3b91ec77c7fe30b999,cc98b5fe-cb30-4239-b89d-52b34a0546e1,https://musicbrainz.org/artist/cc98b5fe-cb30-4239-b89d-52b34a0546e1,cc98b5fe-cb30-4239-b89d-52b34a0546e1,https://musicbrainz.org/artist/cc98b5fe-cb30-4239-b89d-52b34a0546e1,needs_review,forced_needs_review_candidate_fold,True,0.9707,3.5000,3.5000,15,1333,,0,0,0,0,0,1,0,0
Marshall Barer,9b2e72494d9143448600d7439a5e7202,0cc8a175-f645-429e-a7cb-ea986de6c748,https://musicbrainz.org/artist/0cc8a175-f645-429e-a7cb-ea986de6c748,0cc8a175-f645-429e-a7cb-ea986de6c748,https://musicbrainz.org/artist/0cc8a175-f645-429e-a7cb-ea986de6c748,needs_review,forced_needs_review_candidate_fold,True,0.9707,3.5000,3.5000,4,350,,0,0,0,0,0,1,0,0
Marshall Wilborn,34b03ec1de0e43bc89bbf92d99c50c18,a4533d3e-4616-40d5-b3b2-1392f7b1f963,https://musicbrainz.org/artist/a4533d3e-4616-40d5-b3b2-1392f7b1f963,a4533d3e-4616-40d5-b3b2-1392f7b1f963,https://musicbrainz.org/artist/a4533d3e-4616-40d5-b3b2-1392f7b1f963,needs_review,forced_needs_review_candidate_fold,True,0.9707,3.5000,3.5000,4,411,,0,0,0,0,0,1,0,0
Martha Everett,300eed84f30242a7a0cc02176d573449,4b4d68cd-311b-4702-88a8-69cacdb25f11,https://musicbrainz.org/artist/4b4d68cd-311b-4702-88a8-69cacdb25f11,4b4d68cd-311b-4702-88a8-69cacdb25f11,https://musicbrainz.org/artist/4b4d68cd-311b-4702-88a8-69cacdb25f11,needs_review,forced_needs_review_candidate_fold,True,0.8581,1.8000,1.8000,6,404,,0,0,0,0,0,0,1,0
Marti Frederiksen,6f9011abcd364d758b237b81486e9f28,6662287f-f26f-41cc-ad2a-5e26bdff714b,https://musicbrainz.org/artist/6662287f-f26f-41cc-ad2a-5e26bdff714b,6662287f-f26f-41cc-ad2a-5e26bdff714b,https://musicbrainz.org/artist/6662287f-f26f-41cc-ad2a-5e26bdff714b,needs_review,forced_needs_review_candidate_fold,True,0.9707,3.5000,3.5000,4,360,,0,0,0,0,0,1,0,0
Martin Fry,b952647fc6a4462ab3cc18fb7541a1a8,bc6f40cf-05da-40c2-9c53-209e48b1f0b7,https://musicbrainz.org/artist/bc6f40cf-05da-40c2-9c53-209e48b1f0b7,bc6f40cf-05da-40c2-9c53-209e48b1f0b7,https://musicbrainz.org/artist/bc6f40cf-05da-40c2-9c53-209e48b1f0b7,needs_review,forced_needs_review_candidate_fold,True,0.9707,3.5000,3.5000,5,485,,0,0,0,0,0,1,0,0
Martin Glover,102c0c0c86c94f5395600475d0054158,64972177-88db-4c71-9c7b-46dd4874f3a2,https://musicbrainz.org/artist/64972177-88db-4c71-9c7b-46dd4874f3a2,64972177-88db-4c71-9c7b-46dd4874f3a2,https://musicbrainz.org/artist/64972177-88db-4c71-9c7b-46dd4874f3a2,needs_review,forced_needs_review_candidate_fold,True,0.9707,3.5000,3.5000,4,333,,0,0,0,0,0,1,0,0
Martin Sjølie,219f6e6c81024395ada098b2232d367e,8a0e3e3e-df9b-4536-8543-856d29e5a5b3,https://musicbrainz.org/artist/8a0e3e3e-df9b-4536-8543-856d29e5a5b3,8a0e3e3e-df9b-4536-8543-856d29e5a5b3,https://musicbrainz.org/artist/8a0e3e3e-df9b-4536-8543-856d29e5a5b3,needs_review,forced_needs_review_candidate_fold,True,0.9707,3.5000,3.5000,5,467,,0,0,0,0,0,1,0,0
Marvin Ambrosius,59fea03a57024d83a8678df7f4175433,bcd1a477-e20c-4d1b-81d4-04b49d38a27d,https://musicbrainz.org/artist/bcd1a477-e20c-4d1b-81d4-04b49d38a27d,bcd1a477-e20c-4d1b-81d4-04b49d38a27d,https://musicbrainz.org/artist/bcd1a477-e20c-4d1b-81d4-04b49d38a27d,needs_review,forced_needs_review_candidate_fold,True,0.9707,3.5000,3.5000,4,325,,0,0,0,0,0,1,0,0
Marvin Gaye,050d72444fae433a9ce0187d9f1ce0a3,afdb7919-059d-43c1-b668-ba1d265e7e42,https://musicbrainz.org/artist/afdb7919-059d-43c1-b668-ba1d265e7e42,afdb7919-059d-43c1-b668-ba1d265e7e42,https://musicbrainz.org/artist/afdb7919-059d-43c1-b668-ba1d265e7e42,needs_review,forced_needs_review_candidate_fold,True,0.9707,3.5000,3.5000,3,311,,1,0,0,0,0,0,0,0
Mary Love-Comer,26bfb7d3dae5488aabda1898534ae865,8f4f2042-2e2c-47a2-b805-62b3f377be0c,https://musicbrainz.org/artist/8f4f2042-2e2c-47a2-b805-62b3f377be0c,8f4f2042-2e2c-47a2-b805-62b3f377be0c,https://musicbrainz.org/artist/8f4f2042-2e2c-47a2-b805-62b3f377be0c,needs_review,,True,0.5000,0.0000,0.0000,4,261,,0,0,0,0,0,0,0,0
Matt Aitken,d7da7e66ffe5456ab026633b2f4cfb16,bee69828-6833-449a-940c-05c3b633faa6,https://musicbrainz.org/artist/bee69828-6833-449a-940c-05c3b633faa6,bee69828-6833-449a-940c-05c3b633faa6,https://musicbrainz.org/artist/bee69828-6833-449a-940c-05c3b633faa6,needs_review,forced_needs_review_candidate_fold,True,0.9707,3.5000,3.5000,4,394,,0,0,0,0,0,1,0,0
Matt Dike,40b79e3cd9a94e099b88a43e10a1ccef,ff993040-772f-46a0-b5ea-e8d35c2ae98c,https://musicbrainz.org/artist/ff993040-772f-46a0-b5ea-e8d35c2ae98c,ff993040-772f-46a0-b5ea-e8d35c2ae98c,https://musicbrainz.org/artist/ff993040-772f-46a0-b5ea-e8d35c2ae98c,needs_review,forced_needs_review_candidate_fold,True,0.9707,3.5000,3.5000,4,493,,0,0,0,0,0,1,0,0
Matt Gray,2290a432c8df43309c09a038e217e14d,9964ddf9-f660-46f7-8f26-1f3fb18cf0ff,https://musicbrainz.org/artist/9964ddf9-f660-46f7-8f26-1f3fb18cf0ff,9964ddf9-f660-46f7-8f26-1f3fb18cf0ff,https://musicbrainz.org/artist/9964ddf9-f660-46f7-8f26-1f3fb18cf0ff,needs_review,forced_needs_review_candidate_fold,True,0.9707,3.5000,3.5000,9,787,,0,0,0,0,0,1,0,0
Matt Helders,78fd6f96872d47628c93a47243dc0ab7,e7ae3e08-43f5-4c19-81e9-34f16b00fbc2,https://musicbrainz.org/artist/e7ae3e08-43f5-4c19-81e9-34f16b00fbc2,e7ae3e08-43f5-4c19-81e9-34f16b00fbc2,https://musicbrainz.org/artist/e7ae3e08-43f5-4c19-81e9-34f16b00fbc2,needs_review,forced_needs_review_candidate_fold,True,0.9707,3.5000,3.5000,4,348,,0,0,0,0,0,1,0,0
Matt Lukin,0b2d09c3cb25437d86be80c5af07484b,299e8c0a-63ad-4d49-b492-d3740364da84,https://musicbrainz.org/artist/299e8c0a-63ad-4d49-b492-d3740364da84,299e8c0a-63ad-4d49-b492-d3740364da84,https://musicbrainz.org/artist/299e8c0a-63ad-4d49-b492-d3740364da84,needs_review,forced_needs_review_candidate_fold,True,0.8581,1.8000,1.8000,5,368,,0,0,0,0,0,0,1,0
Matt Rowe,d34dd00e2e004ecd9b7782f9e5dff9f9,9c0527f9-b616-494a-9d03-a30b89e81866,https://musicbrainz.org/artist/9c0527f9-b616-494a-9d03-a30b89e81866,9c0527f9-b616-494a-9d03-a30b89e81866,https://musicbrainz.org/artist/9c0527f9-b616-494a-9d03-a30b89e81866,needs_review,forced_needs_review_candidate_fold,True,0.9707,3.5000,3.5000,9,582,,0,0,0,0,0,1,0,0
Matt White,20b6219ae8974e94b26e3915f5496c5b,3e1950f1-2bd2-4cc4-bb45-17198dab2472,https://musicbrainz.org/artist/3e1950f1-2bd2-4cc4-bb45-17198dab2472,3e1950f1-2bd2-4cc4-bb45-17198dab2472,https://musicbrainz.org/artist/3e1950f1-2bd2-4cc4-bb45-17198dab2472,needs_review,forced_needs_review_candidate_fold,True,0.9707,3.5000,3.5000,14,1304,,0,0,1,0,0,0,0,0
Matthew Brann,3b021539f560492ea44bb8761e7a08b6,5880f403-b6ff-4a9a-af6e-f9833f9b9f9e,https://musicbrainz.org/artist/5880f403-b6ff-4a9a-af6e-f9833f9b9f9e,5880f403-b6ff-4a9a-af6e-f9833f9b9f9e,https://musicbrainz.org/artist/5880f403-b6ff-4a9a-af6e-f9833f9b9f9e,needs_review,forced_needs_review_candidate_fold,True,0.9707,3.5000,3.5000,4,363,,0,0,0,0,0,1,0,0
Matthew Fisher,2988d2c8796d4636a4bac4b10b4d89e2,a1b23e2e-9f94-405d-a2d2-32be49580eb2,https://musicbrainz.org/artist/a1b23e2e-9f94-405d-a2d2-32be49580eb2,a1b23e2e-9f94-405d-a2d2-32be49580eb2,https://musicbrainz.org/artist/a1b23e2e-9f94-405d-a2d2-32be49580eb2,needs_review,forced_needs_review_candidate_fold,True,0.9707,3.5000,3.5000,6,528,,0,0,0,0,0,1,0,0
Maurice Gibb,bc76a8621cb843a59fc15e1746cb5b0e,00ef990b-098d-4bf6-897b-708e35638854,https://musicbrainz.org/artist/00ef990b-098d-4bf6-897b-708e35638854,00ef990b-098d-4bf6-897b-708e35638854,https://musicbrainz.org/artist/00ef990b-098d-4bf6-897b-708e35638854,needs_review,forced_needs_review_candidate_fold,True,0.9707,3.5000,3.5000,4,367,,0,0,0,0,0,1,0,0
Mauro Malavasi,45544c0f9b7948aa926e543a399b8ffe,eb37a469-ad68-44f2-a3e3-520cfd3653a8,https://musicbrainz.org/artist/eb37a469-ad68-44f2-a3e3-520cfd3653a8,eb37a469-ad68-44f2-a3e3-520cfd3653a8,https://musicbrainz.org/artist/eb37a469-ad68-44f2-a3e3-520cfd3653a8,needs_review,forced_needs_review_candidate_fold,True,0.8581,1.8000,1.8000,6,536,,0,0,0,0,0,0,1,0
Mauro Mengali,815fa5ac83ee4cf882eef2cd87d3e69c,76b3b703-4c00-4dbc-950b-a952f1ac8217,https://musicbrainz.org/artist/76b3b703-4c00-4dbc-950b-a952f1ac8217,76b3b703-4c00-4dbc-950b-a952f1ac8217,https://musicbrainz.org/artist/76b3b703-4c00-4dbc-950b-a952f1ac8217,needs_review,forced_needs_review_candidate_fold,True,0.9707,3.5000,3.5000,4,489,,0,0,0,0,0,1,0,0
Max Martin,8af6188d64e149608b863d86df7678f3,6622a50e-5206-44d0-9ad5-96047a726dcf,https://musicbrainz.org/artist/6622a50e-5206-44d0-9ad5-96047a726dcf,6622a50e-5206-44d0-9ad5-96047a726dcf,https://musicbrainz.org/artist/6622a50e-5206-44d0-9ad5-96047a726dcf,needs_review,forced_needs_review_candidate_fold,True,0.9707,3.5000,3.5000,7,736,,0,0,0,0,0,1,0,0
Mel Kent,1b47a38bd0494b9dba21491372bd2825,848de39e-a5c9-4aee-a3ea-93dc75ef3445,https://musicbrainz.org/artist/848de39e-a5c9-4aee-a3ea-93dc75ef3445,848de39e-a5c9-4aee-a3ea-93dc75ef3445,https://musicbrainz.org/artist/848de39e-a5c9-4aee-a3ea-93dc75ef3445,needs_review,forced_needs_review_candidate_fold,True,0.9707,3.5000,3.5000,9,569,,0,0,0,0,0,1,0,0
Mel Tillis,6afa5eb68cc945c88675534070e1e7a6,0d744e10-5e7e-4a5d-b89a-4bda5d8d7141,https://musicbrainz.org/artist/0d744e10-5e7e-4a5d-b89a-4bda5d8d7141,0d744e10-5e7e-4a5d-b89a-4bda5d8d7141,https://musicbrainz.org/artist/0d744e10-5e7e-4a5d-b89a-4bda5d8d7141,needs_review,forced_needs_review_candidate_fold,True,0.9707,3.5000,3.5000,5,472,,0,0,0,0,0,1,0,0
Melanie Castleman,7d31bdf58ab9421f805b41f993422cb9,1edd8e18-53a1-49ba-b437-9c0affc8b789,https://musicbrainz.org/artist/1edd8e18-53a1-49ba-b437-9c0affc8b789,1edd8e18-53a1-49ba-b437-9c0affc8b789,https://musicbrainz.org/artist/1edd8e18-53a1-49ba-b437-9c0affc8b789,needs_review,forced_needs_review_candidate_fold,True,0.9707,3.5000,3.5000,4,393,,0,0,0,0,0,1,0,0
Melvin Wah Wah Watson,2df8e824c8bd4e08a2654fd87c8cbee0,7c46ca01-007e-4cfd-88d6-af9b386db75e,https://musicbrainz.org/artist/7c46ca01-007e-4cfd-88d6-af9b386db75e,7c46ca01-007e-4cfd-88d6-af9b386db75e,https://musicbrainz.org/artist/7c46ca01-007e-4cfd-88d6-af9b386db75e,needs_review,forced_needs_review_candidate_fold,True,0.9707,3.5000,3.5000,4,359,,0,0,0,0,0,1,0,0
Merle Kilgore,6f14830ca82d49ae8376b26484f27574,ffd239cd-82c0-4a09-a949-8d664c34d581,https://musicbrainz.org/artist/ffd239cd-82c0-4a09-a949-8d664c34d581,ffd239cd-82c0-4a09-a949-8d664c34d581,https://musicbrainz.org/artist/ffd239cd-82c0-4a09-a949-8d664c34d581,needs_review,forced_needs_review_candidate_fold,True,0.9707,3.5000,3.5000,4,504,,0,0,0,0,0,1,0,0
Mestre Marçal,4ef8237db5dd40569277110f5c9cdb0d,9f0f272f-25bd-4867-b939-f909c73dad17,https://musicbrainz.org/artist/9f0f272f-25bd-4867-b939-f909c73dad17,9f0f272f-25bd-4867-b939-f909c73dad17,https://musicbrainz.org/artist/9f0f272f-25bd-4867-b939-f909c73dad17,needs_review,forced_needs_review_candidate_fold,True,0.9707,3.5000,3.5000,5,411,,0,0,0,0,0,1,0,0
Michael Anthony,2c6856c640964371bfe4bb8f102284ed,140407da-0172-47c6-a252-49b89553aa00,https://musicbrainz.org/artist/140407da-0172-47c6-a252-49b89553aa00,41fb02fd-b737-4616-8e84-0dc5636f46e3,https://musicbrainz.org/artist/41fb02fd-b737-4616-8e84-0dc5636f46e3,needs_review,forced_needs_review_candidate_fold,False,0.9707,3.5000,3.5000,30,2796,,0,0,0,0,0,1,0,0
Michael Bruce,b11903370f67481d8682c9491d8c88b2,6e6d6e13-4514-4c86-916d-2c26f295ca9b,https://musicbrainz.org/artist/6e6d6e13-4514-4c86-916d-2c26f295ca9b,6e6d6e13-4514-4c86-916d-2c26f295ca9b,https://musicbrainz.org/artist/6e6d6e13-4514-4c86-916d-2c26f295ca9b,needs_review,forced_needs_review_candidate_fold,True,0.9707,3.5000,3.5000,10,981,,0,0,0,0,0,1,0,0
Michael Bublé,8835d51e19724bc29ebbcbf2fae75462,611700cf-27f0-4dc9-ae80-c513a767853e,https://musicbrainz.org/artist/611700cf-27f0-4dc9-ae80-c513a767853e,611700cf-27f0-4dc9-ae80-c513a767853e,https://musicbrainz.org/artist/611700cf-27f0-4dc9-ae80-c513a767853e,needs_review,forced_needs_review_candidate_fold,True,0.9707,3.5000,3.5000,3,356,,0,0,1,0,0,0,0,0
Michael Cashmore,b4e4442f58874b70b50852f7c00d5282,2228ff44-0804-4c53-b66c-f1f4c4a7490a,https://musicbrainz.org/artist/2228ff44-0804-4c53-b66c-f1f4c4a7490a,2228ff44-0804-4c53-b66c-f1f4c4a7490a,https://musicbrainz.org/artist/2228ff44-0804-4c53-b66c-f1f4c4a7490a,needs_review,forced_needs_review_candidate_fold,True,0.9707,3.5000,3.5000,4,364,,0,0,0,0,0,1,0,0
Michael Cook,d9509821850c46749406bdcb2f860e33,8a67df39-37c4-4455-ae08-345df2f86315,https://musicbrainz.org/artist/8a67df39-37c4-4455-ae08-345df2f86315,8a67df39-37c4-4455-ae08-345df2f86315,https://musicbrainz.org/artist/8a67df39-37c4-4455-ae08-345df2f86315,needs_review,forced_needs_review_candidate_fold,True,0.9707,3.5000,3.5000,5,419,,0,0,0,0,0,1,0,0
Michael Johnson,988c115355934b8f9a90576ca7167689,7a2278bc-a940-4aee-aabe-95057d9ceb62,https://musicbrainz.org/artist/7a2278bc-a940-4aee-aabe-95057d9ceb62,7a2278bc-a940-4aee-aabe-95057d9ceb62,https://musicbrainz.org/artist/7a2278bc-a940-4aee-aabe-95057d9ceb62,needs_review,forced_needs_review_candidate_fold,True,0.9707,3.5000,3.5000,25,2084,,0,0,0,0,0,1,0,0
Michael Lee,1e47e72aa19a48c1a5e37204f094ce47,dfb2d059-0e73-4d66-be57-22a9aa18343f,https://musicbrainz.org/artist/dfb2d059-0e73-4d66-be57-22a9aa18343f,60cf549b-6fef-4416-9e39-3385e395e69e,https://musicbrainz.org/artist/60cf549b-6fef-4416-9e39-3385e395e69e,needs_review,forced_needs_review_candidate_fold,False,0.9707,3.5000,3.5000,22,2002,,0,0,0,0,0,1,0,0
Michael McDonald,3c15471b8b564745ac4a60c82c3713bd,cacbe57b-02d0-4d21-be86-c8a3a5ea6e1e,https://musicbrainz.org/artist/cacbe57b-02d0-4d21-be86-c8a3a5ea6e1e,cacbe57b-02d0-4d21-be86-c8a3a5ea6e1e,https://musicbrainz.org/artist/cacbe57b-02d0-4d21-be86-c8a3a5ea6e1e,needs_review,forced_needs_review_candidate_fold,True,0.8581,1.8000,1.8000,10,779,,0,0,0,1,0,0,0,0
Michael Stipe,3297c059e1f14e36b37e85e5325762a5,905a8f9b-03dc-4f47-b9bb-ecce7ea13ab1,https://musicbrainz.org/artist/905a8f9b-03dc-4f47-b9bb-ecce7ea13ab1,905a8f9b-03dc-4f47-b9bb-ecce7ea13ab1,https://musicbrainz.org/artist/905a8f9b-03dc-4f47-b9bb-ecce7ea13ab1,needs_review,forced_needs_review_candidate_fold,True,0.9707,3.5000,3.5000,8,581,,0,0,1,0,0,0,0,0
Michael Ward,cfccdb2eeec244fd855ecd95bd44790c,eee58e03-929f-451a-9594-fceacabf6cee,https://musicbrainz.org/artist/eee58e03-929f-451a-9594-fceacabf6cee,ef8e7ee4-edbe-45bb-a739-62be33bc4ee2,https://musicbrainz.org/artist/ef8e7ee4-edbe-45bb-a739-62be33bc4ee2,needs_review,forced_needs_review_candidate_fold,False,0.9707,3.5000,3.5000,17,1684,,0,0,0,0,0,1,0,0
Michel Legrand,e8857fd81bd2479d91e844506f37da2e,2c330f54-9245-488b-b678-dc8a236d06b3,https://musicbrainz.org/artist/2c330f54-9245-488b-b678-dc8a236d06b3,2c330f54-9245-488b-b678-dc8a236d06b3,https://musicbrainz.org/artist/2c330f54-9245-488b-b678-dc8a236d06b3,needs_review,forced_needs_review_candidate_fold,True,0.9707,3.5000,3.5000,5,513,,0,0,0,0,0,1,0,0
Michelle Leonard,1737b91bb9cb48fb9b380e95c144f586,1d2c804c-c609-4984-98cb-40834ef9875d,https://musicbrainz.org/artist/1d2c804c-c609-4984-98cb-40834ef9875d,1d2c804c-c609-4984-98cb-40834ef9875d,https://musicbrainz.org/artist/1d2c804c-c609-4984-98cb-40834ef9875d,needs_review,forced_needs_review_candidate_fold,True,0.9707,3.5000,3.5000,4,357,,0,0,0,0,0,1,0,0
Mick Cooke,f913e49071d447e1afac687dc917120b,b6291b68-d71b-4dae-99c8-0e279dff82b5,https://musicbrainz.org/artist/b6291b68-d71b-4dae-99c8-0e279dff82b5,b6291b68-d71b-4dae-99c8-0e279dff82b5,https://musicbrainz.org/artist/b6291b68-d71b-4dae-99c8-0e279dff82b5,needs_review,forced_needs_review_candidate_fold,True,0.9707,3.5000,3.5000,7,502,,0,0,0,0,0,1,0,0
Mick Jagger,43cdf82a4dc044949ced400373a6de8f,b5ffc3aa-b868-4b88-905f-d73d51dbe51c,https://musicbrainz.org/artist/b5ffc3aa-b868-4b88-905f-d73d51dbe51c,b5ffc3aa-b868-4b88-905f-d73d51dbe51c,https://musicbrainz.org/artist/b5ffc3aa-b868-4b88-905f-d73d51dbe51c,needs_review,forced_needs_review_candidate_fold,True,0.9707,3.5000,3.5000,4,398,,0,0,1,0,0,0,0,0
Mick Jones,bfdf9c5be80f4e82a6d614f55c8e0141,01f8343c-06e2-4f05-a137-f8ea7efa85c4,https://musicbrainz.org/artist/01f8343c-06e2-4f05-a137-f8ea7efa85c4,01f8343c-06e2-4f05-a137-f8ea7efa85c4,https://musicbrainz.org/artist/01f8343c-06e2-4f05-a137-f8ea7efa85c4,needs_review,forced_needs_review_candidate_fold,True,0.9707,3.5000,3.5000,7,773,,0,0,0,0,0,1,0,0
Mick Ralphs,655029e2f5ff4378b5469b178eb56e87,1d78f61c-8f8d-4b3b-9ec2-83f40b1602f7,https://musicbrainz.org/artist/1d78f61c-8f8d-4b3b-9ec2-83f40b1602f7,1d78f61c-8f8d-4b3b-9ec2-83f40b1602f7,https://musicbrainz.org/artist/1d78f61c-8f8d-4b3b-9ec2-83f40b1602f7,needs_review,forced_needs_review_candidate_fold,True,0.9707,3.5000,3.5000,5,455,,0,0,0,0,0,1,0,0
Mick Whitnall,e3fad1a5e2214b8b8520e61c729e3a55,2f0437da-45e8-4ffe-9e75-12f835d5d563,https://musicbrainz.org/artist/2f0437da-45e8-4ffe-9e75-12f835d5d563,2f0437da-45e8-4ffe-9e75-12f835d5d563,https://musicbrainz.org/artist/2f0437da-45e8-4ffe-9e75-12f835d5d563,needs_review,forced_needs_review_candidate_fold,True,0.9707,3.5000,3.5000,4,344,,0,0,0,0,0,1,0,0
Midge Ure,0a2b10520bbe4ea68c0d1f700c181d4c,24cac374-29bd-499f-a0f8-72165d2f2f43,https://musicbrainz.org/artist/24cac374-29bd-499f-a0f8-72165d2f2f43,24cac374-29bd-499f-a0f8-72165d2f2f43,https://musicbrainz.org/artist/24cac374-29bd-499f-a0f8-72165d2f2f43,needs_review,,True,1.0000,10.5000,0.0000,6,628,,0,0,6,0,0,0,0,0
Mike D,f874823dccf748a2862cd0e9aa42660b,a8797304-f0b3-497b-a592-c09eac0fd9c8,https://musicbrainz.org/artist/a8797304-f0b3-497b-a592-c09eac0fd9c8,a8797304-f0b3-497b-a592-c09eac0fd9c8,https://musicbrainz.org/artist/a8797304-f0b3-497b-a592-c09eac0fd9c8,needs_review,forced_needs_review_candidate_fold,True,0.9707,3.5000,3.5000,17,1677,,0,0,0,0,0,1,0,0
Mike Gibbins,acdeb58ab83540b2b69ed19d5bf3e89f,f2b2f0d2-a17b-45bb-8bf2-092e15c67e9c,https://musicbrainz.org/artist/f2b2f0d2-a17b-45bb-8bf2-092e15c67e9c,f2b2f0d2-a17b-45bb-8bf2-092e15c67e9c,https://musicbrainz.org/artist/f2b2f0d2-a17b-45bb-8bf2-092e15c67e9c,needs_review,forced_needs_review_candidate_fold,True,0.9707,3.5000,3.5000,4,356,,0,0,0,0,0,1,0,0
Mike Henderson,cdfe54f641114caeacd45878698dcd45,c0e428ba-0bfa-410e-9d51-bf91e557730c,https://musicbrainz.org/artist/c0e428ba-0bfa-410e-9d51-bf91e557730c,bd98ca2d-014d-45b0-9eac-d219e3dd92ab,https://musicbrainz.org/artist/bd98ca2d-014d-45b0-9eac-d219e3dd92ab,needs_review,forced_needs_review_candidate_fold,False,0.9707,3.5000,3.5000,9,819,,0,0,0,0,0,1,0,0
Mike Inez,7ae3216eb81c402da70ef7371f44e412,8080e7ca-5f51-4668-bbe7-e75c96aabf42,https://musicbrainz.org/artist/8080e7ca-5f51-4668-bbe7-e75c96aabf42,8080e7ca-5f51-4668-bbe7-e75c96aabf42,https://musicbrainz.org/artist/8080e7ca-5f51-4668-bbe7-e75c96aabf42,needs_review,forced_needs_review_candidate_fold,True,0.9707,3.5000,3.5000,3,267,,0,0,1,0,0,0,0,0
Mike Marconi,e7fc09f08ebe46bcaa4c8476f4bb7a9a,03b6d199-59fe-46a0-8e9e-1dbb5be0441e,https://musicbrainz.org/artist/03b6d199-59fe-46a0-8e9e-1dbb5be0441e,03b6d199-59fe-46a0-8e9e-1dbb5be0441e,https://musicbrainz.org/artist/03b6d199-59fe-46a0-8e9e-1dbb5be0441e,needs_review,forced_needs_review_candidate_fold,True,0.9707,3.5000,3.5000,4,309,,0,0,0,0,0,1,0,0
Mike Mills,5bd6cb814f5549989b59d74175abcc43,525d2a4a-3d81-4d96-9581-3442feed3d2e,https://musicbrainz.org/artist/525d2a4a-3d81-4d96-9581-3442feed3d2e,525d2a4a-3d81-4d96-9581-3442feed3d2e,https://musicbrainz.org/artist/525d2a4a-3d81-4d96-9581-3442feed3d2e,needs_review,forced_needs_review_candidate_fold,True,0.9707,3.5000,3.5000,13,1021,,0,0,0,0,0,1,0,0
Mike Pinera,4d7c6f4df7a445a5ae42530f6c60200d,77f50130-d3a0-4813-858f-08c0d7c75438,https://musicbrainz.org/artist/77f50130-d3a0-4813-858f-08c0d7c75438,77f50130-d3a0-4813-858f-08c0d7c75438,https://musicbrainz.org/artist/77f50130-d3a0-4813-858f-08c0d7c75438,needs_review,forced_needs_review_candidate_fold,True,0.9707,3.5000,3.5000,4,326,,0,0,0,0,0,1,0,0
Mike Simpson,d9a5f8ea647e4e918f2497ebedd127a9,6da02506-6762-424d-bef4-89a26a0f95c7,https://musicbrainz.org/artist/6da02506-6762-424d-bef4-89a26a0f95c7,6da02506-6762-424d-bef4-89a26a0f95c7,https://musicbrainz.org/artist/6da02506-6762-424d-bef4-89a26a0f95c7,needs_review,forced_needs_review_candidate_fold,True,0.9707,3.5000,3.5000,13,1269,,0,0,0,0,0,1,0,0
Mike Stock,a2bc3348b74244fa8583d22490448b45,b4413e7c-3f49-4911-9844-d9d0379ccd49,https://musicbrainz.org/artist/b4413e7c-3f49-4911-9844-d9d0379ccd49,b4413e7c-3f49-4911-9844-d9d0379ccd49,https://musicbrainz.org/artist/b4413e7c-3f49-4911-9844-d9d0379ccd49,needs_review,forced_needs_review_candidate_fold,True,0.9707,3.5000,3.5000,6,629,,0,0,0,0,0,1,0,0
Milton Campbell,6bcd73a6a588489194e3a5d2703cf687,5f0c668b-aa98-48bd-b87a-b71e3e724836,https://musicbrainz.org/artist/5f0c668b-aa98-48bd-b87a-b71e3e724836,37846227-55fb-444b-9cd7-dc06d5d20714,https://musicbrainz.org/artist/37846227-55fb-444b-9cd7-dc06d5d20714,needs_review,forced_needs_review_candidate_fold,False,0.9707,3.5000,3.5000,5,425,,0,0,0,0,0,1,0,0
Milton Nascimento,f13a1f8f71d043fc968dcd1ce7339a9c,1bfa27e3-0376-4206-a772-4586e25a64f5,https://musicbrainz.org/artist/1bfa27e3-0376-4206-a772-4586e25a64f5,1bfa27e3-0376-4206-a772-4586e25a64f5,https://musicbrainz.org/artist/1bfa27e3-0376-4206-a772-4586e25a64f5,needs_review,,True,0.5000,0.0000,0.0000,6,446,,0,0,0,0,0,0,0,0
Milton Sparks,fbde1cb4d3cd48afa7a6af4538503b05,e29c668b-5c2f-4f92-b1d3-a2dee5b39cdf,https://musicbrainz.org/artist/e29c668b-5c2f-4f92-b1d3-a2dee5b39cdf,e29c668b-5c2f-4f92-b1d3-a2dee5b39cdf,https://musicbrainz.org/artist/e29c668b-5c2f-4f92-b1d3-a2dee5b39cdf,needs_review,forced_needs_review_candidate_fold,True,0.9707,3.5000,3.5000,4,414,,0,0,0,0,0,1,0,0
Mindy Smith,0d31b946a8a44974a68d4a6607240752,c3ac0d79-8adc-42db-aa70-9ab15e980f3d,https://musicbrainz.org/artist/c3ac0d79-8adc-42db-aa70-9ab15e980f3d,c3ac0d79-8adc-42db-aa70-9ab15e980f3d,https://musicbrainz.org/artist/c3ac0d79-8adc-42db-aa70-9ab15e980f3d,needs_review,forced_needs_review_candidate_fold,True,0.9707,3.5000,3.5000,5,429,,0,0,0,0,0,1,0,0
Mogol,029d822b0ca8454e9fd97c3963cfad71,1a3406c1-a435-457f-8821-8700f9c959f3,https://musicbrainz.org/artist/1a3406c1-a435-457f-8821-8700f9c959f3,1a3406c1-a435-457f-8821-8700f9c959f3,https://musicbrainz.org/artist/1a3406c1-a435-457f-8821-8700f9c959f3,needs_review,forced_needs_review_candidate_fold,True,0.9707,3.5000,3.5000,5,515,,0,0,0,0,0,1,0,0
Monique Klemann,d0d60d6c5b024c759302a3f2a9ba6b45,c925ae25-1839-447b-a060-1a51d06df838,https://musicbrainz.org/artist/c925ae25-1839-447b-a060-1a51d06df838,c925ae25-1839-447b-a060-1a51d06df838,https://musicbrainz.org/artist/c925ae25-1839-447b-a060-1a51d06df838,needs_review,forced_needs_review_candidate_fold,True,0.9707,3.5000,3.5000,3,272,,0,0,1,0,0,0,0,0
Morten Harket,8e662508077d4fd590835a7baf4e332a,2093207d-cb69-4789-866b-5ac772c9ebd3,https://musicbrainz.org/artist/2093207d-cb69-4789-866b-5ac772c9ebd3,2093207d-cb69-4789-866b-5ac772c9ebd3,https://musicbrainz.org/artist/2093207d-cb69-4789-866b-5ac772c9ebd3,needs_review,forced_needs_review_candidate_fold,True,0.9707,3.5000,3.5000,4,4575,,0,0,0,0,0,1,0,0
Mos Def,7e68f78b509c4528b1e6d416404c2ea1,9f4551c6-1324-4ac5-b3fe-a5c5cfacd54d,https://musicbrainz.org/artist/9f4551c6-1324-4ac5-b3fe-a5c5cfacd54d,f5c4c27e-5902-4fc0-adfb-7775da3d5363,https://musicbrainz.org/artist/f5c4c27e-5902-4fc0-adfb-7775da3d5363,needs_review,forced_needs_review_candidate_fold,False,0.9707,3.5000,3.5000,4,307,,0,0,1,0,0,0,0,0
Mykola Dmytrovych Leontovych,9f4418e1370346cc876e748a35742458,,,,,needs_review,,,0.0000,0.0000,0.0000,2,135,,0,0,0,0,0,0,0,0
Márcio Borges,32b7da815a5946ba94c116e2b0cd7dd1,761abc87-7ad8-4b40-9bf6-f80f1ad30f4e,https://musicbrainz.org/artist/761abc87-7ad8-4b40-9bf6-f80f1ad30f4e,761abc87-7ad8-4b40-9bf6-f80f1ad30f4e,https://musicbrainz.org/artist/761abc87-7ad8-4b40-9bf6-f80f1ad30f4e,needs_review,,True,0.5000,0.0000,0.0000,6,424,,0,0,0,0,0,0,0,0
múm,9e151f8d9f1e40f9b30da2464ea4b4f1,2b64e811-cbcd-45f7-b29d-296444cad4f1,https://musicbrainz.org/artist/2b64e811-cbcd-45f7-b29d-296444cad4f1,2b64e811-cbcd-45f7-b29d-296444cad4f1,https://musicbrainz.org/artist/2b64e811-cbcd-45f7-b29d-296444cad4f1,needs_review,forced_needs_review_candidate_fold,True,0.9707,3.5000,3.5000,7,612,,0,0,1,0,0,0,0,0
Nancy Simmonds,697f2e0f5e02456a93c7484039e5a813,78f45f3f-eade-4680-ad82-8e12c09c4cfe,https://musicbrainz.org/artist/78f45f3f-eade-4680-ad82-8e12c09c4cfe,78f45f3f-eade-4680-ad82-8e12c09c4cfe,https://musicbrainz.org/artist/78f45f3f-eade-4680-ad82-8e12c09c4cfe,needs_review,forced_needs_review_candidate_fold,True,0.9707,3.5000,3.5000,4,326,,0,0,0,0,0,1,0,0
Naomi Neville,ef85043b7efa4370b7353f3c47b8bfa2,0df0cb5e-666a-4b98-a29a-1bb586199742,https://musicbrainz.org/artist/0df0cb5e-666a-4b98-a29a-1bb586199742,0df0cb5e-666a-4b98-a29a-1bb586199742,https://musicbrainz.org/artist/0df0cb5e-666a-4b98-a29a-1bb586199742,needs_review,forced_needs_review_candidate_fold,True,0.9707,3.5000,3.5000,4,408,,0,0,0,0,0,1,0,0
Nas,863b54d8428b44fea4095e22ca038deb,cfbc0924-0035-4d6c-8197-f024653af823,https://musicbrainz.org/artist/cfbc0924-0035-4d6c-8197-f024653af823,cfbc0924-0035-4d6c-8197-f024653af823,https://musicbrainz.org/artist/cfbc0924-0035-4d6c-8197-f024653af823,needs_review,forced_needs_review_candidate_fold,True,0.9707,3.5000,3.5000,7,573,,0,0,1,0,0,0,0,0
Nat Jones,c9b3b701435848d1a53dca9c0e16ce11,407883b5-b437-4c00-b71a-cada7e8a48e5,https://musicbrainz.org/artist/407883b5-b437-4c00-b71a-cada7e8a48e5,407883b5-b437-4c00-b71a-cada7e8a48e5,https://musicbrainz.org/artist/407883b5-b437-4c00-b71a-cada7e8a48e5,needs_review,forced_needs_review_candidate_fold,True,0.9707,3.5000,3.5000,8,665,,0,0,0,0,0,1,0,0
Nat Stuckey,fe1ee19d811a4a97ab613e9191fbc1ae,116e05c7-6f77-430c-a7dc-7d904cc415f7,https://musicbrainz.org/artist/116e05c7-6f77-430c-a7dc-7d904cc415f7,116e05c7-6f77-430c-a7dc-7d904cc415f7,https://musicbrainz.org/artist/116e05c7-6f77-430c-a7dc-7d904cc415f7,needs_review,forced_needs_review_candidate_fold,True,0.9707,3.5000,3.5000,4,618,,0,0,0,0,0,1,0,0
Natalie MacMaster,c6cfa7f4a23c42b981c57b2512283a73,4fccc5ba-950d-4698-8655-10844cad67b4,https://musicbrainz.org/artist/4fccc5ba-950d-4698-8655-10844cad67b4,4fccc5ba-950d-4698-8655-10844cad67b4,https://musicbrainz.org/artist/4fccc5ba-950d-4698-8655-10844cad67b4,needs_review,forced_needs_review_candidate_fold,True,0.9707,3.5000,3.5000,3,283,,0,0,1,0,0,0,0,0
Neal Smith,ed2541d1859f447cbd2321ce958b2189,3912b016-666b-46f8-a5ec-86806227ba60,https://musicbrainz.org/artist/3912b016-666b-46f8-a5ec-86806227ba60,3912b016-666b-46f8-a5ec-86806227ba60,https://musicbrainz.org/artist/3912b016-666b-46f8-a5ec-86806227ba60,needs_review,forced_needs_review_candidate_fold,True,0.9707,3.5000,3.5000,5,552,,0,0,0,0,0,1,0,0
Neil Robertson,0d4fc8bd8e6c42b39cef2e4f151d0c45,b22ef9aa-ec70-4838-91a7-abfb96c9a589,https://musicbrainz.org/artist/b22ef9aa-ec70-4838-91a7-abfb96c9a589,b22ef9aa-ec70-4838-91a7-abfb96c9a589,https://musicbrainz.org/artist/b22ef9aa-ec70-4838-91a7-abfb96c9a589,needs_review,forced_needs_review_candidate_fold,True,0.9707,3.5000,3.5000,4,351,,0,0,0,0,0,1,0,0
Neil Young,05e97a24684e42ed901a887708e5346f,75167b8b-44e4-407b-9d35-effe87b223cf,https://musicbrainz.org/artist/75167b8b-44e4-407b-9d35-effe87b223cf,75167b8b-44e4-407b-9d35-effe87b223cf,https://musicbrainz.org/artist/75167b8b-44e4-407b-9d35-effe87b223cf,needs_review,forced_needs_review_candidate_fold,True,0.9707,3.5000,3.5000,5,480,,1,0,0,0,0,0,0,0
Nelson Mandrell,d85f80883799417c95f64ede509831af,0d398584-60f2-4ead-b8d1-8b8101af0bb0,https://musicbrainz.org/artist/0d398584-60f2-4ead-b8d1-8b8101af0bb0,0d398584-60f2-4ead-b8d1-8b8101af0bb0,https://musicbrainz.org/artist/0d398584-60f2-4ead-b8d1-8b8101af0bb0,needs_review,forced_needs_review_candidate_fold,True,0.9707,3.5000,3.5000,4,348,,0,0,0,0,0,1,0,0
Nelson Pigford,b569124da1154f24b71a0adbed669bec,0c638504-a82d-4e77-b137-ae31f2047b23,https://musicbrainz.org/artist/0c638504-a82d-4e77-b137-ae31f2047b23,0c638504-a82d-4e77-b137-ae31f2047b23,https://musicbrainz.org/artist/0c638504-a82d-4e77-b137-ae31f2047b23,needs_review,forced_needs_review_candidate_fold,True,0.9707,3.5000,3.5000,5,519,,0,0,0,0,0,1,0,0
Neuza Teixeira,93bc0f0c8ee24134b57b96db0ed48b3f,865f8511-14c7-4fe0-99f7-0cc07730fd78,https://musicbrainz.org/artist/865f8511-14c7-4fe0-99f7-0cc07730fd78,865f8511-14c7-4fe0-99f7-0cc07730fd78,https://musicbrainz.org/artist/865f8511-14c7-4fe0-99f7-0cc07730fd78,needs_review,forced_needs_review_candidate_fold,True,0.9707,3.5000,3.5000,4,360,,0,0,0,0,0,1,0,0
Nick Coler,9a45b0eee5884a84abccd0dbf4e35ff8,f8a63f60-38c5-4807-b7f5-985a4351e733,https://musicbrainz.org/artist/f8a63f60-38c5-4807-b7f5-985a4351e733,f8a63f60-38c5-4807-b7f5-985a4351e733,https://musicbrainz.org/artist/f8a63f60-38c5-4807-b7f5-985a4351e733,needs_review,forced_needs_review_candidate_fold,True,0.9707,3.5000,3.5000,4,322,,0,0,0,0,0,1,0,0
Nick Lashley,260b1c4b7d994de4a3857edceab0a3bd,7ed8c000-b51f-421a-9043-c0ed3d68ba6a,https://musicbrainz.org/artist/7ed8c000-b51f-421a-9043-c0ed3d68ba6a,7ed8c000-b51f-421a-9043-c0ed3d68ba6a,https://musicbrainz.org/artist/7ed8c000-b51f-421a-9043-c0ed3d68ba6a,needs_review,forced_needs_review_candidate_fold,True,0.9707,3.5000,3.5000,4,381,,0,0,0,0,0,1,0,0
Nick Movshon,052f06b353ce486db73056e573ff20fa,0fc5c3bc-129f-47f5-8f6b-f8ac169c7722,https://musicbrainz.org/artist/0fc5c3bc-129f-47f5-8f6b-f8ac169c7722,0fc5c3bc-129f-47f5-8f6b-f8ac169c7722,https://musicbrainz.org/artist/0fc5c3bc-129f-47f5-8f6b-f8ac169c7722,needs_review,forced_needs_review_candidate_fold,True,0.9707,3.5000,3.5000,4,356,,0,0,0,0,0,1,0,0
Nick O'Malley,18e4a46336814aadad919b091e0006d2,c24c68b3-abcd-4fd3-9173-296c46a699bd,https://musicbrainz.org/artist/c24c68b3-abcd-4fd3-9173-296c46a699bd,c24c68b3-abcd-4fd3-9173-296c46a699bd,https://musicbrainz.org/artist/c24c68b3-abcd-4fd3-9173-296c46a699bd,needs_review,forced_needs_review_candidate_fold,True,0.9707,3.5000,3.5000,5,480,,0,0,0,0,0,1,0,0
Nicklas Sample,cfacd33614ef441da0bc1856a818f45a,30c2a5e2-8860-4e15-ad36-866820f0b670,https://musicbrainz.org/artist/30c2a5e2-8860-4e15-ad36-866820f0b670,30c2a5e2-8860-4e15-ad36-866820f0b670,https://musicbrainz.org/artist/30c2a5e2-8860-4e15-ad36-866820f0b670,needs_review,forced_needs_review_candidate_fold,True,0.9707,3.5000,3.5000,4,4551,,0,0,0,0,0,1,0,0
Nickolas Ashford,924fcf725d804ea7bcb8f817d4d05b0a,f47e95aa-2228-4122-858d-4bcb1506057c,https://musicbrainz.org/artist/f47e95aa-2228-4122-858d-4bcb1506057c,f47e95aa-2228-4122-858d-4bcb1506057c,https://musicbrainz.org/artist/f47e95aa-2228-4122-858d-4bcb1506057c,needs_review,forced_needs_review_candidate_fold,True,0.8581,1.8000,1.8000,6,589,,0,0,0,0,0,0,1,0
Nicolas Godin,e364f803130e48b78e77414f73196c16,91168e21-d623-4012-a11f-e9082b3a2439,https://musicbrainz.org/artist/91168e21-d623-4012-a11f-e9082b3a2439,91168e21-d623-4012-a11f-e9082b3a2439,https://musicbrainz.org/artist/91168e21-d623-4012-a11f-e9082b3a2439,needs_review,forced_needs_review_candidate_fold,True,0.9707,3.5000,3.5000,5,534,,0,0,0,0,0,1,0,0
Nicolas Rebscher,19674e0cd61c493f94b0b147e046b3e2,bb8e537f-c001-4247-ab97-d8145d95e5f5,https://musicbrainz.org/artist/bb8e537f-c001-4247-ab97-d8145d95e5f5,bb8e537f-c001-4247-ab97-d8145d95e5f5,https://musicbrainz.org/artist/bb8e537f-c001-4247-ab97-d8145d95e5f5,needs_review,forced_needs_review_candidate_fold,True,0.9707,3.5000,3.5000,4,367,,0,0,0,0,0,1,0,0
Nile Rodgers,81907c428b2d4e9eac4d586be4c401b2,c6d571dd-c0ae-4ac8-9500-780b1b9b25e5,https://musicbrainz.org/artist/c6d571dd-c0ae-4ac8-9500-780b1b9b25e5,c6d571dd-c0ae-4ac8-9500-780b1b9b25e5,https://musicbrainz.org/artist/c6d571dd-c0ae-4ac8-9500-780b1b9b25e5,needs_review,forced_needs_review_candidate_fold,True,0.9707,3.5000,3.5000,3,295,,0,0,1,0,0,0,0,0
Niltinho,b4c91e0b1e22463dafaba9bd15c9bade,2862eb7e-9667-46a3-8509-344624ec9048,https://musicbrainz.org/artist/2862eb7e-9667-46a3-8509-344624ec9048,2862eb7e-9667-46a3-8509-344624ec9048,https://musicbrainz.org/artist/2862eb7e-9667-46a3-8509-344624ec9048,needs_review,forced_needs_review_candidate_fold,True,0.9707,3.5000,3.5000,6,458,,0,0,0,0,0,1,0,0
Noel Gallagher,2142513fc42a41be92e054072d764145,6493ed80-8b44-49fa-91de-e7b0a0b57d6d,https://musicbrainz.org/artist/6493ed80-8b44-49fa-91de-e7b0a0b57d6d,6493ed80-8b44-49fa-91de-e7b0a0b57d6d,https://musicbrainz.org/artist/6493ed80-8b44-49fa-91de-e7b0a0b57d6d,needs_review,forced_needs_review_candidate_fold,True,0.9707,3.5000,3.5000,4,334,,0,0,1,0,0,0,0,0
Noisettes,1ba8b60eae8a44b9a2fcb76f711833f3,5221de81-b3cb-48d6-8e60-7c04b5daf02a,https://musicbrainz.org/artist/5221de81-b3cb-48d6-8e60-7c04b5daf02a,5221de81-b3cb-48d6-8e60-7c04b5daf02a,https://musicbrainz.org/artist/5221de81-b3cb-48d6-8e60-7c04b5daf02a,needs_review,forced_needs_review_candidate_fold,True,0.9707,3.5000,3.5000,4,377,,0,0,1,0,0,0,0,0
Norman Whitfield,7856a4e027f540b9850100492cff3715,01a7069c-882d-40f5-9575-c59d5bddcd61,https://musicbrainz.org/artist/01a7069c-882d-40f5-9575-c59d5bddcd61,01a7069c-882d-40f5-9575-c59d5bddcd61,https://musicbrainz.org/artist/01a7069c-882d-40f5-9575-c59d5bddcd61,needs_review,forced_needs_review_candidate_fold,True,0.9707,3.5000,3.5000,5,455,,0,0,0,0,0,1,0,0
Novi Singers,f7af435e278f4da28667e4c9575f2a3b,b4499227-412f-4ec3-851e-80d67783c380,https://musicbrainz.org/artist/b4499227-412f-4ec3-851e-80d67783c380,b4499227-412f-4ec3-851e-80d67783c380,https://musicbrainz.org/artist/b4499227-412f-4ec3-851e-80d67783c380,needs_review,forced_needs_review_candidate_fold,True,0.9707,3.5000,3.5000,3,301,,0,0,1,0,0,0,0,0
Odd Martin Skålnes,285355f8577d4c78aa307ff941511d3a,62a9a290-280e-45a5-bb12-100645136929,https://musicbrainz.org/artist/62a9a290-280e-45a5-bb12-100645136929,62a9a290-280e-45a5-bb12-100645136929,https://musicbrainz.org/artist/62a9a290-280e-45a5-bb12-100645136929,needs_review,forced_needs_review_candidate_fold,True,0.9707,3.5000,3.5000,4,392,,0,0,0,0,0,1,0,0
Ol' Dirty Bastard,e62fa1cc7e1f43e9929bc06b9c3eac63,d50548a0-3cfd-4d7a-964b-0aef6545d819,https://musicbrainz.org/artist/d50548a0-3cfd-4d7a-964b-0aef6545d819,d50548a0-3cfd-4d7a-964b-0aef6545d819,https://musicbrainz.org/artist/d50548a0-3cfd-4d7a-964b-0aef6545d819,needs_review,forced_needs_review_candidate_fold,True,0.9707,3.5000,3.5000,3,297,,0,0,1,0,0,0,0,0
Otis Redding,53345f8f187c4fd0ba4320691392eb69,82b1f5fd-cd31-41a9-b5d4-7e33f0eb9751,https://musicbrainz.org/artist/82b1f5fd-cd31-41a9-b5d4-7e33f0eb9751,82b1f5fd-cd31-41a9-b5d4-7e33f0eb9751,https://musicbrainz.org/artist/82b1f5fd-cd31-41a9-b5d4-7e33f0eb9751,needs_review,forced_needs_review_candidate_fold,True,0.9707,3.5000,3.5000,3,285,,1,0,0,0,0,0,0,0
Owen Parker,852b56ddb43244f399a12ac3fb7bf135,97f29155-aa85-482c-996f-480e749f43e7,https://musicbrainz.org/artist/97f29155-aa85-482c-996f-480e749f43e7,cfce4693-ff05-43be-8f1c-f62b1f3a148e,https://musicbrainz.org/artist/cfce4693-ff05-43be-8f1c-f62b1f3a148e,needs_review,forced_needs_review_candidate_fold,False,0.9707,3.5000,3.5000,5,343,,0,0,0,0,0,1,0,0
Pam Sawyer,91de10bcb0bf44e48c20785dbe43ca8b,03d75983-1230-48d1-9699-742273423e16,https://musicbrainz.org/artist/03d75983-1230-48d1-9699-742273423e16,03d75983-1230-48d1-9699-742273423e16,https://musicbrainz.org/artist/03d75983-1230-48d1-9699-742273423e16,needs_review,forced_needs_review_candidate_fold,True,0.9707,3.5000,3.5000,4,358,,0,0,0,0,0,1,0,0
Paolo Luciani,d918867f9aa146f5880f8895b07f6ead,5bb9d2cf-42cd-4a5c-87c3-15ccf619db4b,https://musicbrainz.org/artist/5bb9d2cf-42cd-4a5c-87c3-15ccf619db4b,5bb9d2cf-42cd-4a5c-87c3-15ccf619db4b,https://musicbrainz.org/artist/5bb9d2cf-42cd-4a5c-87c3-15ccf619db4b,needs_review,forced_needs_review_candidate_fold,True,0.9707,3.5000,3.5000,4,363,,0,0,0,0,0,1,0,0
Paolo Mario Limiti,7011963bbb7c4d17856526899420b50b,fb419019-a655-4e46-8217-78975fb48977,https://musicbrainz.org/artist/fb419019-a655-4e46-8217-78975fb48977,fb419019-a655-4e46-8217-78975fb48977,https://musicbrainz.org/artist/fb419019-a655-4e46-8217-78975fb48977,needs_review,forced_needs_review_candidate_fold,True,0.9707,3.5000,3.5000,4,439,,0,0,0,0,0,1,0,0
Pat Bergeson,5c14b6027b2f47c18fa8210b2ca83487,86a86d5e-f383-49de-a144-f4309af7a441,https://musicbrainz.org/artist/86a86d5e-f383-49de-a144-f4309af7a441,86a86d5e-f383-49de-a144-f4309af7a441,https://musicbrainz.org/artist/86a86d5e-f383-49de-a144-f4309af7a441,needs_review,forced_needs_review_candidate_fold,True,0.9707,3.5000,3.5000,4,343,,0,0,0,0,0,1,0,0
Pat MacDonald,2596654fdd7e4db68ac8ed1ab4070e26,cdf2595f-7406-4eef-b005-1b260babefa7,https://musicbrainz.org/artist/cdf2595f-7406-4eef-b005-1b260babefa7,cdf2595f-7406-4eef-b005-1b260babefa7,https://musicbrainz.org/artist/cdf2595f-7406-4eef-b005-1b260babefa7,needs_review,,True,0.5000,0.0000,0.0000,5,487,,0,0,0,0,0,0,0,0
Pat Vegas,a4e6aeaf33ae4d8d9c41dff6ab2a1277,2963eed5-5a81-48f0-b99d-e384d62ff47a,https://musicbrainz.org/artist/2963eed5-5a81-48f0-b99d-e384d62ff47a,2963eed5-5a81-48f0-b99d-e384d62ff47a,https://musicbrainz.org/artist/2963eed5-5a81-48f0-b99d-e384d62ff47a,needs_review,forced_needs_review_candidate_fold,True,0.9707,3.5000,3.5000,4,388,,0,0,0,0,0,1,0,0
Patricia O'Callaghan,68abff67db4f41599fdb420763fbfb11,2d1756be-d795-41bc-8e07-a72e324e0f5a,https://musicbrainz.org/artist/2d1756be-d795-41bc-8e07-a72e324e0f5a,2d1756be-d795-41bc-8e07-a72e324e0f5a,https://musicbrainz.org/artist/2d1756be-d795-41bc-8e07-a72e324e0f5a,needs_review,forced_needs_review_candidate_fold,True,0.9707,3.5000,3.5000,3,218,,0,0,1,0,0,0,0,0
Patrick Brayer,6d196b94e8b44a78a55acb360684f703,4b664a3d-1c57-4847-9f6a-562a7cf19d0a,https://musicbrainz.org/artist/4b664a3d-1c57-4847-9f6a-562a7cf19d0a,4b664a3d-1c57-4847-9f6a-562a7cf19d0a,https://musicbrainz.org/artist/4b664a3d-1c57-4847-9f6a-562a7cf19d0a,needs_review,forced_needs_review_candidate_fold,True,0.9707,3.5000,3.5000,4,362,,0,0,0,0,0,1,0,0
Patrick Reynolds,ae607b01ee02400682b25f9ce9e2c14d,d174f580-15bb-49d1-b9d9-086954a71877,https://musicbrainz.org/artist/d174f580-15bb-49d1-b9d9-086954a71877,d174f580-15bb-49d1-b9d9-086954a71877,https://musicbrainz.org/artist/d174f580-15bb-49d1-b9d9-086954a71877,needs_review,forced_needs_review_candidate_fold,True,0.9707,3.5000,3.5000,5,514,,0,0,0,0,0,1,0,0
Patrick Walden,3695ba6ae94142fbbedc7a62c607d30e,a289805c-4754-4c2b-942e-b3adc66149cb,https://musicbrainz.org/artist/a289805c-4754-4c2b-942e-b3adc66149cb,a289805c-4754-4c2b-942e-b3adc66149cb,https://musicbrainz.org/artist/a289805c-4754-4c2b-942e-b3adc66149cb,needs_review,forced_needs_review_candidate_fold,True,0.9707,3.5000,3.5000,4,356,,0,0,0,0,0,1,0,0
Patrick Woodcock,fb2914d7e9544a3c9a46e94af9371700,abccb06c-cf43-43c0-bc7a-8aa5a6fb3cda,https://musicbrainz.org/artist/abccb06c-cf43-43c0-bc7a-8aa5a6fb3cda,abccb06c-cf43-43c0-bc7a-8aa5a6fb3cda,https://musicbrainz.org/artist/abccb06c-cf43-43c0-bc7a-8aa5a6fb3cda,needs_review,forced_needs_review_candidate_fold,True,0.9707,3.5000,3.5000,4,416,,0,0,0,0,0,1,0,0
Patti Austin,9d3b7c592dca4cdfb8bd8276ee4e8339,e58ae396-5050-4640-a5d1-8826b5c4ba13,https://musicbrainz.org/artist/e58ae396-5050-4640-a5d1-8826b5c4ba13,e58ae396-5050-4640-a5d1-8826b5c4ba13,https://musicbrainz.org/artist/e58ae396-5050-4640-a5d1-8826b5c4ba13,needs_review,forced_needs_review_candidate_fold,True,0.9707,3.5000,3.5000,3,216,,0,0,1,0,0,0,0,0
Paul Craft,fddea22152e646b3bcb6bdb4d803505f,b73c32c7-4114-4df6-8e08-6d430c4bb4de,https://musicbrainz.org/artist/b73c32c7-4114-4df6-8e08-6d430c4bb4de,b73c32c7-4114-4df6-8e08-6d430c4bb4de,https://musicbrainz.org/artist/b73c32c7-4114-4df6-8e08-6d430c4bb4de,needs_review,forced_needs_review_candidate_fold,True,0.9707,3.5000,3.5000,4,354,,0,0,0,0,0,1,0,0
Paul Epworth,6a6555a9a1ac41a49db59ad3eedb0800,65380f7e-cb7a-4594-ae44-28ff55160746,https://musicbrainz.org/artist/65380f7e-cb7a-4594-ae44-28ff55160746,65380f7e-cb7a-4594-ae44-28ff55160746,https://musicbrainz.org/artist/65380f7e-cb7a-4594-ae44-28ff55160746,needs_review,forced_needs_review_candidate_fold,True,0.9707,3.5000,3.5000,4,436,,0,0,0,0,0,1,0,0
Paul Francis Webster,73d73e656ed2498c8bce7323fd3f6ab7,b7d69ea7-2f72-43cf-881b-6dc142afdb48,https://musicbrainz.org/artist/b7d69ea7-2f72-43cf-881b-6dc142afdb48,b7d69ea7-2f72-43cf-881b-6dc142afdb48,https://musicbrainz.org/artist/b7d69ea7-2f72-43cf-881b-6dc142afdb48,needs_review,forced_needs_review_candidate_fold,True,0.9707,3.5000,3.5000,13,898,,0,0,0,0,0,1,0,0
Paul L. Green,f105ee956c33404e97e292e3c89e13bf,f0974ec7-0b17-4972-86fa-960c1271ef2e,https://musicbrainz.org/artist/f0974ec7-0b17-4972-86fa-960c1271ef2e,f0974ec7-0b17-4972-86fa-960c1271ef2e,https://musicbrainz.org/artist/f0974ec7-0b17-4972-86fa-960c1271ef2e,needs_review,forced_needs_review_candidate_fold,True,0.9707,3.5000,3.5000,4,380,,0,0,0,0,0,1,0,0
Paul Leka,553e039b626d4ba59505a79ad2b6c28e,4e6c4df9-e6f8-4a63-9824-535b5ee85f89,https://musicbrainz.org/artist/4e6c4df9-e6f8-4a63-9824-535b5ee85f89,4e6c4df9-e6f8-4a63-9824-535b5ee85f89,https://musicbrainz.org/artist/4e6c4df9-e6f8-4a63-9824-535b5ee85f89,needs_review,forced_needs_review_candidate_fold,True,0.9707,3.5000,3.5000,4,446,,0,0,0,0,0,1,0,0
Paul McCartney,385574d1857b4346a5ea2dc6732dddfe,ba550d0e-adac-4864-b88b-407cab5e76af,https://musicbrainz.org/artist/ba550d0e-adac-4864-b88b-407cab5e76af,ba550d0e-adac-4864-b88b-407cab5e76af,https://musicbrainz.org/artist/ba550d0e-adac-4864-b88b-407cab5e76af,needs_review,forced_needs_review_candidate_fold,True,0.9707,3.5000,3.5000,9,793,,0,0,1,0,0,0,0,0
Paul Overstreet,351b1366562a4915bf84c7d8429d16b4,994e77fe-2d68-4a98-b89b-a537437a84cc,https://musicbrainz.org/artist/994e77fe-2d68-4a98-b89b-a537437a84cc,994e77fe-2d68-4a98-b89b-a537437a84cc,https://musicbrainz.org/artist/994e77fe-2d68-4a98-b89b-a537437a84cc,needs_review,forced_needs_review_candidate_fold,True,0.9707,3.5000,3.5000,5,512,,0,0,0,0,0,1,0,0
Paul Politi,ca51cd670cc2405cbff2e7ff718571fd,465a0070-f450-45d0-a505-ad4e8b1988d5,https://musicbrainz.org/artist/465a0070-f450-45d0-a505-ad4e8b1988d5,465a0070-f450-45d0-a505-ad4e8b1988d5,https://musicbrainz.org/artist/465a0070-f450-45d0-a505-ad4e8b1988d5,needs_review,forced_needs_review_candidate_fold,True,0.9707,3.5000,3.5000,4,351,,0,0,0,0,0,1,0,0
Paul Staveley O'Duffy,aec93d6321f64ec5a869159dc57b063d,856b770d-78e6-4229-83db-b3f100cf6ec7,https://musicbrainz.org/artist/856b770d-78e6-4229-83db-b3f100cf6ec7,856b770d-78e6-4229-83db-b3f100cf6ec7,https://musicbrainz.org/artist/856b770d-78e6-4229-83db-b3f100cf6ec7,needs_review,forced_needs_review_candidate_fold,True,0.9707,3.5000,3.5000,4,395,,0,0,0,0,0,1,0,0
Paul Waaktaar-Savoy,8de208c4a6b34a0d860c1bc9f06510ab,0ef9b4c4-4a41-4ad8-9c64-98c0419c0150,https://musicbrainz.org/artist/0ef9b4c4-4a41-4ad8-9c64-98c0419c0150,0ef9b4c4-4a41-4ad8-9c64-98c0419c0150,https://musicbrainz.org/artist/0ef9b4c4-4a41-4ad8-9c64-98c0419c0150,needs_review,forced_needs_review_candidate_fold,True,0.9707,3.5000,3.5000,4,4551,,0,0,0,0,0,1,0,0
Paul Watson,1d65b38574ea465ba963aacb8704f280,13811d52-ac42-4cd6-aca5-4dc0b0240501,https://musicbrainz.org/artist/13811d52-ac42-4cd6-aca5-4dc0b0240501,d5bedadf-f365-4c40-8393-be5d86b4918c,https://musicbrainz.org/artist/d5bedadf-f365-4c40-8393-be5d86b4918c,needs_review,forced_needs_review_candidate_fold,False,0.9707,3.5000,3.5000,11,1022,,0,0,0,0,0,1,0,0
Paul Weston,14757f62f87a446abed4129c9944cc11,d56d5118-77f4-4f5d-8997-813e4670806a,https://musicbrainz.org/artist/d56d5118-77f4-4f5d-8997-813e4670806a,d56d5118-77f4-4f5d-8997-813e4670806a,https://musicbrainz.org/artist/d56d5118-77f4-4f5d-8997-813e4670806a,needs_review,forced_needs_review_candidate_fold,True,0.9707,3.5000,3.5000,5,462,,0,0,0,0,0,1,0,0
Peppe Servillo,e54d7f5922c94291a80431502069c4f8,cf9d8524-b4a6-4fe0-9ac1-1930f69cfd66,https://musicbrainz.org/artist/cf9d8524-b4a6-4fe0-9ac1-1930f69cfd66,cf9d8524-b4a6-4fe0-9ac1-1930f69cfd66,https://musicbrainz.org/artist/cf9d8524-b4a6-4fe0-9ac1-1930f69cfd66,needs_review,forced_needs_review_candidate_fold,True,0.9707,3.5000,3.5000,4,478,,0,0,0,0,0,1,0,0
Pery Ribeiro,8eec3f0bd1d84cc78f397cb2ec59e814,063d505c-cbdc-4db6-b8d1-02046d61a1e1,https://musicbrainz.org/artist/063d505c-cbdc-4db6-b8d1-02046d61a1e1,063d505c-cbdc-4db6-b8d1-02046d61a1e1,https://musicbrainz.org/artist/063d505c-cbdc-4db6-b8d1-02046d61a1e1,needs_review,forced_needs_review_candidate_fold,True,0.9707,3.5000,3.5000,4,392,,0,0,0,0,0,1,0,0
Pete Glenister,221607e702e34bb0996c66c33102e4a8,9f628104-0906-4727-8f92-5279c6983cba,https://musicbrainz.org/artist/9f628104-0906-4727-8f92-5279c6983cba,9f628104-0906-4727-8f92-5279c6983cba,https://musicbrainz.org/artist/9f628104-0906-4727-8f92-5279c6983cba,needs_review,forced_needs_review_candidate_fold,True,0.9707,3.5000,3.5000,4,340,,0,0,0,0,0,1,0,0
Pete Ham,2179fdeca1fe47b28e1886183710954e,56afb708-1f0f-4629-a5fc-0c4b4ee6f50c,https://musicbrainz.org/artist/56afb708-1f0f-4629-a5fc-0c4b4ee6f50c,56afb708-1f0f-4629-a5fc-0c4b4ee6f50c,https://musicbrainz.org/artist/56afb708-1f0f-4629-a5fc-0c4b4ee6f50c,needs_review,forced_needs_review_candidate_fold,True,0.9707,3.5000,3.5000,4,313,,0,0,0,0,0,1,0,0
Pete Waterman,95d0d3efce5a4337a0c302c00835d5e7,2c985f01-0479-4439-bb60-e9c7b177b29d,https://musicbrainz.org/artist/2c985f01-0479-4439-bb60-e9c7b177b29d,2c985f01-0479-4439-bb60-e9c7b177b29d,https://musicbrainz.org/artist/2c985f01-0479-4439-bb60-e9c7b177b29d,needs_review,forced_needs_review_candidate_fold,True,0.9707,3.5000,3.5000,9,890,,0,0,0,0,0,1,0,0
Peter Buck,26f164aec4e64e0a9b38f2020938fe2b,2bab20bf-8dab-4af8-b7b0-ba8e30860261,https://musicbrainz.org/artist/2bab20bf-8dab-4af8-b7b0-ba8e30860261,2bab20bf-8dab-4af8-b7b0-ba8e30860261,https://musicbrainz.org/artist/2bab20bf-8dab-4af8-b7b0-ba8e30860261,needs_review,forced_needs_review_candidate_fold,True,0.9707,3.5000,3.5000,13,971,,0,0,0,0,0,1,0,0
Peter Doherty,a4dbe3366045496fbfab1441e2f829f8,94f6def3-dbfe-403b-bb40-d324c8c13fbb,https://musicbrainz.org/artist/94f6def3-dbfe-403b-bb40-d324c8c13fbb,94f6def3-dbfe-403b-bb40-d324c8c13fbb,https://musicbrainz.org/artist/94f6def3-dbfe-403b-bb40-d324c8c13fbb,needs_review,forced_needs_review_candidate_fold,True,0.9707,3.5000,3.5000,11,805,,0,0,0,0,0,1,0,0
Peter Sterling Radcliffe,22a32452c4b94e048e86912009196779,265c8ae8-4f6c-453e-8ba8-7353e8b1228e,https://musicbrainz.org/artist/265c8ae8-4f6c-453e-8ba8-7353e8b1228e,265c8ae8-4f6c-453e-8ba8-7353e8b1228e,https://musicbrainz.org/artist/265c8ae8-4f6c-453e-8ba8-7353e8b1228e,needs_review,forced_needs_review_candidate_fold,True,0.9707,3.5000,3.5000,4,577,,0,0,0,0,0,1,0,0
Peter Wolfe,05532d4a680641e5bdbb070be2460097,45ed2349-2343-4ff6-849e-9e16fdc8b1f0,https://musicbrainz.org/artist/45ed2349-2343-4ff6-849e-9e16fdc8b1f0,45ed2349-2343-4ff6-849e-9e16fdc8b1f0,https://musicbrainz.org/artist/45ed2349-2343-4ff6-849e-9e16fdc8b1f0,needs_review,forced_needs_review_candidate_fold,True,0.9707,3.5000,3.5000,5,491,,0,0,0,0,0,1,0,0
Peter Zizzo,c241ec02059a46c6beded1c46241b9f8,16143755-5acd-4813-b286-5491b0d3cdf6,https://musicbrainz.org/artist/16143755-5acd-4813-b286-5491b0d3cdf6,16143755-5acd-4813-b286-5491b0d3cdf6,https://musicbrainz.org/artist/16143755-5acd-4813-b286-5491b0d3cdf6,needs_review,forced_needs_review_candidate_fold,True,0.9707,3.5000,3.5000,4,376,,0,0,0,0,0,1,0,0
Phil Everly,5ab81843073849c28da9ec088424f563,029df5d8-3f74-4732-a9f0-1bf047da856d,https://musicbrainz.org/artist/029df5d8-3f74-4732-a9f0-1bf047da856d,029df5d8-3f74-4732-a9f0-1bf047da856d,https://musicbrainz.org/artist/029df5d8-3f74-4732-a9f0-1bf047da856d,needs_review,forced_needs_review_candidate_fold,True,0.9707,3.5000,3.5000,4,392,,0,0,0,0,0,1,0,0
Phil Lynott,6e67795e4cd94b9aaec354c530f0d793,6af15841-1d62-495a-8b52-74eb6d603c5f,https://musicbrainz.org/artist/6af15841-1d62-495a-8b52-74eb6d603c5f,6af15841-1d62-495a-8b52-74eb6d603c5f,https://musicbrainz.org/artist/6af15841-1d62-495a-8b52-74eb6d603c5f,needs_review,,True,0.9991,7.0000,0.0000,10,784,,0,0,4,0,0,0,0,0
Phil Madeira,1227d48577974fc88833b5204a734150,291ce099-908c-4d06-a885-5eb42a44f607,https://musicbrainz.org/artist/291ce099-908c-4d06-a885-5eb42a44f607,291ce099-908c-4d06-a885-5eb42a44f607,https://musicbrainz.org/artist/291ce099-908c-4d06-a885-5eb42a44f607,needs_review,forced_needs_review_candidate_fold,True,0.9707,3.5000,3.5000,4,285,,0,0,0,0,0,1,0,0
Phil Spector,bbef63353e804d48ac46cf2b2a3e495f,e7b587f7-e678-47c1-81dd-e7bb7855b0f9,https://musicbrainz.org/artist/e7b587f7-e678-47c1-81dd-e7bb7855b0f9,e7b587f7-e678-47c1-81dd-e7bb7855b0f9,https://musicbrainz.org/artist/e7b587f7-e678-47c1-81dd-e7bb7855b0f9,needs_review,forced_needs_review_candidate_fold,True,0.9707,3.5000,3.5000,3,281,,1,0,0,0,0,0,0,0
Philip Lawrence,383d7c242fec42629c2001208ff28690,3d2ee04c-c21d-424d-91da-afd66258438e,https://musicbrainz.org/artist/3d2ee04c-c21d-424d-91da-afd66258438e,3d2ee04c-c21d-424d-91da-afd66258438e,https://musicbrainz.org/artist/3d2ee04c-c21d-424d-91da-afd66258438e,needs_review,forced_needs_review_candidate_fold,True,0.9707,3.5000,3.5000,6,564,,0,0,0,0,0,1,0,0
Pierpaolo Guerrini,574e61af430e447c9cb615be69fb9198,58c266cd-aba9-49d5-bba3-f92b100504e2,https://musicbrainz.org/artist/58c266cd-aba9-49d5-bba3-f92b100504e2,58c266cd-aba9-49d5-bba3-f92b100504e2,https://musicbrainz.org/artist/58c266cd-aba9-49d5-bba3-f92b100504e2,needs_review,forced_needs_review_candidate_fold,True,0.9707,3.5000,3.5000,4,406,,0,0,0,0,0,1,0,0
Porl Thompson,460b6bb24a4f46a4b596dde3e6ee4ea8,2b2a7e94-fdc6-4c2e-859c-441faa4089cd,https://musicbrainz.org/artist/2b2a7e94-fdc6-4c2e-859c-441faa4089cd,2b2a7e94-fdc6-4c2e-859c-441faa4089cd,https://musicbrainz.org/artist/2b2a7e94-fdc6-4c2e-859c-441faa4089cd,needs_review,forced_needs_review_candidate_fold,True,0.9707,3.5000,3.5000,4,355,,0,0,0,0,0,1,0,0
Prince,9c6d3879cd7247e8b1ca2e849e2accc3,070d193a-845c-479f-980e-bef15710653e,https://musicbrainz.org/artist/070d193a-845c-479f-980e-bef15710653e,070d193a-845c-479f-980e-bef15710653e,https://musicbrainz.org/artist/070d193a-845c-479f-980e-bef15710653e,needs_review,forced_needs_review_candidate_fold,True,0.9707,3.5000,3.5000,14,1015,,1,0,0,0,0,0,0,0
Pyotr Ilyich Tchaikovsky,1dcbbcfa1b264bb4a727254cc6eeb111,9ddd7abc-9e1b-471d-8031-583bc6bc8be9,https://musicbrainz.org/artist/9ddd7abc-9e1b-471d-8031-583bc6bc8be9,9ddd7abc-9e1b-471d-8031-583bc6bc8be9,https://musicbrainz.org/artist/9ddd7abc-9e1b-471d-8031-583bc6bc8be9,needs_review,forced_needs_review_candidate_fold,True,0.8581,1.8000,1.8000,5,397,,0,1,0,0,0,0,0,0
Raine Maida,932db6e5b74f46149ffc0f9680065e98,3e18e18e-f6be-4067-a276-334b00809e0d,https://musicbrainz.org/artist/3e18e18e-f6be-4067-a276-334b00809e0d,3e18e18e-f6be-4067-a276-334b00809e0d,https://musicbrainz.org/artist/3e18e18e-f6be-4067-a276-334b00809e0d,needs_review,forced_needs_review_candidate_fold,True,0.9707,3.5000,3.5000,3,284,,0,0,1,0,0,0,0,0
Rakim,ad15fbcf641f4cbb8adc82c64fdca12e,2792b097-0b1d-4c50-97f6-f7f097f86438,https://musicbrainz.org/artist/2792b097-0b1d-4c50-97f6-f7f097f86438,2792b097-0b1d-4c50-97f6-f7f097f86438,https://musicbrainz.org/artist/2792b097-0b1d-4c50-97f6-f7f097f86438,needs_review,forced_needs_review_candidate_fold,True,0.9707,3.5000,3.5000,7,615,,0,0,1,0,0,0,0,0
Ralph MacDonald,97dee1ab3d174ef88600a6f622e7f2cb,b6be6ceb-f776-460f-a145-212fa306baa1,https://musicbrainz.org/artist/b6be6ceb-f776-460f-a145-212fa306baa1,b6be6ceb-f776-460f-a145-212fa306baa1,https://musicbrainz.org/artist/b6be6ceb-f776-460f-a145-212fa306baa1,needs_review,forced_needs_review_candidate_fold,True,0.9707,3.5000,3.5000,3,278,,0,0,1,0,0,0,0,0
Ramsey Lewis,cda855bc1a4e49228f0e50588e7dce15,fe19b809-e86c-4736-882a-53b72e23171b,https://musicbrainz.org/artist/fe19b809-e86c-4736-882a-53b72e23171b,fe19b809-e86c-4736-882a-53b72e23171b,https://musicbrainz.org/artist/fe19b809-e86c-4736-882a-53b72e23171b,needs_review,forced_needs_review_candidate_fold,True,0.9707,3.5000,3.5000,4,341,,0,0,1,0,0,0,0,0
Randy California,7645f8f18e6b4fd6a29f2ad4f97cdaf8,3ebc62a2-cb32-42b6-bc46-bf20ba39e0fe,https://musicbrainz.org/artist/3ebc62a2-cb32-42b6-bc46-bf20ba39e0fe,3ebc62a2-cb32-42b6-bc46-bf20ba39e0fe,https://musicbrainz.org/artist/3ebc62a2-cb32-42b6-bc46-bf20ba39e0fe,needs_review,forced_needs_review_candidate_fold,True,0.9707,3.5000,3.5000,4,323,,0,0,1,0,0,0,0,0
Randy Edelman,a8c4887029eb48d59716244b8d85e374,7cbdfc61-30a9-4f17-b2fc-dcae3757adba,https://musicbrainz.org/artist/7cbdfc61-30a9-4f17-b2fc-dcae3757adba,7cbdfc61-30a9-4f17-b2fc-dcae3757adba,https://musicbrainz.org/artist/7cbdfc61-30a9-4f17-b2fc-dcae3757adba,needs_review,forced_needs_review_candidate_fold,True,0.9707,3.5000,3.5000,4,545,,0,0,0,0,0,1,0,0
Randy Travis,4522ab0314fc46dca88abd504a479241,09b697e3-a849-4670-ae49-e0b821a6271a,https://musicbrainz.org/artist/09b697e3-a849-4670-ae49-e0b821a6271a,09b697e3-a849-4670-ae49-e0b821a6271a,https://musicbrainz.org/artist/09b697e3-a849-4670-ae49-e0b821a6271a,needs_review,forced_needs_review_candidate_fold,True,0.9707,3.5000,3.5000,4,384,,0,0,0,0,0,1,0,0
Ray Charles,a87ddc6b090444c4a03d2be44f8bdcd5,2ce02909-598b-44ef-a456-151ba0a3bd70,https://musicbrainz.org/artist/2ce02909-598b-44ef-a456-151ba0a3bd70,2ce02909-598b-44ef-a456-151ba0a3bd70,https://musicbrainz.org/artist/2ce02909-598b-44ef-a456-151ba0a3bd70,needs_review,,True,0.9998,8.8000,0.0000,9,815,,4,2,0,0,0,0,0,0
Ray Gilbert,9a45a64e1eb448d2a207ae569c0e6694,d90fef67-6fb5-46d1-a272-79e6083351a5,https://musicbrainz.org/artist/d90fef67-6fb5-46d1-a272-79e6083351a5,d90fef67-6fb5-46d1-a272-79e6083351a5,https://musicbrainz.org/artist/d90fef67-6fb5-46d1-a272-79e6083351a5,needs_review,forced_needs_review_candidate_fold,True,0.9707,3.5000,3.5000,14,934,,0,0,0,0,0,1,0,0
Ray Manzarek,ed8c7e6d0616426c8a12991c68305806,fe93a178-183a-42c9-b3c7-53102b8c724d,https://musicbrainz.org/artist/fe93a178-183a-42c9-b3c7-53102b8c724d,fe93a178-183a-42c9-b3c7-53102b8c724d,https://musicbrainz.org/artist/fe93a178-183a-42c9-b3c7-53102b8c724d,needs_review,forced_needs_review_candidate_fold,True,0.9707,3.5000,3.5000,5,627,,0,0,0,0,0,1,0,0
Ray Parker Jr.,1f335e99f9014c89b3466b09ec28034b,af9c073c-f230-4527-8fcd-2338fe1e129e,https://musicbrainz.org/artist/af9c073c-f230-4527-8fcd-2338fe1e129e,af9c073c-f230-4527-8fcd-2338fe1e129e,https://musicbrainz.org/artist/af9c073c-f230-4527-8fcd-2338fe1e129e,needs_review,forced_needs_review_candidate_fold,True,0.9707,3.5000,3.5000,8,647,,0,0,1,0,0,0,0,0
Red Garland,661366ffca6646a3ba9c7a674f04a4e7,d9399921-2d82-437e-825e-16daff591a0c,https://musicbrainz.org/artist/d9399921-2d82-437e-825e-16daff591a0c,d9399921-2d82-437e-825e-16daff591a0c,https://musicbrainz.org/artist/d9399921-2d82-437e-825e-16daff591a0c,needs_review,forced_needs_review_candidate_fold,True,0.9707,3.5000,3.5000,5,548,,0,0,0,0,0,1,0,0
Reggie Vincent,cce70a8e1c7d4be8aac83ce850765c5e,e433fe4c-65b6-4e03-9f7e-e3359554760a,https://musicbrainz.org/artist/e433fe4c-65b6-4e03-9f7e-e3359554760a,e433fe4c-65b6-4e03-9f7e-e3359554760a,https://musicbrainz.org/artist/e433fe4c-65b6-4e03-9f7e-e3359554760a,needs_review,forced_needs_review_candidate_fold,True,0.9707,3.5000,3.5000,4,485,,0,0,0,0,0,1,0,0
Rehash,1dba16df96714289a05aa65475bc30d0,985d5c88-8f43-4621-8a06-412b40a4727c,https://musicbrainz.org/artist/985d5c88-8f43-4621-8a06-412b40a4727c,985d5c88-8f43-4621-8a06-412b40a4727c,https://musicbrainz.org/artist/985d5c88-8f43-4621-8a06-412b40a4727c,needs_review,forced_needs_review_candidate_fold,True,0.9707,3.5000,3.5000,5,407,,0,0,1,0,0,0,0,0
Reinhold Glière,8ac6bb52b87e4576986fddb4f66a835c,8b008af7-cdb9-4abe-baed-ba737622e310,https://musicbrainz.org/artist/8b008af7-cdb9-4abe-baed-ba737622e310,8b008af7-cdb9-4abe-baed-ba737622e310,https://musicbrainz.org/artist/8b008af7-cdb9-4abe-baed-ba737622e310,needs_review,,True,0.5000,0.0000,0.0000,5,367,,0,0,0,0,0,0,0,0
Reinhold Moritzevich Glière,d725eb07eb884ae4bb412adbdd6ab91a,,,,,needs_review,,,0.0000,0.0000,0.0000,4,242,,0,0,0,0,0,0,0,0
René Dif,0870b5ec915143b3bdf420b68a64e51a,8cb4d1b3-6a00-4aad-9b0b-ba3045498a47,https://musicbrainz.org/artist/8cb4d1b3-6a00-4aad-9b0b-ba3045498a47,8cb4d1b3-6a00-4aad-9b0b-ba3045498a47,https://musicbrainz.org/artist/8cb4d1b3-6a00-4aad-9b0b-ba3045498a47,needs_review,forced_needs_review_candidate_fold,True,0.9707,3.5000,3.5000,4,452,,0,0,0,0,0,1,0,0
"Reuben Fairfax, Jr.",302e945d202945ca9c31ad95b3982ca5,b420337c-2f03-4954-ab2e-3b91b734c187,https://musicbrainz.org/artist/b420337c-2f03-4954-ab2e-3b91b734c187,b420337c-2f03-4954-ab2e-3b91b734c187,https://musicbrainz.org/artist/b420337c-2f03-4954-ab2e-3b91b734c187,needs_review,forced_needs_review_candidate_fold,True,0.9707,3.5000,3.5000,4,426,,0,0,0,0,0,1,0,0
Reuben Floyd,50ec37e13cef4e55bcecdf3447515936,22e293aa-4334-441e-8340-179277c641ec,https://musicbrainz.org/artist/22e293aa-4334-441e-8340-179277c641ec,22e293aa-4334-441e-8340-179277c641ec,https://musicbrainz.org/artist/22e293aa-4334-441e-8340-179277c641ec,needs_review,,True,0.5000,0.0000,0.0000,3,272,,0,0,0,0,0,0,0,0
Rich Harrison,b93b1bc63a2b4828bda7c3b0b44ae4a7,e8a904ae-198c-45aa-aa87-85de48514b0e,https://musicbrainz.org/artist/e8a904ae-198c-45aa-aa87-85de48514b0e,e8a904ae-198c-45aa-aa87-85de48514b0e,https://musicbrainz.org/artist/e8a904ae-198c-45aa-aa87-85de48514b0e,needs_review,forced_needs_review_candidate_fold,True,0.9707,3.5000,3.5000,5,454,,0,0,0,0,0,1,0,0
Richard Colburn,a1a7eb43fd8f4cfc801e5650f1ca4e2c,e7528aba-c5e2-4917-9a52-9b61d56f9a13,https://musicbrainz.org/artist/e7528aba-c5e2-4917-9a52-9b61d56f9a13,e7528aba-c5e2-4917-9a52-9b61d56f9a13,https://musicbrainz.org/artist/e7528aba-c5e2-4917-9a52-9b61d56f9a13,needs_review,forced_needs_review_candidate_fold,True,0.9707,3.5000,3.5000,7,531,,0,0,0,0,0,1,0,0
Richard Feldman,da512fdaeddd4318a4a5f4ea67945732,a2999a11-8598-45a3-9e06-0547864309f2,https://musicbrainz.org/artist/a2999a11-8598-45a3-9e06-0547864309f2,a2999a11-8598-45a3-9e06-0547864309f2,https://musicbrainz.org/artist/a2999a11-8598-45a3-9e06-0547864309f2,needs_review,forced_needs_review_candidate_fold,True,0.9707,3.5000,3.5000,4,287,,0,0,0,0,0,1,0,0
Richard Kerr,ec302b8289e24f7d8a5d5ff41a0fb15c,68fe81e0-86a4-4aef-8693-7993f3e644a6,https://musicbrainz.org/artist/68fe81e0-86a4-4aef-8693-7993f3e644a6,68fe81e0-86a4-4aef-8693-7993f3e644a6,https://musicbrainz.org/artist/68fe81e0-86a4-4aef-8693-7993f3e644a6,needs_review,forced_needs_review_candidate_fold,True,0.9707,3.5000,3.5000,4,336,,0,0,0,0,0,1,0,0
Richard M. Sherman,6db4568e07b043d3bdeeb53fb306db23,c47026a1-3300-4cf7-80df-8b9462a884e4,https://musicbrainz.org/artist/c47026a1-3300-4cf7-80df-8b9462a884e4,c47026a1-3300-4cf7-80df-8b9462a884e4,https://musicbrainz.org/artist/c47026a1-3300-4cf7-80df-8b9462a884e4,needs_review,,True,0.5000,0.0000,0.0000,15,865,,0,0,0,0,0,0,0,0
Richard Poindexter,97052003fe6a4a83bfc349a293bae9a2,01c83149-c0ad-43e6-987d-c8932325e73e,https://musicbrainz.org/artist/01c83149-c0ad-43e6-987d-c8932325e73e,01c83149-c0ad-43e6-987d-c8932325e73e,https://musicbrainz.org/artist/01c83149-c0ad-43e6-987d-c8932325e73e,needs_review,forced_needs_review_candidate_fold,True,0.9707,3.5000,3.5000,4,445,,0,0,0,0,0,1,0,0
Richard Reed Parry,d5703a3eb77b422ab177200671c0848d,ebb15840-19c5-4c4b-98b1-4cddeb4d7684,https://musicbrainz.org/artist/ebb15840-19c5-4c4b-98b1-4cddeb4d7684,ebb15840-19c5-4c4b-98b1-4cddeb4d7684,https://musicbrainz.org/artist/ebb15840-19c5-4c4b-98b1-4cddeb4d7684,needs_review,forced_needs_review_candidate_fold,True,0.9707,3.5000,3.5000,4,367,,0,0,0,0,0,1,0,0
Richard Rodgers,2e163fa91e714255be41f0a551ef8938,346448f5-25a0-4f78-bbd6-acc0205f7513,https://musicbrainz.org/artist/346448f5-25a0-4f78-bbd6-acc0205f7513,346448f5-25a0-4f78-bbd6-acc0205f7513,https://musicbrainz.org/artist/346448f5-25a0-4f78-bbd6-acc0205f7513,needs_review,forced_needs_review_candidate_fold,True,0.9707,3.5000,3.5000,4,385,,0,0,0,0,0,1,0,0
Richard Supa,35110e21216640a3baf704ec4ecf5cc5,67cfe95d-691f-4d8c-bf4c-3f8b5c930548,https://musicbrainz.org/artist/67cfe95d-691f-4d8c-bf4c-3f8b5c930548,67cfe95d-691f-4d8c-bf4c-3f8b5c930548,https://musicbrainz.org/artist/67cfe95d-691f-4d8c-bf4c-3f8b5c930548,needs_review,forced_needs_review_candidate_fold,True,0.9707,3.5000,3.5000,4,442,,0,0,0,0,0,1,0,0
Rick Driscoll,5aa6462ba8ef421ca12ac92ed6958622,6cee4c56-422f-4ba2-ac97-5f87b362a67a,https://musicbrainz.org/artist/6cee4c56-422f-4ba2-ac97-5f87b362a67a,6cee4c56-422f-4ba2-ac97-5f87b362a67a,https://musicbrainz.org/artist/6cee4c56-422f-4ba2-ac97-5f87b362a67a,needs_review,forced_needs_review_candidate_fold,True,0.9707,3.5000,3.5000,5,424,,0,0,0,0,0,1,0,0
Rick McMurray,8b6976fff4c2410b8685ff4783e1d8f2,e0023730-e017-492a-8db8-0fd9d8d17a53,https://musicbrainz.org/artist/e0023730-e017-492a-8db8-0fd9d8d17a53,e0023730-e017-492a-8db8-0fd9d8d17a53,https://musicbrainz.org/artist/e0023730-e017-492a-8db8-0fd9d8d17a53,needs_review,forced_needs_review_candidate_fold,True,0.9707,3.5000,3.5000,4,383,,0,0,0,0,0,1,0,0
Rick Nowels,735fc1b8e0524ae385128a03fd6f48dd,035bc391-d7dd-4a68-8321-fa1e02697fc8,https://musicbrainz.org/artist/035bc391-d7dd-4a68-8321-fa1e02697fc8,035bc391-d7dd-4a68-8321-fa1e02697fc8,https://musicbrainz.org/artist/035bc391-d7dd-4a68-8321-fa1e02697fc8,needs_review,forced_needs_review_candidate_fold,True,0.9707,3.5000,3.5000,4,334,,0,0,0,0,0,1,0,0
Rick Rubin,6076c6a1171d44aa8c4da9dba746e103,07aebfa0-55d6-47e0-a284-12330e3eae0d,https://musicbrainz.org/artist/07aebfa0-55d6-47e0-a284-12330e3eae0d,07aebfa0-55d6-47e0-a284-12330e3eae0d,https://musicbrainz.org/artist/07aebfa0-55d6-47e0-a284-12330e3eae0d,needs_review,forced_needs_review_candidate_fold,True,0.9707,3.5000,3.5000,4,507,,0,0,0,0,0,1,0,0
RJD2,513732a336a74a43b3522027a8611096,1a120ec5-35b3-4f3e-aa49-7201550d9feb,https://musicbrainz.org/artist/1a120ec5-35b3-4f3e-aa49-7201550d9feb,1a120ec5-35b3-4f3e-aa49-7201550d9feb,https://musicbrainz.org/artist/1a120ec5-35b3-4f3e-aa49-7201550d9feb,needs_review,forced_needs_review_candidate_fold,True,0.9707,3.5000,3.5000,3,236,,0,0,1,0,0,0,0,0
Rob Zombie,d7421548029a488ba0012061cb5960ec,c995a379-60b9-404b-bd97-a7e2de0751d3,https://musicbrainz.org/artist/c995a379-60b9-404b-bd97-a7e2de0751d3,c995a379-60b9-404b-bd97-a7e2de0751d3,https://musicbrainz.org/artist/c995a379-60b9-404b-bd97-a7e2de0751d3,needs_review,forced_needs_review_candidate_fold,True,0.9707,3.5000,3.5000,3,249,,0,0,1,0,0,0,0,0
Robbie Chater,741b557983bd4c31837cfd8f933b54ac,e15a7780-cc88-4fbe-b698-65099c009d6b,https://musicbrainz.org/artist/e15a7780-cc88-4fbe-b698-65099c009d6b,e15a7780-cc88-4fbe-b698-65099c009d6b,https://musicbrainz.org/artist/e15a7780-cc88-4fbe-b698-65099c009d6b,needs_review,forced_needs_review_candidate_fold,True,0.9707,3.5000,3.5000,4,333,,0,0,0,0,0,1,0,0
Robbie Leff,024c93a2def24b0e9b441ccf6361626a,4773d0bf-0f40-4a2e-9b8d-1559a4d2a476,https://musicbrainz.org/artist/4773d0bf-0f40-4a2e-9b8d-1559a4d2a476,4773d0bf-0f40-4a2e-9b8d-1559a4d2a476,https://musicbrainz.org/artist/4773d0bf-0f40-4a2e-9b8d-1559a4d2a476,needs_review,forced_needs_review_candidate_fold,True,0.9707,3.5000,3.5000,4,303,,0,0,0,0,0,1,0,0
Robbie Robertson,91e19c91f73e42e38350f118ae2206c7,a0920ae6-2968-4f92-ac14-67448452bd18,https://musicbrainz.org/artist/a0920ae6-2968-4f92-ac14-67448452bd18,a0920ae6-2968-4f92-ac14-67448452bd18,https://musicbrainz.org/artist/a0920ae6-2968-4f92-ac14-67448452bd18,needs_review,forced_needs_review_candidate_fold,True,0.9707,3.5000,3.5000,3,439,,0,0,1,0,0,0,0,0
Robbie Seidman,0e643665f49d4404b4bd0ee1c8a9dcfa,f44b9a8e-ffd4-4c68-a2b8-778dab6f0dbb,https://musicbrainz.org/artist/f44b9a8e-ffd4-4c68-a2b8-778dab6f0dbb,f44b9a8e-ffd4-4c68-a2b8-778dab6f0dbb,https://musicbrainz.org/artist/f44b9a8e-ffd4-4c68-a2b8-778dab6f0dbb,needs_review,forced_needs_review_candidate_fold,True,0.9707,3.5000,3.5000,4,401,,0,0,0,0,0,1,0,0
Robbie van Leeuwen,9b1558c546a14112be11646e654816a9,a8e9957b-09ae-4ec9-aeb2-a4fff78a034a,https://musicbrainz.org/artist/a8e9957b-09ae-4ec9-aeb2-a4fff78a034a,a8e9957b-09ae-4ec9-aeb2-a4fff78a034a,https://musicbrainz.org/artist/a8e9957b-09ae-4ec9-aeb2-a4fff78a034a,needs_review,forced_needs_review_candidate_fold,True,0.9707,3.5000,3.5000,4,363,,0,0,0,0,0,1,0,0
Robby Krieger,06577aa4f7de4cd0bc1fa647a04c7db1,b553f0ad-4543-46f2-88ea-1dc94a11c91a,https://musicbrainz.org/artist/b553f0ad-4543-46f2-88ea-1dc94a11c91a,b553f0ad-4543-46f2-88ea-1dc94a11c91a,https://musicbrainz.org/artist/b553f0ad-4543-46f2-88ea-1dc94a11c91a,needs_review,forced_needs_review_candidate_fold,True,0.9707,3.5000,3.5000,5,653,,0,0,0,0,0,1,0,0
Robert B. Sherman,32775665a79c4def829d17a2e3f7fa80,d378dedb-444f-48f5-a6e6-3e8e31ef6c14,https://musicbrainz.org/artist/d378dedb-444f-48f5-a6e6-3e8e31ef6c14,d378dedb-444f-48f5-a6e6-3e8e31ef6c14,https://musicbrainz.org/artist/d378dedb-444f-48f5-a6e6-3e8e31ef6c14,needs_review,,True,0.5000,0.0000,0.0000,15,839,,0,0,0,0,0,0,0,0
Robert Chevalley,607fc30eeaf640dca14f54d3655c5d28,daf83284-2a0b-4b7b-b251-d6e75a3c6fde,https://musicbrainz.org/artist/daf83284-2a0b-4b7b-b251-d6e75a3c6fde,daf83284-2a0b-4b7b-b251-d6e75a3c6fde,https://musicbrainz.org/artist/daf83284-2a0b-4b7b-b251-d6e75a3c6fde,needs_review,forced_needs_review_candidate_fold,True,0.9707,3.5000,3.5000,4,368,,0,0,0,0,0,1,0,0
Robert E. Clarke,3b4d650818664570ac3a85680c6c1c2e,677d5986-3a0f-4709-8ad6-f9a24bae7a81,https://musicbrainz.org/artist/677d5986-3a0f-4709-8ad6-f9a24bae7a81,677d5986-3a0f-4709-8ad6-f9a24bae7a81,https://musicbrainz.org/artist/677d5986-3a0f-4709-8ad6-f9a24bae7a81,needs_review,forced_needs_review_candidate_fold,True,0.9707,3.5000,3.5000,4,361,,0,0,0,0,0,1,0,0
Robert Lee Castleman,fabfeb9dc4bb488dbea95b0001c2822d,f7494ea2-212b-4f01-9429-b0e5e4b26fa4,https://musicbrainz.org/artist/f7494ea2-212b-4f01-9429-b0e5e4b26fa4,f7494ea2-212b-4f01-9429-b0e5e4b26fa4,https://musicbrainz.org/artist/f7494ea2-212b-4f01-9429-b0e5e4b26fa4,needs_review,forced_needs_review_candidate_fold,True,0.9707,3.5000,3.5000,4,306,,0,0,0,0,0,1,0,0
Robert Plant,f225b7d6e1064ded90fbfc3f39a19085,bd53f9a7-8be9-46b0-bf7d-1deea3cb57bc,https://musicbrainz.org/artist/bd53f9a7-8be9-46b0-bf7d-1deea3cb57bc,bd53f9a7-8be9-46b0-bf7d-1deea3cb57bc,https://musicbrainz.org/artist/bd53f9a7-8be9-46b0-bf7d-1deea3cb57bc,needs_review,forced_needs_review_candidate_fold,True,0.8581,1.8000,1.8000,8,673,,0,0,0,1,0,0,0,0
Robert Poindexter,a6bac23819a3462fa3cd490a4dd1fdf0,f352f6b7-311a-47ba-9c25-7c84618f3f1f,https://musicbrainz.org/artist/f352f6b7-311a-47ba-9c25-7c84618f3f1f,f352f6b7-311a-47ba-9c25-7c84618f3f1f,https://musicbrainz.org/artist/f352f6b7-311a-47ba-9c25-7c84618f3f1f,needs_review,forced_needs_review_candidate_fold,True,0.9707,3.5000,3.5000,4,371,,0,0,0,0,0,1,0,0
Robert Priest,b10024a9f3364b8ca25d69fed2e273b9,fe00090c-f914-4b8e-a053-f373467e9bdc,https://musicbrainz.org/artist/fe00090c-f914-4b8e-a053-f373467e9bdc,fe00090c-f914-4b8e-a053-f373467e9bdc,https://musicbrainz.org/artist/fe00090c-f914-4b8e-a053-f373467e9bdc,needs_review,forced_needs_review_candidate_fold,True,0.9707,3.5000,3.5000,4,371,,0,0,0,0,0,1,0,0
Robert Russel,c015137714b54860bfa0de1ff9445b15,8af88dde-9727-48c0-b066-7bff0b77a347,https://musicbrainz.org/artist/8af88dde-9727-48c0-b066-7bff0b77a347,8af88dde-9727-48c0-b066-7bff0b77a347,https://musicbrainz.org/artist/8af88dde-9727-48c0-b066-7bff0b77a347,needs_review,forced_needs_review_candidate_fold,True,0.9707,3.5000,3.5000,4,365,,0,0,0,0,0,1,0,0
Robert Smith,836cc657e67d4bf586f0696ddcd8742f,7d1a1624-784b-4f89-8ff9-b9b493cd059d,https://musicbrainz.org/artist/7d1a1624-784b-4f89-8ff9-b9b493cd059d,7d1a1624-784b-4f89-8ff9-b9b493cd059d,https://musicbrainz.org/artist/7d1a1624-784b-4f89-8ff9-b9b493cd059d,needs_review,forced_needs_review_candidate_fold,True,0.9707,3.5000,3.5000,32,2799,,0,0,0,0,0,1,0,0
Roberto Guimarães,af216441deb445a2bcf79587670de18e,51801b78-5fa9-4b98-ab8a-fb2deaf63666,https://musicbrainz.org/artist/51801b78-5fa9-4b98-ab8a-fb2deaf63666,51801b78-5fa9-4b98-ab8a-fb2deaf63666,https://musicbrainz.org/artist/51801b78-5fa9-4b98-ab8a-fb2deaf63666,needs_review,forced_needs_review_candidate_fold,True,0.9707,3.5000,3.5000,5,438,,0,0,0,0,0,1,0,0
Robin Gibb,67245cae051f4d84a536e9b86aa873e1,71bcb5be-394c-4c04-bb38-35982e8a94d3,https://musicbrainz.org/artist/71bcb5be-394c-4c04-bb38-35982e8a94d3,71bcb5be-394c-4c04-bb38-35982e8a94d3,https://musicbrainz.org/artist/71bcb5be-394c-4c04-bb38-35982e8a94d3,needs_review,forced_needs_review_candidate_fold,True,0.9707,3.5000,3.5000,3,275,,0,0,1,0,0,0,0,0
Roddy Frame,963f122fdef749e598653e996b50a60a,37fc19c2-055d-4e3b-97b8-ae130a49566e,https://musicbrainz.org/artist/37fc19c2-055d-4e3b-97b8-ae130a49566e,37fc19c2-055d-4e3b-97b8-ae130a49566e,https://musicbrainz.org/artist/37fc19c2-055d-4e3b-97b8-ae130a49566e,needs_review,forced_needs_review_candidate_fold,True,0.9707,3.5000,3.5000,4,419,,0,0,0,0,0,1,0,0
Roddy Radiation,d65a7ab235b94fc1ae4233f779ad7f24,4b77ee87-f413-42cb-860e-854c5e7b3a5a,https://musicbrainz.org/artist/4b77ee87-f413-42cb-860e-854c5e7b3a5a,4b77ee87-f413-42cb-860e-854c5e7b3a5a,https://musicbrainz.org/artist/4b77ee87-f413-42cb-860e-854c5e7b3a5a,needs_review,forced_needs_review_candidate_fold,True,0.9707,3.5000,3.5000,5,487,,0,0,0,0,0,1,0,0
Rodion Konstantinovich Shchedrin,200a68a6e0ee49d485d940a3aeaa71fa,09deb4a5-8746-47f8-b020-cde50023841d,https://musicbrainz.org/artist/09deb4a5-8746-47f8-b020-cde50023841d,09deb4a5-8746-47f8-b020-cde50023841d,https://musicbrainz.org/artist/09deb4a5-8746-47f8-b020-cde50023841d,needs_review,forced_needs_review_candidate_fold,True,0.8581,1.8000,1.8000,6,489,,0,0,0,0,0,0,1,0
Rodney Crowell,7f538ba499ec444f82f3caa2a030c197,a201fa9d-5896-423d-b629-327228c62a7c,https://musicbrainz.org/artist/a201fa9d-5896-423d-b629-327228c62a7c,a201fa9d-5896-423d-b629-327228c62a7c,https://musicbrainz.org/artist/a201fa9d-5896-423d-b629-327228c62a7c,needs_review,forced_needs_review_candidate_fold,True,0.9707,3.5000,3.5000,4,411,,0,0,0,0,0,1,0,0
Roger Miller,aaeef609c4f74680bbb6ef270e28595f,102045e3-577c-4b10-b01b-424b7e461094,https://musicbrainz.org/artist/102045e3-577c-4b10-b01b-424b7e461094,102045e3-577c-4b10-b01b-424b7e461094,https://musicbrainz.org/artist/102045e3-577c-4b10-b01b-424b7e461094,needs_review,forced_needs_review_candidate_fold,True,0.9707,3.5000,3.5000,13,937,,0,0,1,0,0,0,0,0
Roger Murrah,f54fe15878934164b9c65eec2a4512e1,4efc7e14-178d-4abe-9eb0-5fb69c4fb2c7,https://musicbrainz.org/artist/4efc7e14-178d-4abe-9eb0-5fb69c4fb2c7,4efc7e14-178d-4abe-9eb0-5fb69c4fb2c7,https://musicbrainz.org/artist/4efc7e14-178d-4abe-9eb0-5fb69c4fb2c7,needs_review,forced_needs_review_candidate_fold,True,0.9707,3.5000,3.5000,4,417,,0,0,0,0,0,1,0,0
Roger O'Donnell,292e2cede89a465ca99db44b30186b18,23ac4aa8-5af1-4890-b7b9-2c6553b75de3,https://musicbrainz.org/artist/23ac4aa8-5af1-4890-b7b9-2c6553b75de3,23ac4aa8-5af1-4890-b7b9-2c6553b75de3,https://musicbrainz.org/artist/23ac4aa8-5af1-4890-b7b9-2c6553b75de3,needs_review,forced_needs_review_candidate_fold,True,0.9707,3.5000,3.5000,4,379,,0,0,0,0,0,1,0,0
Roger Troutman,c94fbead38cb4ee6a4f134b159a8a12b,1ee7489a-af64-4ca2-9041-c1d8588b3a97,https://musicbrainz.org/artist/1ee7489a-af64-4ca2-9041-c1d8588b3a97,1ee7489a-af64-4ca2-9041-c1d8588b3a97,https://musicbrainz.org/artist/1ee7489a-af64-4ca2-9041-c1d8588b3a97,needs_review,forced_needs_review_candidate_fold,True,0.9707,3.5000,3.5000,5,498,,0,0,0,0,0,1,0,0
Rohin Brown,bfbbd1c32131415b8656f7d6e09e63af,37c5728e-cab5-4ce2-936e-d0a402a933f0,https://musicbrainz.org/artist/37c5728e-cab5-4ce2-936e-d0a402a933f0,37c5728e-cab5-4ce2-936e-d0a402a933f0,https://musicbrainz.org/artist/37c5728e-cab5-4ce2-936e-d0a402a933f0,needs_review,forced_needs_review_candidate_fold,True,0.9707,3.5000,3.5000,4,365,,0,0,0,0,0,1,0,0
Rolf Kempf,c8ef39762e6b4a3b95a1211578634d93,a02439ac-6585-496b-8730-622c7eb73472,https://musicbrainz.org/artist/a02439ac-6585-496b-8730-622c7eb73472,a02439ac-6585-496b-8730-622c7eb73472,https://musicbrainz.org/artist/a02439ac-6585-496b-8730-622c7eb73472,needs_review,forced_needs_review_candidate_fold,True,0.9707,3.5000,3.5000,4,408,,0,0,0,0,0,1,0,0
Ron Block,2eda71454b174f2c9e82dd64897894c7,2146d427-a530-446b-8bf9-ba5623cbda1c,https://musicbrainz.org/artist/2146d427-a530-446b-8bf9-ba5623cbda1c,2146d427-a530-446b-8bf9-ba5623cbda1c,https://musicbrainz.org/artist/2146d427-a530-446b-8bf9-ba5623cbda1c,needs_review,forced_needs_review_candidate_fold,True,0.9707,3.5000,3.5000,4,364,,0,0,0,0,0,1,0,0
Ron Ford,789af367722d41168b3232f622054174,e78768be-5288-41cb-988f-4aa644fbbe06,https://musicbrainz.org/artist/e78768be-5288-41cb-988f-4aa644fbbe06,e78768be-5288-41cb-988f-4aa644fbbe06,https://musicbrainz.org/artist/e78768be-5288-41cb-988f-4aa644fbbe06,needs_review,forced_needs_review_candidate_fold,True,0.9707,3.5000,3.5000,6,577,,0,0,0,0,0,1,0,0
Ron Miller,5697a7ff508e42e6956dbc6e6cded918,cfb6ff84-a205-41ad-90af-a8e24cfd1583,https://musicbrainz.org/artist/cfb6ff84-a205-41ad-90af-a8e24cfd1583,4567d07c-8e2c-4197-9d63-81ae4f04ee44,https://musicbrainz.org/artist/4567d07c-8e2c-4197-9d63-81ae4f04ee44,needs_review,forced_needs_review_candidate_fold,False,0.9707,3.5000,3.5000,13,1275,,0,0,0,0,0,1,0,0
Ronnie Shannon,d44fd27b19db4d04a1c21849e1ce6119,5268b97f-ed66-47cf-bd29-ab90237e183e,https://musicbrainz.org/artist/5268b97f-ed66-47cf-bd29-ab90237e183e,5268b97f-ed66-47cf-bd29-ab90237e183e,https://musicbrainz.org/artist/5268b97f-ed66-47cf-bd29-ab90237e183e,needs_review,forced_needs_review_candidate_fold,True,0.9707,3.5000,3.5000,4,690,,0,0,0,0,0,1,0,0
Rosa Lee Watson,be8c489095ae4ba6a55e5cec9276f1ea,0a3434a5-b45b-429e-889f-19c75294b8ea,https://musicbrainz.org/artist/0a3434a5-b45b-429e-889f-19c75294b8ea,0a3434a5-b45b-429e-889f-19c75294b8ea,https://musicbrainz.org/artist/0a3434a5-b45b-429e-889f-19c75294b8ea,needs_review,forced_needs_review_candidate_fold,True,0.9707,3.5000,3.5000,4,392,,0,0,0,0,0,1,0,0
Rosemary Hans,adff3cf5684c4ffa950b27e56c906355,9150124b-3a25-4eb1-9756-cfdf803220a2,https://musicbrainz.org/artist/9150124b-3a25-4eb1-9756-cfdf803220a2,9150124b-3a25-4eb1-9756-cfdf803220a2,https://musicbrainz.org/artist/9150124b-3a25-4eb1-9756-cfdf803220a2,needs_review,forced_needs_review_candidate_fold,True,0.9707,3.5000,3.5000,3,244,,0,0,1,0,0,0,0,0
Rowland Salley,4c771dbe4c03485ba2ff6830d34649b0,52ce5a2f-cba5-4dcd-ace0-676f8e43c91f,https://musicbrainz.org/artist/52ce5a2f-cba5-4dcd-ace0-676f8e43c91f,52ce5a2f-cba5-4dcd-ace0-676f8e43c91f,https://musicbrainz.org/artist/52ce5a2f-cba5-4dcd-ace0-676f8e43c91f,needs_review,forced_needs_review_candidate_fold,True,0.9707,3.5000,3.5000,4,347,,0,0,0,0,0,1,0,0
Roy Alfred,ff259ece800346f1a416c434ae64248a,fa49956a-ab48-48e5-984c-bb8c9375967b,https://musicbrainz.org/artist/fa49956a-ab48-48e5-984c-bb8c9375967b,fa49956a-ab48-48e5-984c-bb8c9375967b,https://musicbrainz.org/artist/fa49956a-ab48-48e5-984c-bb8c9375967b,needs_review,forced_needs_review_candidate_fold,True,0.9707,3.5000,3.5000,4,437,,0,0,0,0,0,1,0,0
Roy Gaines,edc50509d46c47419eded3e08fba964d,32426915-e857-41a1-bfaa-63c9f4ec3f5f,https://musicbrainz.org/artist/32426915-e857-41a1-bfaa-63c9f4ec3f5f,32426915-e857-41a1-bfaa-63c9f4ec3f5f,https://musicbrainz.org/artist/32426915-e857-41a1-bfaa-63c9f4ec3f5f,needs_review,forced_needs_review_candidate_fold,True,0.9707,3.5000,3.5000,3,256,,0,0,1,0,0,0,0,0
Roy Kerr,27b86b0c33d24952b889f800c7284f83,efee3561-ba65-466f-89ce-e275f9d0a8e4,https://musicbrainz.org/artist/efee3561-ba65-466f-89ce-e275f9d0a8e4,efee3561-ba65-466f-89ce-e275f9d0a8e4,https://musicbrainz.org/artist/efee3561-ba65-466f-89ce-e275f9d0a8e4,needs_review,forced_needs_review_candidate_fold,True,0.9707,3.5000,3.5000,4,434,,0,0,0,0,0,1,0,0
Roy Little,e21ff58c02d04b4aae043eb6a5c09e37,0f9b1614-063c-4adc-86c8-4e9d7f81ccb6,https://musicbrainz.org/artist/0f9b1614-063c-4adc-86c8-4e9d7f81ccb6,0f9b1614-063c-4adc-86c8-4e9d7f81ccb6,https://musicbrainz.org/artist/0f9b1614-063c-4adc-86c8-4e9d7f81ccb6,needs_review,forced_needs_review_candidate_fold,True,0.9707,3.5000,3.5000,6,514,,0,0,0,0,0,1,0,0
Roy Moller,2c57ff50da75491589c106197b0bde1f,d0d41977-55ea-42a0-bcc0-e21f870c62e4,https://musicbrainz.org/artist/d0d41977-55ea-42a0-bcc0-e21f870c62e4,d0d41977-55ea-42a0-bcc0-e21f870c62e4,https://musicbrainz.org/artist/d0d41977-55ea-42a0-bcc0-e21f870c62e4,needs_review,forced_needs_review_candidate_fold,True,0.9707,3.5000,3.5000,5,482,,0,0,0,0,0,1,0,0
Royal Brassband From Arcen With Tambours,8b4d7f7494c64641a217f9d3c3518aa7,0afa3497-e0df-4ea6-9c43-be17b83f2212,https://musicbrainz.org/artist/0afa3497-e0df-4ea6-9c43-be17b83f2212,0afa3497-e0df-4ea6-9c43-be17b83f2212,https://musicbrainz.org/artist/0afa3497-e0df-4ea6-9c43-be17b83f2212,needs_review,forced_needs_review_candidate_fold,True,0.9707,3.5000,3.5000,3,207,,0,0,1,0,0,0,0,0
Run-D.M.C.,d44d2126920f45b69f998c44ba90dee7,5ecc3f72-20a6-47a0-8dc5-fb0b3dadeea0,https://musicbrainz.org/artist/5ecc3f72-20a6-47a0-8dc5-fb0b3dadeea0,5ecc3f72-20a6-47a0-8dc5-fb0b3dadeea0,https://musicbrainz.org/artist/5ecc3f72-20a6-47a0-8dc5-fb0b3dadeea0,needs_review,forced_needs_review_candidate_fold,True,0.9707,3.5000,3.5000,4,597,,0,0,1,0,0,0,0,0
Russell Pritchard,7ae69281ce094094bc3b85d7bdb3447f,79f1c0f4-6583-4ad7-b526-172fbc48deda,https://musicbrainz.org/artist/79f1c0f4-6583-4ad7-b526-172fbc48deda,79f1c0f4-6583-4ad7-b526-172fbc48deda,https://musicbrainz.org/artist/79f1c0f4-6583-4ad7-b526-172fbc48deda,needs_review,forced_needs_review_candidate_fold,True,0.9707,3.5000,3.5000,4,373,,0,0,0,0,0,1,0,0
Ruthann Friedman,7e63d5c37d824120b60b67f1d384b9ca,dd61f85c-b76c-406f-99c9-ebf2beb4b8ac,https://musicbrainz.org/artist/dd61f85c-b76c-406f-99c9-ebf2beb4b8ac,dd61f85c-b76c-406f-99c9-ebf2beb4b8ac,https://musicbrainz.org/artist/dd61f85c-b76c-406f-99c9-ebf2beb4b8ac,needs_review,forced_needs_review_candidate_fold,True,0.9707,3.5000,3.5000,4,373,,0,0,0,0,0,1,0,0
Ryan Tedder,6990268f44b34068bad87a9adef117df,0bc6d6e7-0858-4b73-a079-7aa681095f98,https://musicbrainz.org/artist/0bc6d6e7-0858-4b73-a079-7aa681095f98,0bc6d6e7-0858-4b73-a079-7aa681095f98,https://musicbrainz.org/artist/0bc6d6e7-0858-4b73-a079-7aa681095f98,needs_review,forced_needs_review_candidate_fold,True,0.9707,3.5000,3.5000,4,463,,0,0,0,0,0,1,0,0
Régine Chassagne,ae2cdb349f3847a184815e574dae643a,1816f144-284b-4bca-bb70-05b1402fadeb,https://musicbrainz.org/artist/1816f144-284b-4bca-bb70-05b1402fadeb,1816f144-284b-4bca-bb70-05b1402fadeb,https://musicbrainz.org/artist/1816f144-284b-4bca-bb70-05b1402fadeb,needs_review,forced_needs_review_candidate_fold,True,0.9707,3.5000,3.5000,4,332,,0,0,0,0,0,1,0,0
Sabelle,9749f936e18e4c20962e8e7023d567f3,4df829be-90cb-4767-a13b-700e8c20426d,https://musicbrainz.org/artist/4df829be-90cb-4767-a13b-700e8c20426d,4df829be-90cb-4767-a13b-700e8c20426d,https://musicbrainz.org/artist/4df829be-90cb-4767-a13b-700e8c20426d,needs_review,forced_needs_review_candidate_fold,True,0.9707,3.5000,3.5000,5,533,,0,0,0,0,0,1,0,0
Sacha Skarbek,f4fbc2b3217c4103a6e1f69515736d30,74576cc1-88be-4a39-866a-ddb331db06cf,https://musicbrainz.org/artist/74576cc1-88be-4a39-866a-ddb331db06cf,74576cc1-88be-4a39-866a-ddb331db06cf,https://musicbrainz.org/artist/74576cc1-88be-4a39-866a-ddb331db06cf,needs_review,forced_needs_review_candidate_fold,True,0.9707,3.5000,3.5000,4,428,,0,0,0,0,0,1,0,0
Sadat X,d334f2936ff047098701de0f91d2cf06,bd6f11fd-b4a8-42bd-9a6b-d1cc3616a6d4,https://musicbrainz.org/artist/bd6f11fd-b4a8-42bd-9a6b-d1cc3616a6d4,bd6f11fd-b4a8-42bd-9a6b-d1cc3616a6d4,https://musicbrainz.org/artist/bd6f11fd-b4a8-42bd-9a6b-d1cc3616a6d4,needs_review,forced_needs_review_candidate_fold,True,0.9707,3.5000,3.5000,4,364,,0,0,0,0,0,1,0,0
Saint Etienne,0bd0255286fd41949db95542b387c878,3997d4a6-c2bd-4191-8406-eb07f0abb5d2,https://musicbrainz.org/artist/3997d4a6-c2bd-4191-8406-eb07f0abb5d2,3997d4a6-c2bd-4191-8406-eb07f0abb5d2,https://musicbrainz.org/artist/3997d4a6-c2bd-4191-8406-eb07f0abb5d2,needs_review,forced_needs_review_candidate_fold,True,0.9707,3.5000,3.5000,8,567,,0,0,1,0,0,0,0,0
Salaam Remi,e7b98e8a7e6e45d1ad91a81272be657e,9b5cec21-c18d-498c-afbd-67db0e80e8e9,https://musicbrainz.org/artist/9b5cec21-c18d-498c-afbd-67db0e80e8e9,9b5cec21-c18d-498c-afbd-67db0e80e8e9,https://musicbrainz.org/artist/9b5cec21-c18d-498c-afbd-67db0e80e8e9,needs_review,forced_needs_review_candidate_fold,True,0.9707,3.5000,3.5000,9,617,,0,0,0,0,0,1,0,0
Sam Cooke,3a6d11f1be14400fbc6ea3469a65b4e0,6c8fd0be-d961-454c-aee0-4366a6dbc993,https://musicbrainz.org/artist/6c8fd0be-d961-454c-aee0-4366a6dbc993,6c8fd0be-d961-454c-aee0-4366a6dbc993,https://musicbrainz.org/artist/6c8fd0be-d961-454c-aee0-4366a6dbc993,needs_review,forced_needs_review_candidate_fold,True,0.8581,1.8000,1.8000,6,457,,0,0,0,1,0,0,0,0
Sam Phillips,f9dda745a3cb48aab8c3c541c32ff295,225bf078-adde-4b2a-8a05-b0057e89af44,https://musicbrainz.org/artist/225bf078-adde-4b2a-8a05-b0057e89af44,225bf078-adde-4b2a-8a05-b0057e89af44,https://musicbrainz.org/artist/225bf078-adde-4b2a-8a05-b0057e89af44,needs_review,forced_needs_review_candidate_fold,True,0.9707,3.5000,3.5000,5,395,,0,0,1,0,0,0,0,0
Sammy Cahn,77da403007d742e9a2cfd10775a2f6bc,5fd5aa4f-02b0-4747-ad4c-8a3b4f0f3f79,https://musicbrainz.org/artist/5fd5aa4f-02b0-4747-ad4c-8a3b4f0f3f79,5fd5aa4f-02b0-4747-ad4c-8a3b4f0f3f79,https://musicbrainz.org/artist/5fd5aa4f-02b0-4747-ad4c-8a3b4f0f3f79,needs_review,forced_needs_review_candidate_fold,True,0.9707,3.5000,3.5000,15,931,,0,0,0,0,0,1,0,0
Sammy Fain,7c2b3da8094f42d0b42e5f53e8b62e24,19cd620e-3fcf-4081-b5f4-e8714dc021fd,https://musicbrainz.org/artist/19cd620e-3fcf-4081-b5f4-e8714dc021fd,19cd620e-3fcf-4081-b5f4-e8714dc021fd,https://musicbrainz.org/artist/19cd620e-3fcf-4081-b5f4-e8714dc021fd,needs_review,,True,0.5000,0.0000,0.0000,15,837,,0,0,0,0,0,0,0,0
Samuel Dixon,2eff12719d964203886910f2a065adda,3471bf27-b117-4eba-899f-ea17d304fc46,https://musicbrainz.org/artist/3471bf27-b117-4eba-899f-ea17d304fc46,3471bf27-b117-4eba-899f-ea17d304fc46,https://musicbrainz.org/artist/3471bf27-b117-4eba-899f-ea17d304fc46,needs_review,forced_needs_review_candidate_fold,True,0.9707,3.5000,3.5000,4,390,,0,0,0,0,0,1,0,0
Sara Dallin,2e56ffec5fc2476bab053746a8a48da3,619215ba-23f8-49f8-9b78-08bd680e4611,https://musicbrainz.org/artist/619215ba-23f8-49f8-9b78-08bd680e4611,619215ba-23f8-49f8-9b78-08bd680e4611,https://musicbrainz.org/artist/619215ba-23f8-49f8-9b78-08bd680e4611,needs_review,forced_needs_review_candidate_fold,True,0.9707,3.5000,3.5000,4,312,,0,0,0,0,0,1,0,0
Sarah Brightman,5983db79d8d74db8b8d8ede93b0defd2,896f0194-8ab2-4278-81e0-c56a0444b569,https://musicbrainz.org/artist/896f0194-8ab2-4278-81e0-c56a0444b569,896f0194-8ab2-4278-81e0-c56a0444b569,https://musicbrainz.org/artist/896f0194-8ab2-4278-81e0-c56a0444b569,needs_review,forced_needs_review_candidate_fold,True,0.9707,3.5000,3.5000,3,322,,0,0,1,0,0,0,0,0
Sarah Martin,7458da28291b4357ba9a788bd29337f6,4df81147-7215-406e-98d8-1031d1866970,https://musicbrainz.org/artist/4df81147-7215-406e-98d8-1031d1866970,b97377be-453d-4a1b-b40e-72cff3cfefd4,https://musicbrainz.org/artist/b97377be-453d-4a1b-b40e-72cff3cfefd4,needs_review,forced_needs_review_candidate_fold,False,0.9707,3.5000,3.5000,11,815,,0,0,0,0,0,1,0,0
Sarah McLachlan,f3b144cceec14002ac551d9c3b2e3617,ce58d854-7430-4231-aa44-97f0144b3372,https://musicbrainz.org/artist/ce58d854-7430-4231-aa44-97f0144b3372,ce58d854-7430-4231-aa44-97f0144b3372,https://musicbrainz.org/artist/ce58d854-7430-4231-aa44-97f0144b3372,needs_review,forced_needs_review_candidate_fold,True,0.9707,3.5000,3.5000,4,322,,1,0,0,0,0,0,0,0
Sarah Siskind,6c5e0a252be442a3859749e9f9a5feb5,a8b7a46e-86a0-4cc1-bf5f-0063359135d4,https://musicbrainz.org/artist/a8b7a46e-86a0-4cc1-bf5f-0063359135d4,a8b7a46e-86a0-4cc1-bf5f-0063359135d4,https://musicbrainz.org/artist/a8b7a46e-86a0-4cc1-bf5f-0063359135d4,needs_review,forced_needs_review_candidate_fold,True,0.9707,3.5000,3.5000,4,421,,0,0,0,0,0,1,0,0
Scott Dibble,e729cd97a56848a586af58f2bb1aeecd,3369bbf2-6726-44e0-b31a-1ff6af0f10b0,https://musicbrainz.org/artist/3369bbf2-6726-44e0-b31a-1ff6af0f10b0,3369bbf2-6726-44e0-b31a-1ff6af0f10b0,https://musicbrainz.org/artist/3369bbf2-6726-44e0-b31a-1ff6af0f10b0,needs_review,forced_needs_review_candidate_fold,True,0.9707,3.5000,3.5000,4,326,,0,0,0,0,0,1,0,0
Seal,6e04cc5c1b6b4c4890c023a417832fd1,f053ae01-dae6-4aae-9883-e8c279fdbef4,https://musicbrainz.org/artist/f053ae01-dae6-4aae-9883-e8c279fdbef4,f053ae01-dae6-4aae-9883-e8c279fdbef4,https://musicbrainz.org/artist/f053ae01-dae6-4aae-9883-e8c279fdbef4,needs_review,forced_needs_review_candidate_fold,True,0.8581,1.8000,1.8000,7,659,,0,1,0,0,0,0,0,0
Sean Hall,2d1013a388b4487f911c6466a02874dd,ebfe846f-63ec-4b79-b50a-b8024c6a651e,https://musicbrainz.org/artist/ebfe846f-63ec-4b79-b50a-b8024c6a651e,ebfe846f-63ec-4b79-b50a-b8024c6a651e,https://musicbrainz.org/artist/ebfe846f-63ec-4b79-b50a-b8024c6a651e,needs_review,forced_needs_review_candidate_fold,True,0.9707,3.5000,3.5000,5,398,,0,0,0,0,0,1,0,0
Sean Kinney,24d30fe02709481b958abda197cb8faf,4c7df96e-d3d4-4618-b232-89c82050331a,https://musicbrainz.org/artist/4c7df96e-d3d4-4618-b232-89c82050331a,4c7df96e-d3d4-4618-b232-89c82050331a,https://musicbrainz.org/artist/4c7df96e-d3d4-4618-b232-89c82050331a,needs_review,forced_needs_review_candidate_fold,True,0.9707,3.5000,3.5000,4,361,,0,0,0,0,0,1,0,0
Sean Payne,8c157e43205a4769b1f5df9c9d6350b5,320296be-a64b-4232-899a-03f7b1620e1a,https://musicbrainz.org/artist/320296be-a64b-4232-899a-03f7b1620e1a,1e7d1996-a841-4442-94c5-e6cbd397971b,https://musicbrainz.org/artist/1e7d1996-a841-4442-94c5-e6cbd397971b,needs_review,forced_needs_review_candidate_fold,False,0.9707,3.5000,3.5000,7,706,,0,0,0,0,0,1,0,0
Serge Côté,51dc3023d5424748869742f4d69d624d,4b2ab64f-59ac-4091-968a-34064f0fd55f,https://musicbrainz.org/artist/4b2ab64f-59ac-4091-968a-34064f0fd55f,4b2ab64f-59ac-4091-968a-34064f0fd55f,https://musicbrainz.org/artist/4b2ab64f-59ac-4091-968a-34064f0fd55f,needs_review,forced_needs_review_candidate_fold,True,0.8581,1.8000,1.8000,6,455,,0,0,0,0,0,0,1,0
Serge Gainsbourg,c5880065469540c6bec66291e597c561,b21ef19b-c6aa-4775-90d3-3cc3e067ce6d,https://musicbrainz.org/artist/b21ef19b-c6aa-4775-90d3-3cc3e067ce6d,b21ef19b-c6aa-4775-90d3-3cc3e067ce6d,https://musicbrainz.org/artist/b21ef19b-c6aa-4775-90d3-3cc3e067ce6d,needs_review,forced_needs_review_candidate_fold,True,0.8581,1.8000,1.8000,5,434,,0,0,0,1,0,0,0,0
Sergei Vasilievich Rachmaninoff,a10283af7f86435b825a1f70e9ae1ebc,44b16e44-da77-4580-b851-0d765904573e,https://musicbrainz.org/artist/44b16e44-da77-4580-b851-0d765904573e,44b16e44-da77-4580-b851-0d765904573e,https://musicbrainz.org/artist/44b16e44-da77-4580-b851-0d765904573e,needs_review,forced_needs_review_candidate_fold,True,0.8581,1.8000,1.8000,6,436,,0,0,0,0,0,0,1,0
Sevyn Streeter,cbd73a405dc642168bb3ff065de365ee,ec3e1298-23c5-4c39-bb2b-ae6a588afdeb,https://musicbrainz.org/artist/ec3e1298-23c5-4c39-bb2b-ae6a588afdeb,ec3e1298-23c5-4c39-bb2b-ae6a588afdeb,https://musicbrainz.org/artist/ec3e1298-23c5-4c39-bb2b-ae6a588afdeb,needs_review,forced_needs_review_candidate_fold,True,0.9707,3.5000,3.5000,4,342,,0,0,0,0,0,1,0,0
Shawn Colvin,8afee7b607354d8381414116642a4766,42222090-c5e5-4243-8582-c29bc8b63ec6,https://musicbrainz.org/artist/42222090-c5e5-4243-8582-c29bc8b63ec6,42222090-c5e5-4243-8582-c29bc8b63ec6,https://musicbrainz.org/artist/42222090-c5e5-4243-8582-c29bc8b63ec6,needs_review,forced_needs_review_candidate_fold,True,0.9707,3.5000,3.5000,3,242,,0,0,1,0,0,0,0,0
Shellback,b3e233932c7f423a99ce8f1c5848e070,ed58ed4e-fd99-4903-878b-7518f4d7465a,https://musicbrainz.org/artist/ed58ed4e-fd99-4903-878b-7518f4d7465a,ed58ed4e-fd99-4903-878b-7518f4d7465a,https://musicbrainz.org/artist/ed58ed4e-fd99-4903-878b-7518f4d7465a,needs_review,forced_needs_review_candidate_fold,True,0.9707,3.5000,3.5000,4,443,,0,0,0,0,0,1,0,0
Shux,482c6f9fc6334c7cbe89c171513983b6,bdead858-c25f-4798-a5ad-e5fb42d88ec5,https://musicbrainz.org/artist/bdead858-c25f-4798-a5ad-e5fb42d88ec5,3da7c19e-9e09-41c3-8420-d834f6c95f51,https://musicbrainz.org/artist/3da7c19e-9e09-41c3-8420-d834f6c95f51,needs_review,forced_needs_review_candidate_fold,False,0.9707,3.5000,3.5000,7,630,,0,0,0,0,0,1,0,0
Sidney Cox,c61a0a3a5e8a44d1853e04715dda5cc4,76d990f8-18a9-424c-a1b7-a934458a898c,https://musicbrainz.org/artist/76d990f8-18a9-424c-a1b7-a934458a898c,76d990f8-18a9-424c-a1b7-a934458a898c,https://musicbrainz.org/artist/76d990f8-18a9-424c-a1b7-a934458a898c,needs_review,forced_needs_review_candidate_fold,True,0.9707,3.5000,3.5000,4,358,,0,0,0,0,0,1,0,0
Simon Gallup,6e619ac54fa54563b4bb3a12b30a6662,48555d10-ded8-4172-a737-33bffc0125d5,https://musicbrainz.org/artist/48555d10-ded8-4172-a737-33bffc0125d5,48555d10-ded8-4172-a737-33bffc0125d5,https://musicbrainz.org/artist/48555d10-ded8-4172-a737-33bffc0125d5,needs_review,forced_needs_review_candidate_fold,True,0.9707,3.5000,3.5000,4,345,,0,0,0,0,0,1,0,0
Simon Triebel,e1acc9bcc81c469091e3d6b172c63f31,1080c481-b7ae-48cb-ab6f-2b1ccb7931ef,https://musicbrainz.org/artist/1080c481-b7ae-48cb-ab6f-2b1ccb7931ef,1080c481-b7ae-48cb-ab6f-2b1ccb7931ef,https://musicbrainz.org/artist/1080c481-b7ae-48cb-ab6f-2b1ccb7931ef,needs_review,forced_needs_review_candidate_fold,True,0.9707,3.5000,3.5000,4,415,,0,0,0,0,0,1,0,0
Siobhan Fahey,51d7ea699c7744feba318db209c33940,1c446355-9afe-4af7-b7a6-c4e66d6d1722,https://musicbrainz.org/artist/1c446355-9afe-4af7-b7a6-c4e66d6d1722,1c446355-9afe-4af7-b7a6-c4e66d6d1722,https://musicbrainz.org/artist/1c446355-9afe-4af7-b7a6-c4e66d6d1722,needs_review,forced_needs_review_candidate_fold,True,0.9707,3.5000,3.5000,4,338,,0,0,0,0,0,1,0,0
Slash,e657db4fc41d49398cb3f431813cb191,5e7a7026-dfc5-4aba-8496-95140716f3db,https://musicbrainz.org/artist/5e7a7026-dfc5-4aba-8496-95140716f3db,5e7a7026-dfc5-4aba-8496-95140716f3db,https://musicbrainz.org/artist/5e7a7026-dfc5-4aba-8496-95140716f3db,needs_review,forced_needs_review_candidate_fold,True,0.9707,3.5000,3.5000,23,1602,,0,0,1,0,0,0,0,0
Sophie Milman,1f4f3dfa48d641ab936e911676cb5583,bd3deba0-d5f7-4c67-b840-36ce967b035b,https://musicbrainz.org/artist/bd3deba0-d5f7-4c67-b840-36ce967b035b,bd3deba0-d5f7-4c67-b840-36ce967b035b,https://musicbrainz.org/artist/bd3deba0-d5f7-4c67-b840-36ce967b035b,needs_review,forced_needs_review_candidate_fold,True,0.9707,3.5000,3.5000,3,225,,0,0,1,0,0,0,0,0
Space Jam,f3901843b82f438c9629f76069dc7c1f,0ad0d7d9-9308-4132-b104-990168ec405f,https://musicbrainz.org/artist/0ad0d7d9-9308-4132-b104-990168ec405f,0ad0d7d9-9308-4132-b104-990168ec405f,https://musicbrainz.org/artist/0ad0d7d9-9308-4132-b104-990168ec405f,needs_review,forced_needs_review_candidate_fold,True,0.9707,3.5000,3.5000,5,464,,0,0,1,0,0,0,0,0
Stan Getz,ea9e240a1603459eb729e85f3ecd8ab4,8f2422ab-0ec6-4c92-80c4-afe9622fab32,https://musicbrainz.org/artist/8f2422ab-0ec6-4c92-80c4-afe9622fab32,8f2422ab-0ec6-4c92-80c4-afe9622fab32,https://musicbrainz.org/artist/8f2422ab-0ec6-4c92-80c4-afe9622fab32,needs_review,forced_needs_review_candidate_fold,True,0.9707,3.5000,3.5000,5,479,,1,0,0,0,0,0,0,0
Stefan Skarbek,bdfc23794c2947cb8cb48a12d6e16117,f9e3b5ee-4c06-486e-b7ff-69ffb2a36d34,https://musicbrainz.org/artist/f9e3b5ee-4c06-486e-b7ff-69ffb2a36d34,f9e3b5ee-4c06-486e-b7ff-69ffb2a36d34,https://musicbrainz.org/artist/f9e3b5ee-4c06-486e-b7ff-69ffb2a36d34,needs_review,forced_needs_review_candidate_fold,True,0.9707,3.5000,3.5000,9,536,,0,0,0,0,0,1,0,0
Stephen Duffy,c7d982112afe47959dbde0918ceb1fb2,a0580131-73f3-49c8-aac5-2c478f64a363,https://musicbrainz.org/artist/a0580131-73f3-49c8-aac5-2c478f64a363,a0580131-73f3-49c8-aac5-2c478f64a363,https://musicbrainz.org/artist/a0580131-73f3-49c8-aac5-2c478f64a363,needs_review,forced_needs_review_candidate_fold,True,0.9707,3.5000,3.5000,4,288,,0,0,1,0,0,0,0,0
Stephen Marley,14d1c869506c46349eddd3dc65f7f200,99298e13-87d6-4f0c-9334-d327d73f83c0,https://musicbrainz.org/artist/99298e13-87d6-4f0c-9334-d327d73f83c0,99298e13-87d6-4f0c-9334-d327d73f83c0,https://musicbrainz.org/artist/99298e13-87d6-4f0c-9334-d327d73f83c0,needs_review,forced_needs_review_candidate_fold,True,0.9707,3.5000,3.5000,5,525,,0,0,0,0,0,1,0,0
Stephen Singleton,b2bd0f405fe348138cb90660d725509f,d2c42bbd-5d4b-4d7d-acee-9c117cc2675d,https://musicbrainz.org/artist/d2c42bbd-5d4b-4d7d-acee-9c117cc2675d,d2c42bbd-5d4b-4d7d-acee-9c117cc2675d,https://musicbrainz.org/artist/d2c42bbd-5d4b-4d7d-acee-9c117cc2675d,needs_review,forced_needs_review_candidate_fold,True,0.9707,3.5000,3.5000,4,432,,0,0,0,0,0,1,0,0
Stephen Stills,c29a906f2ce54d68b2e32259a33689a1,5642774a-72c0-4099-8da4-7c1ab36378a8,https://musicbrainz.org/artist/5642774a-72c0-4099-8da4-7c1ab36378a8,5642774a-72c0-4099-8da4-7c1ab36378a8,https://musicbrainz.org/artist/5642774a-72c0-4099-8da4-7c1ab36378a8,needs_review,forced_needs_review_candidate_fold,True,0.9707,3.5000,3.5000,9,809,,0,0,0,0,0,1,0,0
Stereolab,dc5cb9d579b443c3b3e64b02740c232e,f1df0431-9250-4ec8-95d8-f19ce7cf7fb6,https://musicbrainz.org/artist/f1df0431-9250-4ec8-95d8-f19ce7cf7fb6,f1df0431-9250-4ec8-95d8-f19ce7cf7fb6,https://musicbrainz.org/artist/f1df0431-9250-4ec8-95d8-f19ce7cf7fb6,needs_review,forced_needs_review_candidate_fold,True,0.9707,3.5000,3.5000,3,232,,0,0,1,0,0,0,0,0
Steve Cropper,778f31957f654c10b4827f2ebb69835d,4387a8ed-8a80-453c-a863-73dc0b23900c,https://musicbrainz.org/artist/4387a8ed-8a80-453c-a863-73dc0b23900c,4387a8ed-8a80-453c-a863-73dc0b23900c,https://musicbrainz.org/artist/4387a8ed-8a80-453c-a863-73dc0b23900c,needs_review,forced_needs_review_candidate_fold,True,0.9707,3.5000,3.5000,4,642,,0,0,0,0,0,1,0,0
Steve Dudas,e4f37e09f80e448399b92856702a509f,9265b7cb-e01b-4125-9ed8-3851fac9f8fb,https://musicbrainz.org/artist/9265b7cb-e01b-4125-9ed8-3851fac9f8fb,9265b7cb-e01b-4125-9ed8-3851fac9f8fb,https://musicbrainz.org/artist/9265b7cb-e01b-4125-9ed8-3851fac9f8fb,needs_review,forced_needs_review_candidate_fold,True,0.9707,3.5000,3.5000,4,625,,0,0,0,0,0,1,0,0
Steve Hammond,c489422f54fe4031abff0a0301e65ce6,302758aa-8259-4ab8-8aa4-dd01b574c3fd,https://musicbrainz.org/artist/302758aa-8259-4ab8-8aa4-dd01b574c3fd,302758aa-8259-4ab8-8aa4-dd01b574c3fd,https://musicbrainz.org/artist/302758aa-8259-4ab8-8aa4-dd01b574c3fd,needs_review,forced_needs_review_candidate_fold,True,0.9707,3.5000,3.5000,5,530,,0,0,0,0,0,1,0,0
Steve Jolley,9d9af67df5a943cdb314bf9815f49d4a,67c90f8c-b7e4-4447-a854-5d9a3e95ea9f,https://musicbrainz.org/artist/67c90f8c-b7e4-4447-a854-5d9a3e95ea9f,67c90f8c-b7e4-4447-a854-5d9a3e95ea9f,https://musicbrainz.org/artist/67c90f8c-b7e4-4447-a854-5d9a3e95ea9f,needs_review,forced_needs_review_candidate_fold,True,0.9707,3.5000,3.5000,4,464,,0,0,0,0,0,1,0,0
Steve Lukather,8a37224bd3ea4e73b45c0a0f97d48e4e,bd268536-b428-4e8f-b358-77b0622b62ff,https://musicbrainz.org/artist/bd268536-b428-4e8f-b358-77b0622b62ff,bd268536-b428-4e8f-b358-77b0622b62ff,https://musicbrainz.org/artist/bd268536-b428-4e8f-b358-77b0622b62ff,needs_review,forced_needs_review_candidate_fold,True,0.9707,3.5000,3.5000,4,590,,0,0,0,0,0,1,0,0
Steve Miller,987767e46a734425b1131c398b57cb48,a54d9cd2-1359-4ea3-98a1-fe068fc66814,https://musicbrainz.org/artist/a54d9cd2-1359-4ea3-98a1-fe068fc66814,a54d9cd2-1359-4ea3-98a1-fe068fc66814,https://musicbrainz.org/artist/a54d9cd2-1359-4ea3-98a1-fe068fc66814,needs_review,forced_needs_review_candidate_fold,True,0.9707,3.5000,3.5000,21,2245,,0,0,1,0,0,0,0,0
Steve Miller Band,e9c815fc28f0439283c03c6ab20426be,e57f0cac-4f56-473c-8d7e-d93f753fd586,https://musicbrainz.org/artist/e57f0cac-4f56-473c-8d7e-d93f753fd586,e57f0cac-4f56-473c-8d7e-d93f753fd586,https://musicbrainz.org/artist/e57f0cac-4f56-473c-8d7e-d93f753fd586,needs_review,forced_needs_review_candidate_fold,True,0.9707,3.5000,3.5000,4,311,,0,0,1,0,0,0,0,0
Steve Roberts,e9ce05d6a1db4aabb4cf6e7ed9cee199,1668ea95-b3f7-4743-adc6-cfb7064a21ca,https://musicbrainz.org/artist/1668ea95-b3f7-4743-adc6-cfb7064a21ca,24a72c56-bdc2-4815-9c4e-64d63100b024,https://musicbrainz.org/artist/24a72c56-bdc2-4815-9c4e-64d63100b024,needs_review,forced_needs_review_candidate_fold,False,0.9707,3.5000,3.5000,18,1726,,0,0,0,0,0,1,0,0
Steve Turner,d9097b0a993d4bc694f318136004bdae,c4fc3b45-2c80-4071-9aa2-393e49da4292,https://musicbrainz.org/artist/c4fc3b45-2c80-4071-9aa2-393e49da4292,c4fc3b45-2c80-4071-9aa2-393e49da4292,https://musicbrainz.org/artist/c4fc3b45-2c80-4071-9aa2-393e49da4292,needs_review,forced_needs_review_candidate_fold,True,0.8581,1.8000,1.8000,17,1333,,0,0,0,0,0,0,1,0
Steve Tyrell,853685f1f0394c01b404af9765b47288,995ffe63-eb14-484b-8c2c-4b20ccee4c1d,https://musicbrainz.org/artist/995ffe63-eb14-484b-8c2c-4b20ccee4c1d,995ffe63-eb14-484b-8c2c-4b20ccee4c1d,https://musicbrainz.org/artist/995ffe63-eb14-484b-8c2c-4b20ccee4c1d,needs_review,forced_needs_review_candidate_fold,True,0.9707,3.5000,3.5000,3,259,,0,0,1,0,0,0,0,0
Steven Page,87724190334344dabccc284a81f72f9f,6837f020-f677-4438-ae4e-24467811d309,https://musicbrainz.org/artist/6837f020-f677-4438-ae4e-24467811d309,6837f020-f677-4438-ae4e-24467811d309,https://musicbrainz.org/artist/6837f020-f677-4438-ae4e-24467811d309,needs_review,forced_needs_review_candidate_fold,True,0.9707,3.5000,3.5000,10,888,,0,0,0,0,0,1,0,0
Steven Tyler,1da7e29dd5f94f098b73844ce9275ca9,7d3f7aed-fb9c-4e80-b198-64cd6ae31cb8,https://musicbrainz.org/artist/7d3f7aed-fb9c-4e80-b198-64cd6ae31cb8,7d3f7aed-fb9c-4e80-b198-64cd6ae31cb8,https://musicbrainz.org/artist/7d3f7aed-fb9c-4e80-b198-64cd6ae31cb8,needs_review,forced_needs_review_candidate_fold,True,0.9707,3.5000,3.5000,3,283,,0,0,1,0,0,0,0,0
Stevie Jackson,768df3b4dce74190ae90ad05df5e9f2b,32afcb9a-787b-44ed-b5db-c6ea8ffb5ab1,https://musicbrainz.org/artist/32afcb9a-787b-44ed-b5db-c6ea8ffb5ab1,32afcb9a-787b-44ed-b5db-c6ea8ffb5ab1,https://musicbrainz.org/artist/32afcb9a-787b-44ed-b5db-c6ea8ffb5ab1,needs_review,forced_needs_review_candidate_fold,True,0.9707,3.5000,3.5000,9,841,,0,0,0,0,0,1,0,0
Stig Anderson,518231d851fe4b3e837a1fa832060f93,69b25c47-780d-46e5-ae44-1f116337b95e,https://musicbrainz.org/artist/69b25c47-780d-46e5-ae44-1f116337b95e,69b25c47-780d-46e5-ae44-1f116337b95e,https://musicbrainz.org/artist/69b25c47-780d-46e5-ae44-1f116337b95e,needs_review,forced_needs_review_candidate_fold,True,0.9707,3.5000,3.5000,9,2944,,0,0,0,0,0,1,0,0
Sting,85969d32c9b34c94ae48c0efb5ff4c7c,7944ed53-2a58-4035-9b93-140a71e41c34,https://musicbrainz.org/artist/7944ed53-2a58-4035-9b93-140a71e41c34,7944ed53-2a58-4035-9b93-140a71e41c34,https://musicbrainz.org/artist/7944ed53-2a58-4035-9b93-140a71e41c34,needs_review,forced_needs_review_candidate_fold,True,0.9707,3.5000,3.5000,9,799,,1,0,0,0,0,0,0,0
Stiv Bators,01e92cfb86744e5d833db29135716a5b,7eb08313-010f-4f63-a2e1-09fe65eb966c,https://musicbrainz.org/artist/7eb08313-010f-4f63-a2e1-09fe65eb966c,7eb08313-010f-4f63-a2e1-09fe65eb966c,https://musicbrainz.org/artist/7eb08313-010f-4f63-a2e1-09fe65eb966c,needs_review,forced_needs_review_candidate_fold,True,0.9707,3.5000,3.5000,4,322,,0,0,0,0,0,1,0,0
String Quartett Jenufa,14046b8ea49644ed9ed43c54d7a7f8bc,608e6d1c-0bb8-41a4-bea2-85ee9ce458da,https://musicbrainz.org/artist/608e6d1c-0bb8-41a4-bea2-85ee9ce458da,608e6d1c-0bb8-41a4-bea2-85ee9ce458da,https://musicbrainz.org/artist/608e6d1c-0bb8-41a4-bea2-85ee9ce458da,needs_review,forced_needs_review_candidate_fold,True,0.9707,3.5000,3.5000,3,251,,0,0,1,0,0,0,0,0
Stuart David,277cfe43e0344783a8a5aee9ad33b16a,2854838c-9119-4d95-9a44-394d05481bf5,https://musicbrainz.org/artist/2854838c-9119-4d95-9a44-394d05481bf5,2854838c-9119-4d95-9a44-394d05481bf5,https://musicbrainz.org/artist/2854838c-9119-4d95-9a44-394d05481bf5,needs_review,forced_needs_review_candidate_fold,True,0.9707,3.5000,3.5000,7,654,,0,0,0,0,0,1,0,0
Stuart Murdoch,030bd1e81e7a493dbe7e2bf277befc76,ef9e4f94-8718-47c6-9165-9f2cc4656b32,https://musicbrainz.org/artist/ef9e4f94-8718-47c6-9165-9f2cc4656b32,ef9e4f94-8718-47c6-9165-9f2cc4656b32,https://musicbrainz.org/artist/ef9e4f94-8718-47c6-9165-9f2cc4656b32,needs_review,forced_needs_review_candidate_fold,True,0.9707,3.5000,3.5000,3,228,,0,0,1,0,0,0,0,0
Suzanne Cox,1a1a73489677441d9f48977bf3c2dbe4,42cbe875-4ecb-4da8-9549-755c6f658e29,https://musicbrainz.org/artist/42cbe875-4ecb-4da8-9549-755c6f658e29,42cbe875-4ecb-4da8-9549-755c6f658e29,https://musicbrainz.org/artist/42cbe875-4ecb-4da8-9549-755c6f658e29,needs_review,forced_needs_review_candidate_fold,True,0.9707,3.5000,3.5000,4,362,,0,0,0,0,0,1,0,0
Swizz Beatz,7afc3cd31eb44e45be716daebc796558,698ff525-ff51-4206-8f08-60a7458aab24,https://musicbrainz.org/artist/698ff525-ff51-4206-8f08-60a7458aab24,698ff525-ff51-4206-8f08-60a7458aab24,https://musicbrainz.org/artist/698ff525-ff51-4206-8f08-60a7458aab24,needs_review,forced_needs_review_candidate_fold,True,0.9707,3.5000,3.5000,3,267,,0,0,1,0,0,0,0,0
Sy Oliver,364ff8dbdc2f4564a5167465dbf5b51f,5b99fa9e-4190-4172-abc0-220f895dab9e,https://musicbrainz.org/artist/5b99fa9e-4190-4172-abc0-220f895dab9e,5b99fa9e-4190-4172-abc0-220f895dab9e,https://musicbrainz.org/artist/5b99fa9e-4190-4172-abc0-220f895dab9e,needs_review,forced_needs_review_candidate_fold,True,0.8581,1.8000,1.8000,6,560,,0,0,0,0,0,0,1,0
Sylvia Robinson,b17a86fd0dac4d08a353a008e140fe3e,8fac43da-1553-4b36-a77c-344726f3a674,https://musicbrainz.org/artist/8fac43da-1553-4b36-a77c-344726f3a674,8fac43da-1553-4b36-a77c-344726f3a674,https://musicbrainz.org/artist/8fac43da-1553-4b36-a77c-344726f3a674,needs_review,forced_needs_review_candidate_fold,True,0.9707,3.5000,3.5000,12,1088,,0,0,0,0,0,1,0,0
Søren Rasted,eae5563e1ac6425abf142a654a3aefcf,c6a57364-1c18-49b8-b4e2-5d3ca9a5571f,https://musicbrainz.org/artist/c6a57364-1c18-49b8-b4e2-5d3ca9a5571f,c6a57364-1c18-49b8-b4e2-5d3ca9a5571f,https://musicbrainz.org/artist/c6a57364-1c18-49b8-b4e2-5d3ca9a5571f,needs_review,forced_needs_review_candidate_fold,True,0.9707,3.5000,3.5000,5,534,,0,0,0,0,0,1,0,0
T-Bone Burnett,64aba84ed0e648739490684401fe1137,b821dd8c-4583-4385-9293-6f1015b74ef9,https://musicbrainz.org/artist/b821dd8c-4583-4385-9293-6f1015b74ef9,b821dd8c-4583-4385-9293-6f1015b74ef9,https://musicbrainz.org/artist/b821dd8c-4583-4385-9293-6f1015b74ef9,needs_review,forced_needs_review_candidate_fold,True,0.9707,3.5000,3.5000,4,423,,0,0,0,0,0,1,0,0
Taneisha Smith,ba7e9ca309984dcd9bedaaccf2ee69b4,08990823-7c35-41fd-9736-871880a50398,https://musicbrainz.org/artist/08990823-7c35-41fd-9736-871880a50398,08990823-7c35-41fd-9736-871880a50398,https://musicbrainz.org/artist/08990823-7c35-41fd-9736-871880a50398,needs_review,forced_needs_review_candidate_fold,True,0.9707,3.5000,3.5000,4,379,,0,0,0,0,0,1,0,0
Taylor Rhodes,c54e0326f52040058788ca8d4e805987,57e8b6eb-098e-4c79-87a9-f9359c6b11b0,https://musicbrainz.org/artist/57e8b6eb-098e-4c79-87a9-f9359c6b11b0,57e8b6eb-098e-4c79-87a9-f9359c6b11b0,https://musicbrainz.org/artist/57e8b6eb-098e-4c79-87a9-f9359c6b11b0,needs_review,forced_needs_review_candidate_fold,True,0.9707,3.5000,3.5000,4,612,,0,0,0,0,0,1,0,0
Ted White,8468457befac46c98b7c504d84934762,da051424-931b-47c4-85fd-ba9f5f861b8a,https://musicbrainz.org/artist/da051424-931b-47c4-85fd-ba9f5f861b8a,07d9b3e0-d6bb-4321-a2e8-1c0386b0541f,https://musicbrainz.org/artist/07d9b3e0-d6bb-4321-a2e8-1c0386b0541f,needs_review,forced_needs_review_candidate_fold,False,0.8581,1.8000,1.8000,15,1373,,0,0,0,0,0,0,1,0
Tessa Souter,9c07519b96f947deb5a4486d0b79687b,d218d8fa-24ae-4408-92b8-dfc75a00978c,https://musicbrainz.org/artist/d218d8fa-24ae-4408-92b8-dfc75a00978c,d218d8fa-24ae-4408-92b8-dfc75a00978c,https://musicbrainz.org/artist/d218d8fa-24ae-4408-92b8-dfc75a00978c,needs_review,forced_needs_review_candidate_fold,True,0.9707,3.5000,3.5000,3,205,,0,0,1,0,0,0,0,0
The Chieftains,78d35124385645959c355b6686fbecc6,fce5eb9a-95a7-4a54-b9e4-fe1b036fbe57,https://musicbrainz.org/artist/fce5eb9a-95a7-4a54-b9e4-fe1b036fbe57,fce5eb9a-95a7-4a54-b9e4-fe1b036fbe57,https://musicbrainz.org/artist/fce5eb9a-95a7-4a54-b9e4-fe1b036fbe57,needs_review,forced_needs_review_candidate_fold,True,0.9707,3.5000,3.5000,3,290,,0,0,1,0,0,0,0,0
The Clash,078749b4fe824df3883dc8c8a839e31f,8f92558c-2baa-4758-8c38-615519e9deda,https://musicbrainz.org/artist/8f92558c-2baa-4758-8c38-615519e9deda,8f92558c-2baa-4758-8c38-615519e9deda,https://musicbrainz.org/artist/8f92558c-2baa-4758-8c38-615519e9deda,needs_review,forced_needs_review_candidate_fold,True,0.9707,3.5000,3.5000,3,323,,1,0,0,0,0,0,0,0
The Cox Family,cda7ddef808c4bcfbf73853c94966d15,7b8c7275-4359-449e-ae21-e4fa657ccad3,https://musicbrainz.org/artist/7b8c7275-4359-449e-ae21-e4fa657ccad3,7b8c7275-4359-449e-ae21-e4fa657ccad3,https://musicbrainz.org/artist/7b8c7275-4359-449e-ae21-e4fa657ccad3,needs_review,forced_needs_review_candidate_fold,True,0.9707,3.5000,3.5000,3,228,,1,0,0,0,0,0,0,0
The Creation,8dd3f765052848a0a2aa04b7272f7fa6,1d5d9b06-1b0b-4c40-8481-bad62e03b4ab,https://musicbrainz.org/artist/1d5d9b06-1b0b-4c40-8481-bad62e03b4ab,1d5d9b06-1b0b-4c40-8481-bad62e03b4ab,https://musicbrainz.org/artist/1d5d9b06-1b0b-4c40-8481-bad62e03b4ab,needs_review,forced_needs_review_candidate_fold,True,0.9707,3.5000,3.5000,5,432,,0,0,1,0,0,0,0,0
The Dream Machine,666de7b191c54dbdbfbd3307e2d4c10a,8a986e82-eb05-4238-8240-1f47ea0563d3,https://musicbrainz.org/artist/8a986e82-eb05-4238-8240-1f47ea0563d3,b080909c-a9b6-49db-bbe3-ef9cfed0ee99,https://musicbrainz.org/artist/b080909c-a9b6-49db-bbe3-ef9cfed0ee99,needs_review,,False,0.5000,0.0000,0.0000,6,437,,0,0,0,0,0,0,0,0
The Ethiopians,d5ebd2503a5b4abea9d82cac880a17c7,1646c8fd-d950-4978-b944-0c7597a7837a,https://musicbrainz.org/artist/1646c8fd-d950-4978-b944-0c7597a7837a,1646c8fd-d950-4978-b944-0c7597a7837a,https://musicbrainz.org/artist/1646c8fd-d950-4978-b944-0c7597a7837a,needs_review,forced_needs_review_candidate_fold,True,0.9707,3.5000,3.5000,3,234,,0,0,1,0,0,0,0,0
The Iveys,4eb9997fe35144ce83841b98c39907fb,dc275623-1467-4a5f-ace1-ba727dbaf8ca,https://musicbrainz.org/artist/dc275623-1467-4a5f-ace1-ba727dbaf8ca,dc275623-1467-4a5f-ace1-ba727dbaf8ca,https://musicbrainz.org/artist/dc275623-1467-4a5f-ace1-ba727dbaf8ca,needs_review,forced_needs_review_candidate_fold,True,0.9707,3.5000,3.5000,4,336,,0,0,1,0,0,0,0,0
The Matrix,fc73d5fae5a14e46824bf15ebbd17a4c,81bb1da2-101b-44cf-8af8-183d25cb765b,https://musicbrainz.org/artist/81bb1da2-101b-44cf-8af8-183d25cb765b,92885064-c9c3-4f4f-9100-0809548c9ec9,https://musicbrainz.org/artist/92885064-c9c3-4f4f-9100-0809548c9ec9,needs_review,forced_needs_review_candidate_fold,False,0.9707,3.5000,3.5000,10,860,,0,0,0,0,0,1,0,0
The Nazz,931b7ebe94a84931ba8ee1b9369f8663,0c238f40-b333-4dd9-9918-63123d7af161,https://musicbrainz.org/artist/0c238f40-b333-4dd9-9918-63123d7af161,4d7928cd-7ed2-4282-8c29-c0c9f966f1bd,https://musicbrainz.org/artist/4d7928cd-7ed2-4282-8c29-c0c9f966f1bd,needs_review,forced_needs_review_candidate_fold,False,0.9707,3.5000,3.5000,4,349,,0,0,1,0,0,0,0,0
The Peddlers,2ee32fb8b52b4da28404dbfdca107145,b800a067-775f-4199-a016-edcf3e2e22ea,https://musicbrainz.org/artist/b800a067-775f-4199-a016-edcf3e2e22ea,b800a067-775f-4199-a016-edcf3e2e22ea,https://musicbrainz.org/artist/b800a067-775f-4199-a016-edcf3e2e22ea,needs_review,forced_needs_review_candidate_fold,True,0.9707,3.5000,3.5000,4,350,,0,0,1,0,0,0,0,0
The Raconteurs,f68077c96a694ae0beb0dd03743ca640,be407b02-f3e6-4ed5-9489-f8e5f0ab36dc,https://musicbrainz.org/artist/be407b02-f3e6-4ed5-9489-f8e5f0ab36dc,be407b02-f3e6-4ed5-9489-f8e5f0ab36dc,https://musicbrainz.org/artist/be407b02-f3e6-4ed5-9489-f8e5f0ab36dc,needs_review,forced_needs_review_candidate_fold,True,0.9707,3.5000,3.5000,3,318,,0,0,1,0,0,0,0,0
The Resonans Quartett,a83b648916b44083b9c23097740a2c47,a4d0b191-8665-4626-9c39-16ffef24ace5,https://musicbrainz.org/artist/a4d0b191-8665-4626-9c39-16ffef24ace5,a4d0b191-8665-4626-9c39-16ffef24ace5,https://musicbrainz.org/artist/a4d0b191-8665-4626-9c39-16ffef24ace5,needs_review,forced_needs_review_candidate_fold,True,0.9707,3.5000,3.5000,3,228,,0,0,1,0,0,0,0,0
The Social,74670a729d5041b4b0246b8ccd39177d,bb837778-6040-4d49-b93c-2dcdc60a98ee,https://musicbrainz.org/artist/bb837778-6040-4d49-b93c-2dcdc60a98ee,bb837778-6040-4d49-b93c-2dcdc60a98ee,https://musicbrainz.org/artist/bb837778-6040-4d49-b93c-2dcdc60a98ee,needs_review,forced_needs_review_candidate_fold,True,0.9707,3.5000,3.5000,25,1946,,0,0,1,0,0,0,0,0
The Spiders,ccb24ee9afba4d338b60a9b9424f3e01,60c35afa-5ade-4cda-a250-c27aa3f8be9a,https://musicbrainz.org/artist/60c35afa-5ade-4cda-a250-c27aa3f8be9a,4d7928cd-7ed2-4282-8c29-c0c9f966f1bd,https://musicbrainz.org/artist/4d7928cd-7ed2-4282-8c29-c0c9f966f1bd,needs_review,forced_needs_review_candidate_fold,False,0.9707,3.5000,3.5000,12,1036,,0,0,1,0,0,0,0,0
The Stone Roses,894ff15df53b4564b9e9cb666b69d21a,b5fa29f1-6c22-4321-a488-b5f363b06b06,https://musicbrainz.org/artist/b5fa29f1-6c22-4321-a488-b5f363b06b06,b5fa29f1-6c22-4321-a488-b5f363b06b06,https://musicbrainz.org/artist/b5fa29f1-6c22-4321-a488-b5f363b06b06,needs_review,forced_needs_review_candidate_fold,True,0.9707,3.5000,3.5000,3,259,,1,0,0,0,0,0,0,0
The Sugarcubes,520a14fca1a74b5a9cfd4c5bf2fd318b,95303251-46d5-4239-89c8-eaf0b0947a11,https://musicbrainz.org/artist/95303251-46d5-4239-89c8-eaf0b0947a11,95303251-46d5-4239-89c8-eaf0b0947a11,https://musicbrainz.org/artist/95303251-46d5-4239-89c8-eaf0b0947a11,needs_review,forced_needs_review_candidate_fold,True,0.8581,1.8000,1.8000,5,471,,0,0,0,0,0,0,1,0
The Vipers,9ca601c7d7c74af3a05e5211001c5b48,1e703ed5-e3bc-4e2f-ab72-73760f709e50,https://musicbrainz.org/artist/1e703ed5-e3bc-4e2f-ab72-73760f709e50,1e703ed5-e3bc-4e2f-ab72-73760f709e50,https://musicbrainz.org/artist/1e703ed5-e3bc-4e2f-ab72-73760f709e50,needs_review,forced_needs_review_candidate_fold,True,0.9707,3.5000,3.5000,13,1166,,0,0,1,0,0,0,0,0
Thom Bell,523d9a7ca3c74ea29443f7d55550b9bd,96b63688-fb86-4aff-b682-85f0165bece1,https://musicbrainz.org/artist/96b63688-fb86-4aff-b682-85f0165bece1,96b63688-fb86-4aff-b682-85f0165bece1,https://musicbrainz.org/artist/96b63688-fb86-4aff-b682-85f0165bece1,needs_review,forced_needs_review_candidate_fold,True,0.9707,3.5000,3.5000,6,553,,0,0,0,0,0,1,0,0
Tim Bran,77092be46dd94a3e849ba1183590fa1c,c8cfef4b-c607-4e24-8d47-5b3fddecad71,https://musicbrainz.org/artist/c8cfef4b-c607-4e24-8d47-5b3fddecad71,c8cfef4b-c607-4e24-8d47-5b3fddecad71,https://musicbrainz.org/artist/c8cfef4b-c607-4e24-8d47-5b3fddecad71,needs_review,forced_needs_review_candidate_fold,True,0.9707,3.5000,3.5000,4,445,,0,0,0,0,0,1,0,0
Tim Hanseroth,4e07498cca4f412cbf0065f39800a330,33e1382e-c784-40d3-87be-29e8ce9efc03,https://musicbrainz.org/artist/33e1382e-c784-40d3-87be-29e8ce9efc03,33e1382e-c784-40d3-87be-29e8ce9efc03,https://musicbrainz.org/artist/33e1382e-c784-40d3-87be-29e8ce9efc03,needs_review,forced_needs_review_candidate_fold,True,0.9707,3.5000,3.5000,4,426,,0,0,0,0,0,1,0,0
Tim Hardin,98271920ec384724859dc0619e50ef43,8f4be405-84d5-4cac-bdf9-bf02d9e04962,https://musicbrainz.org/artist/8f4be405-84d5-4cac-bdf9-bf02d9e04962,8f4be405-84d5-4cac-bdf9-bf02d9e04962,https://musicbrainz.org/artist/8f4be405-84d5-4cac-bdf9-bf02d9e04962,needs_review,forced_needs_review_candidate_fold,True,0.8581,1.8000,1.8000,4,371,,0,0,0,1,0,0,0,0
Tim Wanstall,47bf2a9847a64e189936385bcf638d2a,5e98c8c2-147e-4fc9-ab63-3e6769f747af,https://musicbrainz.org/artist/5e98c8c2-147e-4fc9-ab63-3e6769f747af,5e98c8c2-147e-4fc9-ab63-3e6769f747af,https://musicbrainz.org/artist/5e98c8c2-147e-4fc9-ab63-3e6769f747af,needs_review,forced_needs_review_candidate_fold,True,0.9707,3.5000,3.5000,4,383,,0,0,0,0,0,1,0,0
Tim Wheeler,69fcf0561d81458097e135416e50f691,827b9ff1-56f8-4614-9261-a08de5fc1be0,https://musicbrainz.org/artist/827b9ff1-56f8-4614-9261-a08de5fc1be0,827b9ff1-56f8-4614-9261-a08de5fc1be0,https://musicbrainz.org/artist/827b9ff1-56f8-4614-9261-a08de5fc1be0,needs_review,forced_needs_review_candidate_fold,True,0.9707,3.5000,3.5000,6,533,,0,0,0,0,0,1,0,0
Tim Wilson,c0886a76f68441c183a7524d119c57b5,e29641cc-3658-4886-89d7-3a146d2d3d75,https://musicbrainz.org/artist/e29641cc-3658-4886-89d7-3a146d2d3d75,e29641cc-3658-4886-89d7-3a146d2d3d75,https://musicbrainz.org/artist/e29641cc-3658-4886-89d7-3a146d2d3d75,needs_review,forced_needs_review_candidate_fold,True,0.9707,3.5000,3.5000,12,1089,,0,0,0,0,0,1,0,0
Timbaland,c17ede15eaea42538504c0e415dd2ee7,daa09819-5da5-4c7a-8bef-eb372bb27ff1,https://musicbrainz.org/artist/daa09819-5da5-4c7a-8bef-eb372bb27ff1,daa09819-5da5-4c7a-8bef-eb372bb27ff1,https://musicbrainz.org/artist/daa09819-5da5-4c7a-8bef-eb372bb27ff1,needs_review,forced_needs_review_candidate_fold,True,0.9707,3.5000,3.5000,8,650,,0,0,1,0,0,0,0,0
Timothy Kingsbury,265b13773d7a438bae66be0cb9151c94,a609b901-2d94-43f7-8456-8f638667a717,https://musicbrainz.org/artist/a609b901-2d94-43f7-8456-8f638667a717,a609b901-2d94-43f7-8456-8f638667a717,https://musicbrainz.org/artist/a609b901-2d94-43f7-8456-8f638667a717,needs_review,forced_needs_review_candidate_fold,True,0.9707,3.5000,3.5000,4,343,,0,0,0,0,0,1,0,0
Tipitina,ae9e9e0697734c05bb347b1201cbc8df,584192e2-5773-452d-af59-0dafc55b7b71,https://musicbrainz.org/artist/584192e2-5773-452d-af59-0dafc55b7b71,584192e2-5773-452d-af59-0dafc55b7b71,https://musicbrainz.org/artist/584192e2-5773-452d-af59-0dafc55b7b71,needs_review,forced_needs_review_candidate_fold,True,0.9707,3.5000,3.5000,4,354,,0,0,1,0,0,0,0,0
Tito Puente,a6f6544b717a488087174df254d6493d,f19ad155-d809-4770-ab8d-7579467d9f55,https://musicbrainz.org/artist/f19ad155-d809-4770-ab8d-7579467d9f55,f19ad155-d809-4770-ab8d-7579467d9f55,https://musicbrainz.org/artist/f19ad155-d809-4770-ab8d-7579467d9f55,needs_review,forced_needs_review_candidate_fold,True,0.9707,3.5000,3.5000,6,603,,0,0,0,0,0,1,0,0
Tobias Jesso Jr.,20cb883f0cf54f5993de3922c6133152,7ad6a9ce-6970-42e8-bd6a-094500c3914d,https://musicbrainz.org/artist/7ad6a9ce-6970-42e8-bd6a-094500c3914d,7ad6a9ce-6970-42e8-bd6a-094500c3914d,https://musicbrainz.org/artist/7ad6a9ce-6970-42e8-bd6a-094500c3914d,needs_review,forced_needs_review_candidate_fold,True,0.9707,3.5000,3.5000,4,461,,0,0,0,0,0,1,0,0
Todd Herfindal,7be8491cab014d14a6341aec22f5ae5d,8d19fef2-3755-4e2f-98d4-dac07850a678,https://musicbrainz.org/artist/8d19fef2-3755-4e2f-98d4-dac07850a678,8d19fef2-3755-4e2f-98d4-dac07850a678,https://musicbrainz.org/artist/8d19fef2-3755-4e2f-98d4-dac07850a678,needs_review,forced_needs_review_candidate_fold,True,0.9707,3.5000,3.5000,4,332,,0,0,0,0,0,1,0,0
Todd Rundgren,4d448321bc1345049d130f88209953f3,1a9a8ca0-ea8e-4e9e-96aa-288155bb2c5d,https://musicbrainz.org/artist/1a9a8ca0-ea8e-4e9e-96aa-288155bb2c5d,1a9a8ca0-ea8e-4e9e-96aa-288155bb2c5d,https://musicbrainz.org/artist/1a9a8ca0-ea8e-4e9e-96aa-288155bb2c5d,needs_review,forced_needs_review_candidate_fold,True,0.9707,3.5000,3.5000,4,382,,0,0,1,0,0,0,0,0
Tok Tok Tok,de7d7a38c23248f9b488b7af73a065b8,97d9060d-2cd5-4acd-b44f-c39ea2da4753,https://musicbrainz.org/artist/97d9060d-2cd5-4acd-b44f-c39ea2da4753,97d9060d-2cd5-4acd-b44f-c39ea2da4753,https://musicbrainz.org/artist/97d9060d-2cd5-4acd-b44f-c39ea2da4753,needs_review,forced_needs_review_candidate_fold,True,0.9707,3.5000,3.5000,3,250,,0,0,1,0,0,0,0,0
Tom Delaney,2cae0d7aff2e48928dee5c9a4f5c1a34,982f0e5c-edad-467a-bc9d-7189d373450d,https://musicbrainz.org/artist/982f0e5c-edad-467a-bc9d-7189d373450d,982f0e5c-edad-467a-bc9d-7189d373450d,https://musicbrainz.org/artist/982f0e5c-edad-467a-bc9d-7189d373450d,needs_review,forced_needs_review_candidate_fold,True,0.9707,3.5000,3.5000,5,455,,0,0,0,0,0,1,0,0
Tom Evans,066b9372a5ca400fbd4c3ff676ba05e9,8f0a4d31-b86a-40d6-8b8d-9300383ba3da,https://musicbrainz.org/artist/8f0a4d31-b86a-40d6-8b8d-9300383ba3da,619df971-930d-4ae8-b7ae-f5e00dea97cc,https://musicbrainz.org/artist/619df971-930d-4ae8-b7ae-f5e00dea97cc,needs_review,forced_needs_review_candidate_fold,False,0.9707,3.5000,3.5000,15,1168,,0,0,0,0,0,1,0,0
Tom Griffiths,6a8ebb6754bd49c2b2e69ab7fe133a6a,2f4b4f5a-0270-4840-a746-2447742b03a1,https://musicbrainz.org/artist/2f4b4f5a-0270-4840-a746-2447742b03a1,23dc9b15-37c4-48a5-b217-24d131ec9112,https://musicbrainz.org/artist/23dc9b15-37c4-48a5-b217-24d131ec9112,needs_review,forced_needs_review_candidate_fold,False,0.9707,3.5000,3.5000,5,488,,0,0,0,0,0,1,0,0
Tom Hamilton,15aba86aaa6744a0b700331609722120,606ef8a3-d8aa-4448-8d2d-07ef62f19b58,https://musicbrainz.org/artist/606ef8a3-d8aa-4448-8d2d-07ef62f19b58,9fc37bbf-c2a4-4ac9-95de-255e93fc6758,https://musicbrainz.org/artist/9fc37bbf-c2a4-4ac9-95de-255e93fc6758,needs_review,forced_needs_review_candidate_fold,False,0.9707,3.5000,3.5000,12,1230,,0,0,0,0,0,1,0,0
Tom Johnston,f8f9ff25031443c39e3abd06123e7703,f15612c5-52e8-4927-a3c0-648482affeb8,https://musicbrainz.org/artist/f15612c5-52e8-4927-a3c0-648482affeb8,f15612c5-52e8-4927-a3c0-648482affeb8,https://musicbrainz.org/artist/f15612c5-52e8-4927-a3c0-648482affeb8,needs_review,forced_needs_review_candidate_fold,True,0.9707,3.5000,3.5000,4,417,,0,0,1,0,0,0,0,0
Tom Kelly,dff4a2912a83454dbd4e63d09738108e,3ecdd624-0fa0-4dfe-9498-5a4801724d3b,https://musicbrainz.org/artist/3ecdd624-0fa0-4dfe-9498-5a4801724d3b,3ecdd624-0fa0-4dfe-9498-5a4801724d3b,https://musicbrainz.org/artist/3ecdd624-0fa0-4dfe-9498-5a4801724d3b,needs_review,forced_needs_review_candidate_fold,True,0.9707,3.5000,3.5000,13,1149,,0,0,0,0,0,1,0,0
Tom Snow,1ce76f6695c44b609f97168bbbc4f937,9b06c296-fd9b-47dc-81bb-1209f544e68d,https://musicbrainz.org/artist/9b06c296-fd9b-47dc-81bb-1209f544e68d,9b06c296-fd9b-47dc-81bb-1209f544e68d,https://musicbrainz.org/artist/9b06c296-fd9b-47dc-81bb-1209f544e68d,needs_review,forced_needs_review_candidate_fold,True,0.9707,3.5000,3.5000,10,709,,0,0,0,0,0,1,0,0
Tom T. Hall,8bfcf5b4d5f94cb38c1c0e8d2d9be214,8d8e3514-06fc-4801-bd4b-8c6ccae223b3,https://musicbrainz.org/artist/8d8e3514-06fc-4801-bd4b-8c6ccae223b3,8d8e3514-06fc-4801-bd4b-8c6ccae223b3,https://musicbrainz.org/artist/8d8e3514-06fc-4801-bd4b-8c6ccae223b3,needs_review,forced_needs_review_candidate_fold,True,0.9707,3.5000,3.5000,4,409,,0,0,0,0,0,1,0,0
Tom Waits,256273b834fd46de823ff230dfc297a0,c3aeb863-7b26-4388-94e8-5a240f2be21b,https://musicbrainz.org/artist/c3aeb863-7b26-4388-94e8-5a240f2be21b,c3aeb863-7b26-4388-94e8-5a240f2be21b,https://musicbrainz.org/artist/c3aeb863-7b26-4388-94e8-5a240f2be21b,needs_review,forced_needs_review_candidate_fold,True,0.9707,3.5000,3.5000,3,244,,1,0,0,0,0,0,0,0
Tommy Shaw,f85e4ac3ee794f4f90a27275c083dc3f,f468f4ba-53a2-478c-9a25-bcef2cd1eed8,https://musicbrainz.org/artist/f468f4ba-53a2-478c-9a25-bcef2cd1eed8,f468f4ba-53a2-478c-9a25-bcef2cd1eed8,https://musicbrainz.org/artist/f468f4ba-53a2-478c-9a25-bcef2cd1eed8,needs_review,forced_needs_review_candidate_fold,True,0.9707,3.5000,3.5000,4,455,,0,0,0,0,0,1,0,0
Tony Macaulay,abab9ece3ebc42d6a676c3b1416b3ca3,fd696014-a16d-4115-ac16-e206f05b1c20,https://musicbrainz.org/artist/fd696014-a16d-4115-ac16-e206f05b1c20,fd696014-a16d-4115-ac16-e206f05b1c20,https://musicbrainz.org/artist/fd696014-a16d-4115-ac16-e206f05b1c20,needs_review,forced_needs_review_candidate_fold,True,0.9707,3.5000,3.5000,4,502,,0,0,0,0,0,1,0,0
Tony Roel Trio,b34274cf65554eb59df774f55c6a5084,2f639078-45c9-4898-aae2-f49a2fd96d5d,https://musicbrainz.org/artist/2f639078-45c9-4898-aae2-f49a2fd96d5d,2f639078-45c9-4898-aae2-f49a2fd96d5d,https://musicbrainz.org/artist/2f639078-45c9-4898-aae2-f49a2fd96d5d,needs_review,forced_needs_review_candidate_fold,True,0.9707,3.5000,3.5000,3,271,,0,0,1,0,0,0,0,0
Tony Sepe,9c27c224060443faa076a0bc29cdae37,287be157-e590-45bf-b37f-969291583483,https://musicbrainz.org/artist/287be157-e590-45bf-b37f-969291583483,287be157-e590-45bf-b37f-969291583483,https://musicbrainz.org/artist/287be157-e590-45bf-b37f-969291583483,needs_review,forced_needs_review_candidate_fold,True,0.9707,3.5000,3.5000,4,597,,0,0,0,0,0,1,0,0
Tony Swain,d5faa5d2bba64b2182400e6a1106bd8d,95fdf799-6773-4adf-b2fd-ad10290762c6,https://musicbrainz.org/artist/95fdf799-6773-4adf-b2fd-ad10290762c6,95fdf799-6773-4adf-b2fd-ad10290762c6,https://musicbrainz.org/artist/95fdf799-6773-4adf-b2fd-ad10290762c6,needs_review,forced_needs_review_candidate_fold,True,0.9707,3.5000,3.5000,4,456,,0,0,0,0,0,1,0,0
Tony! Toni! Toné!,1ba068ad9c4649d9bb92ba04802f21eb,511562a6-c381-44df-9bc4-27be779716b8,https://musicbrainz.org/artist/511562a6-c381-44df-9bc4-27be779716b8,511562a6-c381-44df-9bc4-27be779716b8,https://musicbrainz.org/artist/511562a6-c381-44df-9bc4-27be779716b8,needs_review,forced_needs_review_candidate_fold,True,0.9707,3.5000,3.5000,3,247,,0,0,1,0,0,0,0,0
Toots Hibbert,2c7dae5d38c24c51ba1c527e99b8d198,c4aaadaf-da28-4136-a888-f0008c710d58,https://musicbrainz.org/artist/c4aaadaf-da28-4136-a888-f0008c710d58,c4aaadaf-da28-4136-a888-f0008c710d58,https://musicbrainz.org/artist/c4aaadaf-da28-4136-a888-f0008c710d58,needs_review,forced_needs_review_candidate_fold,True,0.9707,3.5000,3.5000,3,244,,0,0,1,0,0,0,0,0
Townes Van Zandt,6d8645ebd47e4e80ad8e95f2b135d1ff,d67d1a21-6e45-4dd6-aef0-0191ba3796e0,https://musicbrainz.org/artist/d67d1a21-6e45-4dd6-aef0-0191ba3796e0,d67d1a21-6e45-4dd6-aef0-0191ba3796e0,https://musicbrainz.org/artist/d67d1a21-6e45-4dd6-aef0-0191ba3796e0,needs_review,forced_needs_review_candidate_fold,True,0.9707,3.5000,3.5000,3,242,,0,0,1,0,0,0,0,0
"Trevor Lawrence, Jr.",7ff23c74c7224d84b73ede4346924d2e,a9469463-34ec-4475-8446-ed4908d1396f,https://musicbrainz.org/artist/a9469463-34ec-4475-8446-ed4908d1396f,a9469463-34ec-4475-8446-ed4908d1396f,https://musicbrainz.org/artist/a9469463-34ec-4475-8446-ed4908d1396f,needs_review,forced_needs_review_candidate_fold,True,0.9707,3.5000,3.5000,4,403,,0,0,0,0,0,1,0,0
Tricia Walker,6f651b0e35874a29894d026d039e84f3,d2ca6e82-8707-402c-bd8f-9d540952b90d,https://musicbrainz.org/artist/d2ca6e82-8707-402c-bd8f-9d540952b90d,d2ca6e82-8707-402c-bd8f-9d540952b90d,https://musicbrainz.org/artist/d2ca6e82-8707-402c-bd8f-9d540952b90d,needs_review,forced_needs_review_candidate_fold,True,0.9707,3.5000,3.5000,4,343,,0,0,0,0,0,1,0,0
Trummy Young,17ea045b8f7248b0b4ca560865af9b76,11636520-090f-4ea3-8361-53a6f345ccf4,https://musicbrainz.org/artist/11636520-090f-4ea3-8361-53a6f345ccf4,11636520-090f-4ea3-8361-53a6f345ccf4,https://musicbrainz.org/artist/11636520-090f-4ea3-8361-53a6f345ccf4,needs_review,forced_needs_review_candidate_fold,True,0.8581,1.8000,1.8000,6,536,,0,0,0,0,0,0,1,0
Tyler Stewart,8e257244a486423e968ab3dac09e8181,9f237060-822d-47a4-a421-44482608586b,https://musicbrainz.org/artist/9f237060-822d-47a4-a421-44482608586b,9f237060-822d-47a4-a421-44482608586b,https://musicbrainz.org/artist/9f237060-822d-47a4-a421-44482608586b,needs_review,forced_needs_review_candidate_fold,True,0.9707,3.5000,3.5000,4,361,,0,0,0,0,0,1,0,0
Térez Montcalm,00510f2619ea4053a56c58b36cd11108,d852df7a-e1d4-42aa-a387-45c3810fd6f6,https://musicbrainz.org/artist/d852df7a-e1d4-42aa-a387-45c3810fd6f6,d852df7a-e1d4-42aa-a387-45c3810fd6f6,https://musicbrainz.org/artist/d852df7a-e1d4-42aa-a387-45c3810fd6f6,needs_review,forced_needs_review_candidate_fold,True,0.9707,3.5000,3.5000,3,224,,0,0,1,0,0,0,0,0
Ulf Ekberg,e6d7f05aef624703b7df9bc99a79d1fd,e6ce69a7-df5b-4e97-961b-41351d7c9653,https://musicbrainz.org/artist/e6ce69a7-df5b-4e97-961b-41351d7c9653,e6ce69a7-df5b-4e97-961b-41351d7c9653,https://musicbrainz.org/artist/e6ce69a7-df5b-4e97-961b-41351d7c9653,needs_review,forced_needs_review_candidate_fold,True,0.9707,3.5000,3.5000,9,827,,0,0,0,0,0,1,0,0
Valerie Simpson,2d8a1bf214354101b6bda59264bfb31a,03f97204-818e-45e0-b3d5-1108a52789ba,https://musicbrainz.org/artist/03f97204-818e-45e0-b3d5-1108a52789ba,03f97204-818e-45e0-b3d5-1108a52789ba,https://musicbrainz.org/artist/03f97204-818e-45e0-b3d5-1108a52789ba,needs_review,forced_needs_review_candidate_fold,True,0.8581,1.8000,1.8000,6,663,,0,0,0,0,0,0,1,0
Valerio Zelli,3f3c080acf1a4ca3b25734b3bb294db6,9eb89153-7f68-412b-be42-085fdd4ef372,https://musicbrainz.org/artist/9eb89153-7f68-412b-be42-085fdd4ef372,9eb89153-7f68-412b-be42-085fdd4ef372,https://musicbrainz.org/artist/9eb89153-7f68-412b-be42-085fdd4ef372,needs_review,forced_needs_review_candidate_fold,True,0.9707,3.5000,3.5000,4,424,,0,0,0,0,0,1,0,0
Van McCoy,174ebf72e56546dc877d6c24c1f69787,0f081bd8-d324-4738-8197-f30b933dc2df,https://musicbrainz.org/artist/0f081bd8-d324-4738-8197-f30b933dc2df,0f081bd8-d324-4738-8197-f30b933dc2df,https://musicbrainz.org/artist/0f081bd8-d324-4738-8197-f30b933dc2df,needs_review,forced_needs_review_candidate_fold,True,0.8581,1.8000,1.8000,5,440,,0,0,0,1,0,0,0,0
Various Artists,7317b3857fa9475c898acc9247915713,89ad4ac3-39f7-470e-963a-56509c546377,https://musicbrainz.org/artist/89ad4ac3-39f7-470e-963a-56509c546377,89ad4ac3-39f7-470e-963a-56509c546377,https://musicbrainz.org/artist/89ad4ac3-39f7-470e-963a-56509c546377,needs_review,forced_needs_review_candidate_fold,True,0.9707,3.5000,3.5000,9,1066,,1,0,0,0,0,0,0,0
Veronica Mortensen,2165c84274944c85b025219f583d6264,69f5959e-03bc-418d-83b9-a4d3f41699c9,https://musicbrainz.org/artist/69f5959e-03bc-418d-83b9-a4d3f41699c9,69f5959e-03bc-418d-83b9-a4d3f41699c9,https://musicbrainz.org/artist/69f5959e-03bc-418d-83b9-a4d3f41699c9,needs_review,forced_needs_review_candidate_fold,True,0.9707,3.5000,3.5000,3,225,,0,0,1,0,0,0,0,0
Victor Pepe,5c82f4d9ae194c89bde1456c924149bb,7bf82543-12ea-46a5-a848-d795ac083e77,https://musicbrainz.org/artist/7bf82543-12ea-46a5-a848-d795ac083e77,7bf82543-12ea-46a5-a848-d795ac083e77,https://musicbrainz.org/artist/7bf82543-12ea-46a5-a848-d795ac083e77,needs_review,,True,0.5000,0.0000,0.0000,7,383,,0,0,0,0,0,0,0,0
Victor Young,2e74e2c33ced4246979acfe195a74d54,338f9d5d-9327-4f01-bb99-0cdf22c48565,https://musicbrainz.org/artist/338f9d5d-9327-4f01-bb99-0cdf22c48565,338f9d5d-9327-4f01-bb99-0cdf22c48565,https://musicbrainz.org/artist/338f9d5d-9327-4f01-bb99-0cdf22c48565,needs_review,forced_needs_review_candidate_fold,True,0.9707,3.5000,3.5000,6,626,,0,0,0,0,0,1,0,0
Victoria Spivey,3e5b94bbb0694548b8a888c9faa6db18,0b9f1797-12ca-4db4-8e0d-d9dc2b90a3da,https://musicbrainz.org/artist/0b9f1797-12ca-4db4-8e0d-d9dc2b90a3da,0b9f1797-12ca-4db4-8e0d-d9dc2b90a3da,https://musicbrainz.org/artist/0b9f1797-12ca-4db4-8e0d-d9dc2b90a3da,needs_review,,True,0.5000,0.0000,0.0000,3,291,,0,0,0,0,0,0,0,0
Vidal Davis,3e51e6b99a424d7faf22db4231010726,8a3b1cd9-6030-40c5-a6f5-f3b92ec73c8a,https://musicbrainz.org/artist/8a3b1cd9-6030-40c5-a6f5-f3b92ec73c8a,8a3b1cd9-6030-40c5-a6f5-f3b92ec73c8a,https://musicbrainz.org/artist/8a3b1cd9-6030-40c5-a6f5-f3b92ec73c8a,needs_review,forced_needs_review_candidate_fold,True,0.9707,3.5000,3.5000,4,397,,0,0,0,0,0,1,0,0
Viktor Krauss,ca9abb94fdf84a319fdad8a925dbc580,02dc2981-7134-4d77-9d3f-7b68e0baced3,https://musicbrainz.org/artist/02dc2981-7134-4d77-9d3f-7b68e0baced3,02dc2981-7134-4d77-9d3f-7b68e0baced3,https://musicbrainz.org/artist/02dc2981-7134-4d77-9d3f-7b68e0baced3,needs_review,forced_needs_review_candidate_fold,True,0.9707,3.5000,3.5000,4,344,,0,0,0,0,0,1,0,0
Vince Clarke,20ea15bd61774274b1661f5b34770e1c,6ef12fc1-40f4-41ea-ac52-f487840255bd,https://musicbrainz.org/artist/6ef12fc1-40f4-41ea-ac52-f487840255bd,6ef12fc1-40f4-41ea-ac52-f487840255bd,https://musicbrainz.org/artist/6ef12fc1-40f4-41ea-ac52-f487840255bd,needs_review,forced_needs_review_candidate_fold,True,0.9707,3.5000,3.5000,10,747,,0,0,0,0,0,1,0,0
Vince Guaraldi,d98519c7a5264c2daef0b7655fb547f1,05b5488d-7141-4b21-819b-d4713abf2a98,https://musicbrainz.org/artist/05b5488d-7141-4b21-819b-d4713abf2a98,05b5488d-7141-4b21-819b-d4713abf2a98,https://musicbrainz.org/artist/05b5488d-7141-4b21-819b-d4713abf2a98,needs_review,forced_needs_review_candidate_fold,True,1.0000,10.5000,3.5000,7,763,,0,0,4,0,0,1,0,0
Vincenzo Bellini,c2c3668f1394413a8a6b6f7669ee21d6,6f5bfd20-84cc-4879-8a40-05631ad576c7,https://musicbrainz.org/artist/6f5bfd20-84cc-4879-8a40-05631ad576c7,6f5bfd20-84cc-4879-8a40-05631ad576c7,https://musicbrainz.org/artist/6f5bfd20-84cc-4879-8a40-05631ad576c7,needs_review,,True,0.5000,0.0000,0.0000,14,904,,0,0,0,0,0,0,0,0
Vinicius de Moraes,abd54096a3c441438da5defd44b7e6b9,1c01cf84-07c7-408a-b5a8-7dae0b1312fc,https://musicbrainz.org/artist/1c01cf84-07c7-408a-b5a8-7dae0b1312fc,1c01cf84-07c7-408a-b5a8-7dae0b1312fc,https://musicbrainz.org/artist/1c01cf84-07c7-408a-b5a8-7dae0b1312fc,needs_review,forced_needs_review_candidate_fold,True,0.9707,3.5000,3.5000,4,434,,0,0,0,0,0,1,0,0
Voices of Angels,bd46653223e140a7ace151718bd2b9f0,efa7f3b6-074f-45a8-a39f-46a5fc72ce15,https://musicbrainz.org/artist/efa7f3b6-074f-45a8-a39f-46a5fc72ce15,efa7f3b6-074f-45a8-a39f-46a5fc72ce15,https://musicbrainz.org/artist/efa7f3b6-074f-45a8-a39f-46a5fc72ce15,needs_review,forced_needs_review_candidate_fold,True,0.9707,3.5000,3.5000,3,230,,0,0,1,0,0,0,0,0
Walden Dahl,f9365921ed7c4e308cf04ff414c1cd6c,d7a4db42-e080-457b-853f-3addf95aa32f,https://musicbrainz.org/artist/d7a4db42-e080-457b-853f-3addf95aa32f,d7a4db42-e080-457b-853f-3addf95aa32f,https://musicbrainz.org/artist/d7a4db42-e080-457b-853f-3addf95aa32f,needs_review,forced_needs_review_candidate_fold,True,0.9707,3.5000,3.5000,4,387,,0,0,0,0,0,1,0,0
Walter Afanasieff,03ee363d38fb4f3db839c59add8f94a0,f634fc9c-da81-4627-9913-455d638bbfdf,https://musicbrainz.org/artist/f634fc9c-da81-4627-9913-455d638bbfdf,f634fc9c-da81-4627-9913-455d638bbfdf,https://musicbrainz.org/artist/f634fc9c-da81-4627-9913-455d638bbfdf,needs_review,forced_needs_review_candidate_fold,True,0.9707,3.5000,3.5000,4,426,,0,0,0,0,0,1,0,0
Walter Davis,d7c015440fc34699ad6208ec14025c13,2cc09627-ac51-46e1-bc1f-92e49ace09d5,https://musicbrainz.org/artist/2cc09627-ac51-46e1-bc1f-92e49ace09d5,2cc09627-ac51-46e1-bc1f-92e49ace09d5,https://musicbrainz.org/artist/2cc09627-ac51-46e1-bc1f-92e49ace09d5,needs_review,forced_needs_review_candidate_fold,True,0.8581,1.8000,1.8000,6,543,,0,0,0,0,0,0,1,0
Walter Gil Fuller,cefa495124194238ad05b6d25660a26e,d686b5cb-e00a-45c6-91c0-488eae967a08,https://musicbrainz.org/artist/d686b5cb-e00a-45c6-91c0-488eae967a08,d686b5cb-e00a-45c6-91c0-488eae967a08,https://musicbrainz.org/artist/d686b5cb-e00a-45c6-91c0-488eae967a08,needs_review,forced_needs_review_candidate_fold,True,0.9707,3.5000,3.5000,4,470,,0,0,0,0,0,1,0,0
Walter Jackson,088e0499c6694c06916a0ef07d9bec31,f1e23fa9-87f0-44ed-a46d-c91f72a9bbd8,https://musicbrainz.org/artist/f1e23fa9-87f0-44ed-a46d-c91f72a9bbd8,f1e23fa9-87f0-44ed-a46d-c91f72a9bbd8,https://musicbrainz.org/artist/f1e23fa9-87f0-44ed-a46d-c91f72a9bbd8,needs_review,forced_needs_review_candidate_fold,True,0.9707,3.5000,3.5000,4,329,,0,0,1,0,0,0,0,0
Walter Millsap,52fa3243e185495b85d959c97f0cec46,5e1a5988-d71a-4277-b38b-37293dc14697,https://musicbrainz.org/artist/5e1a5988-d71a-4277-b38b-37293dc14697,5e1a5988-d71a-4277-b38b-37293dc14697,https://musicbrainz.org/artist/5e1a5988-d71a-4277-b38b-37293dc14697,needs_review,forced_needs_review_candidate_fold,True,0.9707,3.5000,3.5000,4,434,,0,0,0,0,0,1,0,0
Warren Casey,a64d84786a0f43f5831b9961f9d8f9b2,71775cc7-2ec0-4e1f-8c7c-21cc6a8d32b7,https://musicbrainz.org/artist/71775cc7-2ec0-4e1f-8c7c-21cc6a8d32b7,71775cc7-2ec0-4e1f-8c7c-21cc6a8d32b7,https://musicbrainz.org/artist/71775cc7-2ec0-4e1f-8c7c-21cc6a8d32b7,needs_review,forced_needs_review_candidate_fold,True,0.9707,3.5000,3.5000,7,496,,0,0,0,0,0,1,0,0
Warryn Campbell,69794e113d5c46029bc974b7c74c941f,3b05658d-b83d-4c9b-8bb1-b7bb4225841b,https://musicbrainz.org/artist/3b05658d-b83d-4c9b-8bb1-b7bb4225841b,3b05658d-b83d-4c9b-8bb1-b7bb4225841b,https://musicbrainz.org/artist/3b05658d-b83d-4c9b-8bb1-b7bb4225841b,needs_review,forced_needs_review_candidate_fold,True,0.9707,3.5000,3.5000,4,455,,0,0,0,0,0,1,0,0
Wendy Waldman,5333c68b3fe9430881e18f3590b7196a,8f5ddbbf-445c-40d6-b2de-f7127057de46,https://musicbrainz.org/artist/8f5ddbbf-445c-40d6-b2de-f7127057de46,8f5ddbbf-445c-40d6-b2de-f7127057de46,https://musicbrainz.org/artist/8f5ddbbf-445c-40d6-b2de-f7127057de46,needs_review,forced_needs_review_candidate_fold,True,0.9707,3.5000,3.5000,4,599,,0,0,0,0,0,1,0,0
Wil Malone,93f9d88420ad419caa40b80f8cba976a,894861fb-efc3-42fb-93ae-b4b84adf9d52,https://musicbrainz.org/artist/894861fb-efc3-42fb-93ae-b4b84adf9d52,894861fb-efc3-42fb-93ae-b4b84adf9d52,https://musicbrainz.org/artist/894861fb-efc3-42fb-93ae-b4b84adf9d52,needs_review,forced_needs_review_candidate_fold,True,0.9707,3.5000,3.5000,9,704,,0,0,0,0,0,1,0,0
Wilburn Cole,c180084a9e8d4e5a923757fb7f9f8744,c4cb1b0e-32f1-4e3d-86af-4c2f5e5bdc44,https://musicbrainz.org/artist/c4cb1b0e-32f1-4e3d-86af-4c2f5e5bdc44,c4cb1b0e-32f1-4e3d-86af-4c2f5e5bdc44,https://musicbrainz.org/artist/c4cb1b0e-32f1-4e3d-86af-4c2f5e5bdc44,needs_review,forced_needs_review_candidate_fold,True,0.9707,3.5000,3.5000,4,460,,0,0,0,0,0,1,0,0
Will Butler,b303efe90b35484db5dea90efdf051e0,928b0e29-31d2-4c67-8377-ec93d24721b3,https://musicbrainz.org/artist/928b0e29-31d2-4c67-8377-ec93d24721b3,928b0e29-31d2-4c67-8377-ec93d24721b3,https://musicbrainz.org/artist/928b0e29-31d2-4c67-8377-ec93d24721b3,needs_review,forced_needs_review_candidate_fold,True,0.9707,3.5000,3.5000,5,414,,0,0,0,0,0,1,0,0
William Salter,e8ad5ea7e7ac442e815bfbbafb6e9cbb,e9639de1-a79e-40b6-8b01-63cfc99af292,https://musicbrainz.org/artist/e9639de1-a79e-40b6-8b01-63cfc99af292,e35083f9-551f-4480-9184-ea1bba84513a,https://musicbrainz.org/artist/e35083f9-551f-4480-9184-ea1bba84513a,needs_review,forced_needs_review_candidate_fold,False,0.9707,3.5000,3.5000,10,690,,0,0,0,0,0,1,0,0
William Stevenson,4207288b769144c9a59b26008ca41005,85fb6de0-6af9-4f30-8896-87c01d0984d5,https://musicbrainz.org/artist/85fb6de0-6af9-4f30-8896-87c01d0984d5,85fb6de0-6af9-4f30-8896-87c01d0984d5,https://musicbrainz.org/artist/85fb6de0-6af9-4f30-8896-87c01d0984d5,needs_review,forced_needs_review_candidate_fold,True,0.9707,3.5000,3.5000,6,657,,0,0,0,0,0,1,0,0
Willie Mitchell,9dad0f43c0184a4e9b998f317183ffd4,60d111b4-5541-4ac0-847c-4a81201695bc,https://musicbrainz.org/artist/60d111b4-5541-4ac0-847c-4a81201695bc,60d111b4-5541-4ac0-847c-4a81201695bc,https://musicbrainz.org/artist/60d111b4-5541-4ac0-847c-4a81201695bc,needs_review,forced_needs_review_candidate_fold,True,0.9707,3.5000,3.5000,6,720,,0,0,0,0,0,1,0,0
Willie Nelson,047b78a97e2341e7a24e06ea61935d2d,668fd73c-bf54-4310-a139-305517f05311,https://musicbrainz.org/artist/668fd73c-bf54-4310-a139-305517f05311,668fd73c-bf54-4310-a139-305517f05311,https://musicbrainz.org/artist/668fd73c-bf54-4310-a139-305517f05311,needs_review,forced_needs_review_candidate_fold,True,0.9707,3.5000,3.5000,4,368,,1,0,0,0,0,0,0,0
Win Butler,9f67dd50f23f46d6984ef15efc774189,bbc4cb65-11c9-4ae4-9b87-a7d7f2a2ede9,https://musicbrainz.org/artist/bbc4cb65-11c9-4ae4-9b87-a7d7f2a2ede9,bbc4cb65-11c9-4ae4-9b87-a7d7f2a2ede9,https://musicbrainz.org/artist/bbc4cb65-11c9-4ae4-9b87-a7d7f2a2ede9,needs_review,forced_needs_review_candidate_fold,True,0.9707,3.5000,3.5000,4,341,,0,0,0,0,0,1,0,0
Woody Guthrie,6c2bf87bf0a040e191da35c75bd25545,cbd827e1-4e38-427e-a436-642683433732,https://musicbrainz.org/artist/cbd827e1-4e38-427e-a436-642683433732,cbd827e1-4e38-427e-a436-642683433732,https://musicbrainz.org/artist/cbd827e1-4e38-427e-a436-642683433732,needs_review,forced_needs_review_candidate_fold,True,0.9707,3.5000,3.5000,4,406,,0,0,0,0,0,1,0,0
Yann Stephane Mickael Macé,24607b97447d4c46be5119edf4058784,f32f7e59-f746-4bce-a75d-8d6a375fce8c,https://musicbrainz.org/artist/f32f7e59-f746-4bce-a75d-8d6a375fce8c,2cdcabf6-a86b-4363-a9f1-84af3bc79e8f,https://musicbrainz.org/artist/2cdcabf6-a86b-4363-a9f1-84af3bc79e8f,needs_review,forced_needs_review_candidate_fold,False,0.9707,3.5000,3.5000,5,556,,0,0,0,0,0,1,0,0
Yazoo,7a37647b64334d0980262823b86667e6,42922db2-2e80-44b8-9cdf-0b3a6634c124,https://musicbrainz.org/artist/42922db2-2e80-44b8-9cdf-0b3a6634c124,42922db2-2e80-44b8-9cdf-0b3a6634c124,https://musicbrainz.org/artist/42922db2-2e80-44b8-9cdf-0b3a6634c124,needs_review,forced_needs_review_candidate_fold,True,0.9707,3.5000,3.5000,9,613,,0,0,1,0,0,0,0,0
Zalon Thompson,4313e1fd0c4b4ad988212aefc579745f,19c43212-18cf-4f02-baff-b794de3cdf02,https://musicbrainz.org/artist/19c43212-18cf-4f02-baff-b794de3cdf02,19c43212-18cf-4f02-baff-b794de3cdf02,https://musicbrainz.org/artist/19c43212-18cf-4f02-baff-b794de3cdf02,needs_review,,True,0.5000,0.0000,0.0000,3,243,,0,0,0,0,0,0,0,0
Zimbabwe Shona Mbira Music,14423edd38f14a58bfd0ee549cfe8d8e,9c0dd15b-a4f2-4555-95ee-b249559d5a2c,https://musicbrainz.org/artist/9c0dd15b-a4f2-4555-95ee-b249559d5a2c,9c0dd15b-a4f2-4555-95ee-b249559d5a2c,https://musicbrainz.org/artist/9c0dd15b-a4f2-4555-95ee-b249559d5a2c,needs_review,forced_needs_review_candidate_fold,True,0.9707,3.5000,3.5000,3,237,,0,0,1,0,0,0,0,0
Zodiac Mindwarp,c3a70f4d50de4ff889704c0f3484d1ca,667c72f6-78dc-4a04-8755-d49448a3173f,https://musicbrainz.org/artist/667c72f6-78dc-4a04-8755-d49448a3173f,667c72f6-78dc-4a04-8755-d49448a3173f,https://musicbrainz.org/artist/667c72f6-78dc-4a04-8755-d49448a3173f,needs_review,forced_needs_review_candidate_fold,True,0.9707,3.5000,3.5000,5,554,,0,0,0,0,0,1,0,0
Zoltán Kodály,5c763732b41543df83e73c06a3126d0e,f0b9f872-502d-4ff4-825e-5b97aee4f0c0,https://musicbrainz.org/artist/f0b9f872-502d-4ff4-825e-5b97aee4f0c0,f0b9f872-502d-4ff4-825e-5b97aee4f0c0,https://musicbrainz.org/artist/f0b9f872-502d-4ff4-825e-5b97aee4f0c0,needs_review,forced_needs_review_candidate_fold,True,0.8581,1.8000,1.8000,5,376,,0,0,0,1,0,0,0,0
Zucchero,f5253916147340339194ba7c2628e1f1,00ed154e-8679-42f0-8f42-e59bd7e185af,https://musicbrainz.org/artist/00ed154e-8679-42f0-8f42-e59bd7e185af,00ed154e-8679-42f0-8f42-e59bd7e185af,https://musicbrainz.org/artist/00ed154e-8679-42f0-8f42-e59bd7e185af,needs_review,forced_needs_review_candidate_fold,True,0.9707,3.5000,3.5000,3,274,,0,0,1,0,0,0,0,0
[dialogue],3fd6fe2949804237a3b0849e9e5f5692,314e1c25-dde7-4e4d-b2f4-0a7b9f7c56dc,https://musicbrainz.org/artist/314e1c25-dde7-4e4d-b2f4-0a7b9f7c56dc,314e1c25-dde7-4e4d-b2f4-0a7b9f7c56dc,https://musicbrainz.org/artist/314e1c25-dde7-4e4d-b2f4-0a7b9f7c56dc,needs_review,forced_needs_review_candidate_fold,True,0.9707,3.5000,3.5000,17,1601,,0,0,1,0,0,0,0,0
[traditional],9e8a054a20544995a3be635d835b582e,9be7f096-97ec-4615-8957-8d40b5dcbc41,https://musicbrainz.org/artist/9be7f096-97ec-4615-8957-8d40b5dcbc41,9be7f096-97ec-4615-8957-8d40b5dcbc41,https://musicbrainz.org/artist/9be7f096-97ec-4615-8957-8d40b5dcbc41,needs_review,forced_needs_review_candidate_fold,True,0.9707,3.5000,3.5000,7,679,,0,0,0,0,0,1,0,0
Łukasz Gottwald,d3857a875ebb469a92df4e0442a34d51,b67bf15d-03c3-40a4-9d17-769a964d5005,https://musicbrainz.org/artist/b67bf15d-03c3-40a4-9d17-769a964d5005,b67bf15d-03c3-40a4-9d17-769a964d5005,https://musicbrainz.org/artist/b67bf15d-03c3-40a4-9d17-769a964d5005,needs_review,forced_needs_review_candidate_fold,True,0.9707,3.5000,3.5000,4,430,,0,0,0,0,0,1,0,0
